"Row","player","team","position","id","avg_type","pass_yds","pass_yds_sd","pass_tds","pass_tds_sd","pass_int","pass_int_sd","rush_att","rush_att_sd","rush_yds","rush_yds_sd","rush_tds","rush_tds_sd","fumbles_lost","fumbles_lost_sd","two_pts","two_pts_sd","return_tds","return_tds_sd","rec","rec_sd","rec_yds","rec_yds_sd","rec_tds","rec_tds_sd","return_yds","return_yds_sd","idp_solo","idp_solo_sd","idp_sack","idp_sack_sd","idp_int","idp_int_sd","idp_pd","idp_pd_sd","idp_td","idp_td_sd","birthdate","draft_year","injury_status","injury_details","season_year","week"
"1","Joe Burrow","CIN","QB","14777","robust",4623.5,190.5141,37.5,3.7065,10.3,1.4826,50.4478162323089,4.29954,191.25,18.45837,2,0.37065,3.78125,0.0185324999999999,0,NA,0,NA,NA,NA,NA,NA,NA,NA,NA,NA,NA,NA,NA,NA,NA,NA,NA,NA,NA,NA,1970-01-01,2020,NA,NA,NA,NA
"2","Tua Tagovailoa","MIA","QB","14778","robust",4071.85,400.59852,26.725,2.89107,11,1.4826,29.4913109951977,6.21109957845092,88.85,17.0499,0.725,0.22239,3.325,0.2038575,0,NA,0,NA,NA,NA,NA,NA,NA,NA,NA,NA,NA,NA,NA,NA,NA,NA,NA,NA,NA,NA,1970-01-01,2020,NA,NA,NA,NA
"3","Brock Purdy","SF","QB","15698","robust",4173.1,243.44292,27.575,1.4826,12.425,1.40847,62.8,3.85476,274,27.57636,3.2,0.29652,2.6625,0.0370650000000002,0,NA,0,NA,NA,NA,NA,NA,NA,NA,NA,NA,NA,NA,NA,NA,NA,NA,NA,NA,NA,NA,1999-12-27,2022,NA,NA,NA,NA
"4","Jared Goff","DET","QB","12611","robust",4374,64.4931,31,3.7065,11.5,0.7413,33.425,0.963689999999998,61.25,10.30407,0.5,0.29652,2.6,0.0741300000000001,0,NA,0,NA,NA,NA,NA,NA,NA,NA,NA,NA,NA,NA,NA,NA,NA,NA,NA,NA,NA,NA,1994-10-14,2016,NA,NA,NA,NA
"5","Matthew Stafford","LAR","QB","9431","robust",4079,221.6487,26.25,2.59455,10,2.9652,27.0114615477735,7.37901421854205,49.85,16.3086,0.5,0.66717,2.4,0.29652,0,NA,0,NA,NA,NA,NA,NA,NA,NA,NA,NA,NA,NA,NA,NA,NA,NA,NA,NA,NA,NA,1988-02-07,2009,"Q","Back",2025,0
"6","Baker Mayfield","TB","QB","13590","robust",4225.5,106.0059,33.75,2.9652,14.075,1.03782,61,2.07564,282.25,48.1845,2.3,0.0741300000000001,3.6625,0.0370650000000002,0,NA,0,NA,NA,NA,NA,NA,NA,NA,NA,NA,NA,NA,NA,NA,NA,NA,NA,NA,NA,NA,1995-04-14,2018,NA,NA,NA,NA
"7","Dak Prescott","DAL","QB","12620","robust",4174.575,241.6638,28.65,2.2239,12,1.40847,39.9272523731637,6.52344,163.75,39.2889,1.95,0,2.5,0.37065,0,NA,0,NA,NA,NA,NA,NA,NA,NA,NA,NA,NA,NA,NA,NA,NA,NA,NA,NA,NA,NA,1993-07-29,2016,NA,NA,NA,NA
"8","C.J. Stroud","HOU","QB","16150","robust",4010.5,149.7426,25.225,2.2239,10.55,0.59304,51,6.17297669801815,235.275,31.1346,1.5,0.7413,3.55,0.0370649999999999,0,NA,0,NA,NA,NA,NA,NA,NA,NA,NA,NA,NA,NA,NA,NA,NA,NA,NA,NA,NA,NA,2001-10-03,2023,NA,NA,NA,NA
"9","Patrick Mahomes","KC","QB","13116","robust",4231.5,54.1149,31,1.4826,12,0,69.2330180450762,4.05337489273995,342.25,13.3434,2.45,0.14826,2.05625,0.0555975000000001,0,NA,0,NA,NA,NA,NA,NA,NA,NA,NA,NA,NA,NA,NA,NA,NA,NA,NA,NA,NA,NA,NA,2017,NA,NA,NA,NA
"10","Trevor Lawrence","JAC","QB","15237","robust",3987,186.0663,24.575,2.2239,13,0.889559999999999,54.8325792783042,0.837904076027512,248,16.3086,3.5,0.7413,3.94375,0.0555975000000001,0,NA,0,NA,NA,NA,NA,NA,NA,NA,NA,NA,NA,NA,NA,NA,NA,NA,NA,NA,NA,NA,1970-01-01,2021,NA,NA,NA,NA
"11","Geno Smith","LVR","QB","11150","robust",3980.65,339.5154,22.5,0.889559999999999,12.625,1.85325,54.15,4.70868805541744,241.25,8.8956,1.85,0,2.1,0.37065,0,NA,0,NA,NA,NA,NA,NA,NA,NA,NA,NA,NA,NA,NA,NA,NA,NA,NA,NA,NA,NA,1990-10-10,2013,NA,NA,NA,NA
"12","Josh Allen","BUF","QB","13589","robust",3861.5,107.4885,29.575,2.44629,10,1.11195,111.625,10.22994,560.25,34.8411,11.4,1.4826,2.75625,0.2409225,0,NA,0,NA,NA,NA,NA,NA,NA,NA,NA,NA,NA,NA,NA,NA,NA,NA,NA,NA,NA,NA,1996-05-21,2018,NA,NA,NA,NA
"13","Caleb Williams","CHI","QB","16579","robust",3774.65,62.7139800000003,24.75,1.03782,10,0.96369,83.643730404345,7.49642530251805,477.5,47.4432,2,1.4826,4.75,0.185325,0,NA,0,NA,NA,NA,NA,NA,NA,NA,NA,NA,NA,NA,NA,NA,NA,NA,NA,NA,NA,NA,2001-11-18,2024,NA,NA,NA,NA
"14","J.J. McCarthy","MIN","QB","16584","robust",3961.75,86.7321,27.025,1.55673,14,1.4826,62.8977197908675,5.9304,267.775,67.53243,2,1.11195,3.74375,0.0555975000000001,0,NA,0,NA,NA,NA,NA,NA,NA,NA,NA,NA,NA,NA,NA,NA,NA,NA,NA,NA,NA,NA,2003-01-20,2024,NA,NA,NA,NA
"15","Lamar Jackson","BAL","QB","13593","robust",3850.5,205.3401,33.675,3.33585,7.775,1.85325,138.5,4.67019000000001,849,25.2042,3.95,0.0741300000000001,4.575,0.0555975000000001,0,NA,0,NA,NA,NA,NA,NA,NA,NA,NA,NA,NA,NA,NA,NA,NA,NA,NA,NA,NA,NA,1997-01-07,2018,NA,NA,NA,NA
"16","Justin Herbert","LAC","QB","14779","robust",3943,169.7577,26,1.4826,8,2.2239,64.6,1.77912,275,14.0847,2.625,0.29652,2.1375,0.0370649999999999,0,NA,0,NA,NA,NA,NA,NA,NA,NA,NA,NA,NA,NA,NA,NA,NA,NA,NA,NA,NA,NA,1970-01-01,2020,NA,NA,NA,NA
"17","Michael Penix Jr.","ATL","QB","16583","robust",3875.75,255.7485,23.5,0.444780000000001,13.1,0.889559999999999,49.025,9.11799,175.6,33.06198,2.025,0.0741300000000001,2.675,0.1297275,0,NA,0,NA,NA,NA,NA,NA,NA,NA,NA,NA,NA,NA,NA,NA,NA,NA,NA,NA,NA,NA,2000-05-08,2024,NA,NA,NA,NA
"18","Jayden Daniels","WAS","QB","16581","robust",3794.275,157.1556,27.5,2.2239,10.45,0.7413,146.2,7.413,814,51.1497,5.9,0.7413,1.675,0.5003775,0,NA,0,NA,NA,NA,NA,NA,NA,NA,NA,NA,NA,NA,NA,NA,NA,NA,NA,NA,NA,NA,2000-12-18,2024,NA,NA,NA,NA
"19","Kyler Murray","ARI","QB","14056","robust",3820.75,122.3145,24.5,3.33585,11,0.889559999999999,88.1596515243187,4.91438171946089,554.25,39.2889,4.95,0.0741299999999997,3.475,0.2409225,0,NA,0,NA,NA,NA,NA,NA,NA,NA,NA,NA,NA,NA,NA,NA,NA,NA,NA,NA,NA,NA,1970-01-01,2019,NA,NA,NA,NA
"20","Jordan Love","GB","QB","14782","robust",3910.55,148.11174,27.6,2.2239,11.8,0.889559999999999,40.2601289675781,3.92456888555997,157.125,11.8608,1.95,0,2,0.37065,0,NA,0,NA,NA,NA,NA,NA,NA,NA,NA,NA,NA,NA,NA,NA,NA,NA,NA,NA,NA,NA,1970-01-01,2020,NA,NA,NA,NA
"21","Sam Darnold","SEA","QB","13592","robust",3741.25,254.48829,23.25,1.4826,13.275,2.2239,57.925,7.52297098525561,194.8,13.78818,1.65,0.7413,2.9625,0.0370649999999999,0,NA,0,NA,NA,NA,NA,NA,NA,NA,NA,NA,NA,NA,NA,NA,NA,NA,NA,NA,NA,NA,1997-06-05,2018,NA,NA,NA,NA
"22","Aaron Rodgers","PIT","QB","7836","robust",3783.75,123.7971,24.725,3.63237,10.5,1.11195,28.4847524750328,4.49301196103259,96.8,23.27682,1,1.40847,2.85,0.0370650000000002,0,NA,0,NA,NA,NA,NA,NA,NA,NA,NA,NA,NA,NA,NA,NA,NA,NA,NA,NA,NA,NA,1983-12-02,2005,NA,NA,NA,NA
"23","Bo Nix","DEN","QB","16582","robust",3763.25,180.8772,27.5,2.2239,12.075,0.963689999999999,90.8241293558291,7.29825964544869,438.675,40.25259,3.5,0.37065,1.475,0.3891825,0,NA,0,NA,NA,NA,NA,NA,NA,NA,NA,NA,NA,NA,NA,NA,NA,NA,NA,NA,NA,NA,2000-02-25,2024,NA,NA,NA,NA
"24","Bryce Young","CAR","QB","16148","robust",3544.75,214.977,22.5,3.7065,11.5,1.11195,50.863516901126,2.78841506259314,295,2.9652,4,0.37065,3.40625,0.0926625,0,NA,0,NA,NA,NA,NA,NA,NA,NA,NA,NA,NA,NA,NA,NA,NA,NA,NA,NA,NA,NA,2001-07-25,2023,NA,NA,NA,NA
"25","Cam Ward","TEN","QB","17030","robust",3466.85,216.75612,21.7,1.63086,13.225,1.4826,70.6239717239569,20.68227,297.875,92.29185,2,1.03782,3.98125,0.0185325000000003,0,NA,0,NA,NA,NA,NA,NA,NA,NA,NA,NA,NA,NA,NA,NA,NA,NA,NA,NA,NA,NA,2002-05-25,2025,NA,NA,NA,NA
"26","Kirk Cousins","ATL","QB","10700","robust",1771.5,650.8614,10,5.85627,6,3.85476,6.75,6.00453,21.5,24.98181,0,0,0.666666666666667,0.04942,0,NA,0,NA,NA,NA,NA,NA,NA,NA,NA,NA,NA,NA,NA,NA,NA,NA,NA,NA,NA,NA,1988-08-19,2012,NA,NA,NA,NA
"27","Drake Maye","NE","QB","16580","robust",3524.25,156.4143,23,1.4826,12.95,0.963689999999999,79.725,6.6717,513,53.3736,3,0.29652,5.075,0.0741299999999997,0,NA,0,NA,NA,NA,NA,NA,NA,NA,NA,NA,NA,NA,NA,NA,NA,NA,NA,NA,NA,NA,2002-08-30,2024,NA,NA,NA,NA
"28","Jalen Hurts","PHI","QB","14783","robust",3430.05,175.76223,22.925,1.26021,8,1.4826,150.7,4.15128000000002,652.25,63.7518,13,1.4826,3.80625,0.0926625,0,NA,0,NA,NA,NA,NA,NA,NA,NA,NA,NA,NA,NA,NA,NA,NA,NA,NA,NA,NA,NA,1970-01-01,2020,NA,NA,NA,NA
"29","Russell Wilson","NYG","QB","10703","robust",2778.725,481.02957,16.25,2.9652,8.025,2.89107,46.55,8.67399282618422,188.65,40.99389,2,0.14826,3.4,0.44478,0,NA,0,NA,NA,NA,NA,NA,NA,NA,NA,NA,NA,NA,NA,NA,NA,NA,NA,NA,NA,NA,1988-11-29,2012,NA,NA,NA,NA
"30","Justin Fields","NYJ","QB","15238","robust",3275.25,174.72441,19.55,3.7065,10.6,1.4826,133.414095920642,27.160494536721,755.2,77.98476,6,1.4826,2.55,0.852495,0,NA,0,NA,NA,NA,NA,NA,NA,NA,NA,NA,NA,NA,NA,NA,NA,NA,NA,NA,NA,NA,1970-01-01,2021,NA,NA,NA,NA
"31","Anthony Richardson","IND","QB","16152","robust",2361.6,730.1805,14,5.9304,11,2.9652,100.445539261894,21.4240716874874,531,147.5187,5.5,0.88956,3.775,0.1667925,0,NA,0,NA,NA,NA,NA,NA,NA,NA,NA,NA,NA,NA,NA,NA,NA,NA,NA,NA,NA,NA,2002-05-22,2023,NA,NA,NA,NA
"32","Spencer Rattler","NO","QB","16586","robust",1425.6,688.96422,6.975,2.9652,5.175,1.4826,20.907400192,3.0612730493184,125.2,14.826,0.5,0.29652,2.1875,0.185325,0,NA,0,NA,NA,NA,NA,NA,NA,NA,NA,NA,NA,NA,NA,NA,NA,NA,NA,NA,NA,NA,2000-09-28,2024,NA,NA,NA,NA
"33","Tyler Shough","NO","QB","17039","robust",2268.5,652.93704,13,1.4826,9.25,1.4826,46.0510978075114,3.85476,186.8,31.1346,1.475,0.59304,2.625,1.11195,0,NA,0,NA,NA,NA,NA,NA,NA,NA,NA,NA,NA,NA,NA,NA,NA,NA,NA,NA,NA,NA,1999-09-28,2025,NA,NA,NA,NA
"34","Joe Flacco","CLE","QB","9064","robust",1932.25,387.03273,11.5,NA,7.55,NA,9.58822356077812,NA,24.4285714285714,25.9455,0.0928571428571429,0,3.13125,0.1297275,0,NA,0,NA,NA,NA,NA,NA,NA,NA,NA,NA,NA,NA,NA,NA,NA,NA,NA,NA,NA,NA,1985-01-16,2008,NA,NA,NA,NA
"35","Daniel Jones","IND","QB","14059","robust",1416.175,731.73723,7.575,4.00302,4.5,1.4826,40.175,20.9274549076263,189.4,93.4038,1.5,0.51891,1.65,0.185325,0,NA,0,NA,NA,NA,NA,NA,NA,NA,NA,NA,NA,NA,NA,NA,NA,NA,NA,NA,NA,NA,1970-01-01,2019,NA,NA,NA,NA
"36","Kenny Pickett","CLE","QB","15692","robust",998,896.37996,4.5,3.63237,3.5,3.18759,17,16.7386916104915,46.6,42.2541,0.9,0.7413,1.225,0.333585,0,NA,0,NA,NA,NA,NA,NA,NA,NA,NA,NA,NA,NA,NA,NA,NA,NA,NA,NA,NA,NA,1998-06-06,2022,"Q","Hamstring",2025,0
"37","Jaxson Dart","NYG","QB","17032","robust",703.75,599.41518,4.225,2.9652,2.925,1.77912,11.0158429123619,10.3782,49.025,45.9606,0.7,0.44478,0.6,0.44478,0,NA,0,NA,NA,NA,NA,NA,NA,NA,NA,NA,NA,NA,NA,NA,NA,NA,NA,NA,NA,NA,2003-05-13,2025,NA,NA,NA,NA
"38","Shedeur Sanders","CLE","QB","17031","robust",754.5,357.3066,4.075,2.2239,2.675,0.81543,11.0862554301528,7.413,39.75,22.9803,0.5,0.328037592980618,0.425,0.2038575,0,NA,0,NA,NA,NA,NA,NA,NA,NA,NA,NA,NA,NA,NA,NA,NA,NA,NA,NA,NA,NA,2002-02-07,2025,NA,NA,NA,NA
"39","Deshaun Watson","CLE","QB","13113","robust",839.25,1008.168,6.3,3.7065,5.3,2.2239,12.6,8.8956,60.75,28.1694,0.175,0,2.3,3.40998,0,NA,0,NA,NA,NA,NA,NA,NA,NA,NA,NA,NA,NA,NA,NA,NA,NA,NA,NA,NA,NA,1995-09-14,2017,"O","Achilles",2025,0
"40","Dillon Gabriel","CLE","QB","17037","robust",723.25,601.9356,4,3.55824,2.1,1.4826,8.95,5.04084,37.025,28.1694,0.331042851226452,0.184096524913351,0.45,0.51891,0,NA,0,NA,NA,NA,NA,NA,NA,NA,NA,NA,NA,NA,NA,NA,NA,NA,NA,NA,NA,NA,2000-12-28,2025,"Q","Hamstring",2025,0
"41","Aidan O'Connell","LVR","QB","16159","robust",443.2,225.3552,3.55,1.4826,1.45,1.4826,4,2.9652,10.65,4.4478,0,0,0.766666666666667,0.69188,0,NA,0,NA,NA,NA,NA,NA,NA,NA,NA,NA,NA,NA,NA,NA,NA,NA,NA,NA,NA,NA,1998-09-01,2023,NA,NA,NA,NA
"42","Jameis Winston","NYG","QB","12140","robust",454,171.38856,3,1.85325,2,1.26021,4.75,2.19402473504273,18,10.52646,0.0184615384615385,0,0.1,0.07413,0,NA,0,NA,NA,NA,NA,NA,NA,NA,NA,NA,NA,NA,NA,NA,NA,NA,NA,NA,NA,NA,1994-01-06,2015,NA,NA,NA,NA
"43","Mason Rudolph","PIT","QB","13595","robust",380.5,183.32349,1.95,1.55673,1,1.26021,9.4,9.6369,36.5,31.1346,0.15,0,0.333333333333333,0.2471,0,NA,0,NA,NA,NA,NA,NA,NA,NA,NA,NA,NA,NA,NA,NA,NA,NA,NA,NA,NA,NA,1995-07-17,2018,NA,NA,NA,NA
"44","Will Levis","TEN","QB","16149","robust",568,207.564,5.1,3.11346,4.55,3.78063,11.4,6.52344,41,11.8608,0,0,6,0,NA,NA,NA,NA,NA,NA,NA,NA,NA,NA,NA,NA,NA,NA,NA,NA,NA,NA,NA,NA,NA,NA,1999-06-27,2023,"IR","Shoulder",2025,0
"45","Gardner Minshew","KC","QB","14067","robust",302,116.3841,2,1.33434,1.25,1.4826,4,1.4826,15,7.85778,0,0,1.43333333333333,0.64246,0,NA,0,NA,NA,NA,NA,NA,NA,NA,NA,NA,NA,NA,NA,NA,NA,NA,NA,NA,NA,NA,1970-01-01,2019,NA,NA,NA,NA
"46","Jake Browning","CIN","QB","14358","robust",280.5,117.79257,2.75,1.40847,0.85,0.7413,3,0.96369,15.55,5.1891,0,0,0,0,0,NA,0,NA,NA,NA,NA,NA,NA,NA,NA,NA,NA,NA,NA,NA,NA,NA,NA,NA,NA,NA,1970-01-01,2019,NA,NA,NA,NA
"47","Marcus Mariota","WAS","QB","12141","robust",292.65,180.8772,2.05,1.4826,0.5,0.44478,12,5.1891,60.5,23.27682,0.5,0,0,0,0,NA,0,NA,NA,NA,NA,NA,NA,NA,NA,NA,NA,NA,NA,NA,NA,NA,NA,NA,NA,NA,1993-10-30,2015,"Q","Lower Leg",2025,0
"48","Cooper Rush","BAL","QB","13124","robust",167,24.53703,1,0.14826,0.85,0.7413,5.5,2.14977,18.6,11.1195,0,0,0.525,0.19768,0,NA,0,NA,NA,NA,NA,NA,NA,NA,NA,NA,NA,NA,NA,NA,NA,NA,NA,NA,NA,NA,NA,2017,NA,NA,NA,NA
"49","Tyrod Taylor","NYJ","QB","10413","robust",224.3,115.34628,1,0.14826,0.975,1.33434,5.725,1.63086,29.5,8.8956,0,0,0.475,0.037065,0,NA,0,NA,NA,NA,NA,NA,NA,NA,NA,NA,NA,NA,NA,NA,NA,NA,NA,NA,NA,NA,1989-08-03,2011,"Q","Knee",2025,0
"50","Andy Dalton","CAR","QB","10313","robust",184.25,52.48404,2.075,1.40847,1.075,0.29652,3.15,0.7413,11.25,2.52042,0,0,0,0,0,NA,0,NA,NA,NA,NA,NA,NA,NA,NA,NA,NA,NA,NA,NA,NA,NA,NA,NA,NA,NA,1987-10-29,2011,NA,NA,NA,NA
"51","Drew Lock","SEA","QB","14057","robust",152.3,109.7124,0.925,0.59304,0.925,0.66717,2.9,2.07564,11.375,7.78365,0,0,0,0,0,NA,0,NA,NA,NA,NA,NA,NA,NA,NA,NA,NA,NA,NA,NA,NA,NA,NA,NA,NA,NA,1970-01-01,2019,NA,NA,NA,NA
"52","Jimmy Garoppolo","LAR","QB","11760","robust",206,150.92868,1.5,1.03782,0.5,0.7413,1.6,2.07564,6,8.74734,0,0,0,0,0,NA,0,NA,NA,NA,NA,NA,NA,NA,NA,NA,NA,NA,NA,NA,NA,NA,NA,NA,NA,NA,1991-11-02,2014,NA,NA,NA,NA
"53","Joshua Dobbs","NE","QB","13119","robust",269,135.95442,2,1.33434,1.5,0.29652,4,1.4826,21,7.85778,0,0,0.166666666666667,0.2471,0,NA,0,NA,NA,NA,NA,NA,NA,NA,NA,NA,NA,NA,NA,NA,NA,NA,NA,NA,NA,NA,1995-01-26,2017,NA,NA,NA,NA
"54","Davis Mills","HOU","QB","15252","robust",207.75,28.1694,1.875,0.44478,0.575,0.59304,4.15,2.81694,16.65,5.9304,0,0,0,0,0,NA,0,NA,NA,NA,NA,NA,NA,NA,NA,NA,NA,NA,NA,NA,NA,NA,NA,NA,NA,NA,1970-01-01,2021,NA,NA,NA,NA
"55","Malik Willis","GB","QB","15694","robust",270.5,149.89086,2.05,1.4826,0.5,0.44478,9,1.63086,35.5,14.52948,0.15,0,0.766666666666667,1.13666,0,NA,0,NA,NA,NA,NA,NA,NA,NA,NA,NA,NA,NA,NA,NA,NA,NA,NA,NA,NA,NA,1999-05-25,2022,NA,NA,NA,NA
"56","Jacoby Brissett","ARI","QB","12616","robust",231,95.92422,1,0,0.75,0.59304,4,2.37216,18.45,5.9304,0,0,0.1,0.14826,0,NA,0,NA,NA,NA,NA,NA,NA,NA,NA,NA,NA,NA,NA,NA,NA,NA,NA,NA,NA,NA,1992-12-11,2016,NA,NA,NA,NA
"57","Mac Jones","SF","QB","15241","robust",236.5,29.652,1.55,0.14826,1,0.14826,3.5,1.92738,12.7,5.9304,0,0,0.0666666666666667,0.09884,0,NA,0,NA,NA,NA,NA,NA,NA,NA,NA,NA,NA,NA,NA,NA,NA,NA,NA,NA,NA,NA,1970-01-01,2021,NA,NA,NA,NA
"58","Sam Howell","MIN","QB","15693","robust",200.25,51.52035,1.775,0.7413,1,0.22239,4.69915151515151,1.70499,18.4,6.96822,0.126,0.1245384,0.225,0.22239,0,NA,0,NA,NA,NA,NA,NA,NA,NA,NA,NA,NA,NA,NA,NA,NA,NA,NA,NA,NA,NA,2000-09-16,2022,NA,NA,NA,NA
"59","Mitchell Trubisky","BUF","QB","13115","robust",153.75,18.16185,1,0.22239,0.3,0.29652,8.75,5.48562,19.125,9.26625,0,0,0.125,0.12355,0,NA,0,NA,NA,NA,NA,NA,NA,NA,NA,NA,NA,NA,NA,NA,NA,NA,NA,NA,NA,NA,1994-08-20,2017,NA,NA,NA,NA
"60","Zach Wilson","MIA","QB","15239","robust",167.3,48.9258,1.175,0.14826,0.575,0.44478,3.8,1.18608,11.65,6.07866,0,0,0.075,0.07413,0,NA,0,NA,NA,NA,NA,NA,NA,NA,NA,NA,NA,NA,NA,NA,NA,NA,NA,NA,NA,NA,1970-01-01,2021,NA,NA,NA,NA
"61","Joe Milton","DAL","QB","16585","robust",169.525,37.065,1.4,0.7413,0.3,0.29652,3.75,1.33434,12.925,4.4478,0,0,0.025,0.02471,0,NA,0,NA,NA,NA,NA,NA,NA,NA,NA,NA,NA,NA,NA,NA,NA,NA,NA,NA,NA,NA,2000-03-06,2024,"Q","Elbow",2025,0
"62","Nick Mullens","JAC","QB","13968","robust",185.875,22.9803,1.25,0.44478,1.125,0.44478,4.325,2.81694,12.925,5.9304,0,0,0,0,0,NA,0,NA,NA,NA,NA,NA,NA,NA,NA,NA,NA,NA,NA,NA,NA,NA,NA,NA,NA,NA,1970-01-01,2017,NA,NA,NA,NA
"63","Case Keenum","CHI","QB","10948","robust",165.475,81.69126,1.15,0.59304,0.3,0.14826,2.025,1.33434,4.35,2.37216,0,0,0,0,0,NA,0,NA,NA,NA,NA,NA,NA,NA,NA,NA,NA,NA,NA,NA,NA,NA,NA,NA,NA,NA,1988-02-12,2012,NA,NA,NA,NA
"64","Tyler Huntley","CLE","QB","14789","robust",147,148.26,1,1.4826,0.5,0.7413,5.5,8.1543,25.75,32.98785,0,0,0,0,NA,NA,NA,NA,NA,NA,NA,NA,NA,NA,NA,NA,NA,NA,NA,NA,NA,NA,NA,NA,NA,NA,NA,2020,NA,NA,NA,NA
"65","Tanner McKee","PHI","QB","15702","robust",157.45,7.70952,2.2,0.44478,0.375,0.44478,9.025,4.29954,16,1.4826,0.1,0,0,0,0,NA,0,NA,NA,NA,NA,NA,NA,NA,NA,NA,NA,NA,NA,NA,NA,NA,NA,NA,NA,NA,2000-04-27,2023,NA,NA,NA,NA
"66","Taylor Heinicke","LAC","QB","12476","robust",162.675,53.3736,1.075,1.18608,0.55,0.44478,3.225,3.85476,17.275,17.64294,0,0,0,0,0,NA,0,NA,NA,NA,NA,NA,NA,NA,NA,NA,NA,NA,NA,NA,NA,NA,NA,NA,NA,NA,NA,NA,NA,NA,NA,NA
"67","Jalen Milroe","SEA","QB","17033","robust",149.625,60.91015,1,NA,1,NA,14.6713084374069,NA,79.65,60.7866,0.875867921968458,0.368076437779127,0.3125,0.037065,0,NA,0,NA,NA,NA,NA,NA,NA,NA,NA,NA,NA,NA,NA,NA,NA,NA,NA,NA,NA,NA,2002-12-13,2025,NA,NA,NA,NA
"68","Hendon Hooker","DET","QB","16151","robust",140.3,58.41444,0.95,0.14826,0.25,0.14826,5.275,3.55824,8.7,2.37216,0,0,0,0,0,NA,0,NA,NA,NA,NA,NA,NA,NA,NA,NA,NA,NA,NA,NA,NA,NA,NA,NA,NA,NA,1998-01-13,2023,NA,NA,NA,NA
"69","Tyson Bagent","CHI","QB","16384","robust",141.925,22.239,1.125,0.44478,0.45,0.44478,6.85,3.7065,14.15,9.93342,0.25,0,0.275,0,0,NA,0,NA,NA,NA,NA,NA,NA,NA,NA,NA,NA,NA,NA,NA,NA,NA,NA,NA,NA,NA,2000-06-08,2023,NA,NA,NA,NA
"70","Jarrett Stidham","DEN","QB","14063","robust",107.85,21.94248,0.725,0.29652,0.15,0.14826,5.325,2.66868,11.35,6.22692,0,0,0,0,0,NA,0,NA,NA,NA,NA,NA,NA,NA,NA,NA,NA,NA,NA,NA,NA,NA,NA,NA,NA,NA,1970-01-01,2019,NA,NA,NA,NA
"71","Brandon Allen","TEN","QB","12621","robust",132.35,12.82449,0.85,0.22239,0.85,0.22239,3.05,1.40847,8.8,3.26172,0,0,0,0,NA,NA,NA,NA,NA,NA,NA,NA,NA,NA,NA,NA,NA,NA,NA,NA,NA,NA,NA,NA,NA,NA,1992-09-05,2016,NA,NA,NA,NA
"72","Trey Lance","LAC","QB","15240","robust",89.9,46.99842,0.075,0,0.075,0,2.125,2.2239,12.25,1.4826,0,0,0,0,0,NA,0,NA,NA,NA,NA,NA,NA,NA,NA,NA,NA,NA,NA,NA,NA,NA,NA,NA,NA,NA,1970-01-01,2021,NA,NA,NA,NA
"73","Jake Haener","NO","QB","16156","robust",69.25,97.1103,0.525,0.59304,0.5,0.7413,6.45,3.7065,11.5,17.0499,0,0,0,0,0,NA,0,NA,NA,NA,NA,NA,NA,NA,NA,NA,NA,NA,NA,NA,NA,NA,NA,NA,NA,NA,1999-03-16,2023,NA,NA,NA,NA
"74","Dorian Thompson-Robinson","PHI","QB","16158","robust",74.5,86.7321,0.2,0.29652,0.65,0.51891,3.15,2.74281,13.5,14.0847,0,0,0.1,0,NA,NA,NA,NA,NA,NA,NA,NA,NA,NA,NA,NA,NA,NA,NA,NA,NA,NA,NA,NA,NA,NA,1999-11-14,2023,NA,NA,NA,NA
"75","Josh Johnson","WAS","QB","9207","robust",96.75,47.81385,0.75,0.37065,0,0,3.75,1.85325,6,2.9652,0,0,0,0,NA,NA,NA,NA,NA,NA,NA,NA,NA,NA,NA,NA,NA,NA,NA,NA,NA,NA,NA,NA,NA,NA,1986-05-15,2008,NA,NA,NA,NA
"76","Quinn Ewers","MIA","QB","17034","robust",117.35,12.82449,0.85,0.22239,0.15,0.22239,1.5,0.7413,8.35,0.96369,0,0,0,0,NA,NA,NA,NA,NA,NA,NA,NA,NA,NA,NA,NA,NA,NA,NA,NA,NA,NA,NA,NA,NA,NA,2003-05-13,2025,NA,NA,NA,NA
"77","Cam Miller","LVR","QB","17240","robust",93,45.9606,0.75,0.37065,0,0,1.5,0.7413,5.25,2.59455,0,0,0,0,NA,NA,NA,NA,NA,NA,NA,NA,NA,NA,NA,NA,NA,NA,NA,NA,NA,NA,NA,NA,NA,NA,2001-06-18,2025,NA,NA,NA,NA
"78","Kyle Trask","TB","QB","15242","robust",65.1,81.69126,0.45,0.37065,0.35,0.37065,6.4,9.04386,2.25,3.33585,0,0,0,0,NA,NA,NA,NA,NA,NA,NA,NA,NA,NA,NA,NA,NA,NA,NA,NA,NA,NA,NA,NA,NA,NA,1970-01-01,2021,NA,NA,NA,NA
"79","Graham Mertz","HOU","QB","17227","robust",90,44.478,0.75,0.37065,0,0,1.5,0.7413,6,2.9652,0,0,0,0,NA,NA,NA,NA,NA,NA,NA,NA,NA,NA,NA,NA,NA,NA,NA,NA,NA,NA,NA,NA,NA,NA,2000-12-06,2025,NA,NA,NA,NA
"80","Will Howard","PIT","QB","17036","robust",85.5,42.2541,0.75,0.37065,0,0,1.5,0.7413,6,2.9652,0,0,0,0,NA,NA,NA,NA,NA,NA,NA,NA,NA,NA,NA,NA,NA,NA,NA,NA,NA,NA,NA,NA,NA,NA,2001-09-24,2025,"Q","Hand",2025,0
"81","Kyle McCord","PHI","QB","17038","robust",77.25,38.17695,0.75,0.37065,0,0,2.25,1.11195,10.5,5.1891,0,0,0,0,NA,NA,NA,NA,NA,NA,NA,NA,NA,NA,NA,NA,NA,NA,NA,NA,NA,NA,NA,NA,NA,NA,2002-09-19,2025,NA,NA,NA,NA
"82","Riley Leonard","IND","QB","17035","robust",77.25,38.17695,0.75,0.37065,0.75,0.37065,1.5,0.7413,7.5,3.7065,0,0,0,0,NA,NA,NA,NA,NA,NA,NA,NA,NA,NA,NA,NA,NA,NA,NA,NA,NA,NA,NA,NA,NA,NA,2002-09-13,2025,NA,NA,NA,NA
"83","Clayton Tune","ARI","QB","16160","robust",40.25,54.1149,0.5,0.7413,0,0,3.275,0.44478,3.25,2.9652,0,0,0.5,0.7413,0,NA,0,NA,NA,NA,NA,NA,NA,NA,NA,NA,NA,NA,NA,NA,NA,NA,NA,NA,NA,NA,1999-03-23,2023,NA,NA,NA,NA
"84","Saquon Barkley","PHI","RB","13604","robust",NA,NA,NA,NA,NA,NA,329.666295590337,5.21491031553331,1699,80.8017,12.25,0.889559999999999,1.35,0.0370649999999999,0,NA,0,NA,38.825,4.15128,296.55,29.80026,2,0,0,0,NA,NA,NA,NA,NA,NA,NA,NA,NA,NA,1997-02-07,2018,NA,NA,NA,NA
"85","Derrick Henry","BAL","RB","12626","robust",NA,NA,NA,NA,NA,NA,297.481643138755,8.8956,1537.875,50.03775,13.5,0.227235098039216,1.325,0.0555975,0,NA,0,NA,18,0.815430000000001,165.25,31.8759,1,0,18,0,NA,NA,NA,NA,NA,NA,NA,NA,NA,NA,1994-07-17,2016,NA,NA,NA,NA
"86","Jonathan Taylor","IND","RB","14802","robust",NA,NA,NA,NA,NA,NA,298.65,10.8237853270976,1387.75,40.8456299999999,10.8246575342466,1.77912,1.4,0.14826,0,NA,0,NA,24.95,4.4478,188.5,42.9954,1.05,0,7,0,NA,NA,NA,NA,NA,NA,NA,NA,NA,NA,1970-01-01,2020,NA,NA,NA,NA
"87","Bijan Robinson","ATL","RB","16161","robust",NA,NA,NA,NA,NA,NA,299.15,12.988510903326,1407.75,48.9258,11.925,0.81543,1.375,0.0185324999999999,0,NA,0,NA,60.475,4.96671,453.8,33.95154,2.05,0,0,0,NA,NA,NA,NA,NA,NA,NA,NA,NA,NA,2002-01-30,2023,NA,NA,NA,NA
"88","Kyren Williams","LAR","RB","15710","robust",NA,NA,NA,NA,NA,NA,290.178749175097,27.65049,1262.1,117.1254,12.025,0.849868346456693,2.825,0.1297275,0,NA,0,NA,33.85,3.55824,204.7,15.41904,1.83838582677165,0.701608346456693,0,0,NA,NA,NA,NA,NA,NA,NA,NA,NA,NA,2000-08-26,2022,NA,NA,NA,NA
"89","Josh Jacobs","GB","RB","14073","robust",NA,NA,NA,NA,NA,NA,288.089491223561,16.1173706238969,1251.35,56.0422799999999,12,1.37964166666667,1.8,0.14826,0,NA,0,NA,39,1.92738,328.75,51.1497,1.5,0.59304,0,0,NA,NA,NA,NA,NA,NA,NA,NA,NA,NA,1970-01-01,2019,NA,NA,NA,NA
"90","Bucky Irving","TB","RB","16598","robust",NA,NA,NA,NA,NA,NA,246.478781883146,24.4629,1201.175,135.13899,8.65,0.96369,1.275,0.0926625,0,NA,0,NA,47.975,7.33887,375.825,52.6323,1.7280701754386,1.07943684210526,116,0,NA,NA,NA,NA,NA,NA,NA,NA,NA,NA,2002-08-19,2024,NA,NA,NA,NA
"91","Ashton Jeanty","LVR","RB","17042","robust",NA,NA,NA,NA,NA,NA,278.5,7.09553405835035,1235.75,140.1057,9.1474358974359,1.04542307692308,2.225,0.1297275,0,NA,0,NA,49.75,12.6021,392.25,104.5233,2,0,13,0,NA,NA,NA,NA,NA,NA,NA,NA,NA,NA,2003-12-02,2025,NA,NA,NA,NA
"92","Jahmyr Gibbs","DET","RB","16162","robust",NA,NA,NA,NA,NA,NA,234.075463238138,10.0061764062745,1255.125,38.17695,11.85,1.26021,1.575,0.2038575,0,NA,0,NA,57.85,2.9652,507.5,38.5476,2.70833333333333,0.76601,0,0,NA,NA,NA,NA,NA,NA,NA,NA,NA,NA,2002-03-20,2023,NA,NA,NA,NA
"93","Chuba Hubbard","CAR","RB","15261","robust",NA,NA,NA,NA,NA,NA,255.016767771654,36.422240203492,1137.975,141.5883,8.55,1.03782,1.98125,0.0185324999999999,0,NA,0,NA,41.825,7.19061,238,53.3736,1.05,0,0,0,NA,NA,NA,NA,NA,NA,NA,NA,NA,NA,1970-01-01,2021,NA,NA,NA,NA
"94","James Cook","BUF","RB","15715","robust",NA,NA,NA,NA,NA,NA,219.078775208069,13.199922700546,1052.85,51.891,10.225,1.85325,1.375,0.0185324999999999,0,NA,0,NA,34.5,3.33585000000001,287.25,31.50525,2,0,0,0,NA,NA,NA,NA,NA,NA,NA,NA,NA,NA,1999-09-25,2022,NA,NA,NA,NA
"95","Omarion Hampton","LAC","RB","17044","robust",NA,NA,NA,NA,NA,NA,233.523720067791,32.5392747450129,1041,104.59743,9,0.653442222222222,1.83125,0.1667925,0,NA,0,NA,35.85,4.4478,277.025,23.7216,1.55,0.653442222222222,0,0,NA,NA,NA,NA,NA,NA,NA,NA,NA,NA,2003-03-16,2025,NA,NA,NA,NA
"96","Christian McCaffrey","SF","RB","13130","robust",NA,NA,NA,NA,NA,NA,226.8,24.9600167824337,1068.55,122.01798,8.32833333333333,1.11195,2.01875,0.0185324999999999,0,NA,0,NA,60.975,7.48713,527.75,34.0998,3.5,0.44478,0,0,NA,NA,NA,NA,NA,NA,NA,NA,NA,NA,1996-06-07,2017,NA,NA,NA,NA
"97","TreVeyon Henderson","NE","RB","17043","robust",NA,NA,NA,NA,NA,NA,192.395325446435,17.34642,870.2,86.58384,6,0.51891,1.71875,0.0185325000000001,0,NA,0,NA,40.75,3.7065,305.75,51.1497,2,0.37065,278,0,NA,NA,NA,NA,NA,NA,NA,NA,NA,NA,2002-10-22,2025,NA,NA,NA,NA
"98","James Conner","ARI","RB","13146","robust",NA,NA,NA,NA,NA,NA,214.7,9.02979591365933,991.75,58.5627,7.8,1.18608,1.25,0.111195,0,NA,0,NA,41.6,4.4478,326.225,41.43867,1.85,0.0260105263157896,0,0,NA,NA,NA,NA,NA,NA,NA,NA,NA,NA,1995-05-05,2017,NA,NA,NA,NA
"99","Chase Brown","CIN","RB","16181","robust",NA,NA,NA,NA,NA,NA,246.726174251553,21.05292,1040.25,108.9711,8,1.38228035928144,1.35,0.0370649999999999,0,NA,0,NA,59,7.11648,403.75,34.47045,3.34116766467066,0.989879640718563,48,0,NA,NA,NA,NA,NA,NA,NA,NA,NA,NA,2000-03-21,2023,NA,NA,NA,NA
"100","D'Andre Swift","CHI","RB","14797","robust",NA,NA,NA,NA,NA,NA,241.925,9.5925811947021,994.5,68.1996,6.5,1.55673,0.83125,0.1667925,0,NA,0,NA,39.5,2.81694,315.5,39.2889,1.3521897810219,0.7413,0,0,NA,NA,NA,NA,NA,NA,NA,NA,NA,NA,1970-01-01,2020,NA,NA,NA,NA
"101","Kenneth Walker III","SEA","RB","15711","robust",NA,NA,NA,NA,NA,NA,233.151844604828,19.7921915005242,957.825,30.61569,8.5,1.03782,1.075,0.0555975,0,NA,0,NA,48.075,2.2239,340.5,42.9954,1.25,0.22239,0,0,NA,NA,NA,NA,NA,NA,NA,NA,NA,NA,2000-10-20,2022,NA,NA,NA,NA
"102","Kaleb Johnson","PIT","RB","17048","robust",NA,NA,NA,NA,NA,NA,212.805632010205,14.2496600366604,887.75,92.6625,6.6125,0.926625,1.79375,0.0926625,0,NA,0,NA,26.275,3.63237,193.325,30.3933,1,0,155,0,NA,NA,NA,NA,NA,NA,NA,NA,NA,NA,2003-08-14,2025,NA,NA,NA,NA
"103","Aaron Jones","MIN","RB","13319","robust",NA,NA,NA,NA,NA,NA,199.75,14.1955719122848,903.95,76.2797700000001,4.5,0.66717,2.0375,0.0370649999999999,0,NA,0,NA,46.4,4.22541,345.5,63.7518,2.06240157480315,0.110903149606299,0,0,NA,NA,NA,NA,NA,NA,NA,NA,NA,NA,1994-12-02,2017,NA,NA,NA,NA
"104","Breece Hall","NYJ","RB","15708","robust",NA,NA,NA,NA,NA,NA,223.903145188254,9.6369,986.25,60.0453,5.91666666666667,1.11195,1.825,0.0741299999999999,0,NA,0,NA,52.75,6.15279,431.2,71.31306,2.5,0.61775,0,0,NA,NA,NA,NA,NA,NA,NA,NA,NA,NA,2001-05-31,2022,NA,NA,NA,NA
"105","Alvin Kamara","NO","RB","13132","robust",NA,NA,NA,NA,NA,NA,216.181605620908,20.90466,908.5,90.80925,5.025,0.22239,1.075,0.0555975,0,NA,0,NA,68,4.4478,522.9,47.4432,2,0,0,0,NA,NA,NA,NA,NA,NA,NA,NA,NA,NA,1996-06-25,2017,NA,NA,NA,NA
"106","Joe Mixon","HOU","RB","13131","robust",NA,NA,NA,NA,NA,NA,206.78852090204,27.65049,837.75,113.4189,7.775,0.44478,1.05625,0.0555975,0,NA,0,NA,33.575,5.70801,258.6,58.5627,1.37685185185185,0.51891,0,0,NA,NA,NA,NA,NA,NA,NA,NA,NA,NA,1996-07-24,2017,"O","Foot",2025,0
"107","Devon Achane","MIA","RB","16167","robust",NA,NA,NA,NA,NA,NA,210.329677646186,9.26625,989,35.36001,7.3,0.44478,1.075,0.0555975,0,NA,0,NA,71.025,3.11346,538.25,28.9107,4.525,0.7413,19,0,NA,NA,NA,NA,NA,NA,NA,NA,NA,NA,2001-10-13,2023,NA,NA,NA,NA
"108","Tony Pollard","TEN","RB","14085","robust",NA,NA,NA,NA,NA,NA,236.532410284655,12.5649323949384,1000.6,53.07708,5.5,0.66717,1.1875,0.185325,0,NA,0,NA,41.5,2.2239,258.175,28.09527,0.95,0.0415128,0,0,NA,NA,NA,NA,NA,NA,NA,NA,NA,NA,NA,2019,NA,NA,NA,NA
"109","Quinshon Judkins","CLE","RB","17051","robust",NA,NA,NA,NA,NA,NA,163.126625759474,15.92711231268,672.875,80.8017,4.35849056603774,0.531498113207547,1.29375,0.0926625,0,NA,0,NA,21.75,8.1543,156.425,55.37511,0.95,0,148,0,NA,NA,NA,NA,NA,NA,NA,NA,NA,NA,2003-10-29,2025,NA,NA,NA,NA
"110","Tyrone Tracy","NYG","RB","16747","robust",NA,NA,NA,NA,NA,NA,196.66048533085,24.2094188969633,853.3,103.63374,5,1.26021,1.85,0.111195,0,NA,0,NA,38.65,4.52193,288,36.17544,1.05,0.0107434782608695,12,0,NA,NA,NA,NA,NA,NA,NA,NA,NA,NA,1999-11-23,2024,NA,NA,NA,NA
"111","RJ Harvey","DEN","RB","17068","robust",NA,NA,NA,NA,NA,NA,181.030221909446,9.56276999999998,816.5,61.15725,5,0.0479978417266191,1.56666666666667,0,0,NA,0,NA,44.375,15.19665,336.85,108.08154,2,0.270387841726619,0,0,NA,NA,NA,NA,NA,NA,NA,NA,NA,NA,2001-02-04,2025,NA,NA,NA,NA
"112","Isiah Pacheco","KC","RB","15749","robust",NA,NA,NA,NA,NA,NA,205.575,4.4478,837.75,75.6126,5.625,0.815430000000001,1.075,0.0741300000000001,0,NA,0,NA,33.7,5.11497,220.8,29.652,1,0.37065,0,0,NA,NA,NA,NA,NA,NA,NA,NA,NA,NA,1999-03-02,2022,NA,NA,NA,NA
"113","Brian Robinson","WAS","RB","15716","robust",NA,NA,NA,NA,NA,NA,197.939527839993,19.71858,816.75,66.717,7.4,1.77912,1.55,0.111195,0,NA,0,NA,25.6,4.4478,199,40.7715,1,0,43,0,NA,NA,NA,NA,NA,NA,NA,NA,NA,NA,1999-03-22,2022,NA,NA,NA,NA
"114","Cam Skattebo","NYG","RB","17045","robust",NA,NA,NA,NA,NA,NA,132.19702401691,24.4681444380302,611,121.5732,3.9,0.69894,1.075,0.0555975,0,NA,0,NA,24.4,4.15128,182.475,37.73217,1,0,797,0,NA,NA,NA,NA,NA,NA,NA,NA,NA,NA,2002-02-05,2025,"Q","Hamstring",2025,0
"115","David Montgomery","DET","RB","14071","robust",NA,NA,NA,NA,NA,NA,193.75,6.37518,830.5,44.478,9.45,0.81543,0.94375,0.0555975,0,NA,0,NA,31.2,2.52042,262.625,28.9107,0.7,0.7413,47,0,NA,NA,NA,NA,NA,NA,NA,NA,NA,NA,1970-01-01,2019,NA,NA,NA,NA
"116","Tank Bigsby","JAC","RB","16164","robust",NA,NA,NA,NA,NA,NA,157.85,36.869765546144,678.175,150.4839,5.67857142857143,1.40847,1.1,0.0741299999999999,0,NA,0,NA,10,5.85627,72.4,32.6172,0.0744908102405972,0,281,0,NA,NA,NA,NA,NA,NA,NA,NA,NA,NA,2001-08-30,2023,NA,NA,NA,NA
"117","Rhamondre Stevenson","NE","RB","15259","robust",NA,NA,NA,NA,NA,NA,168.114551606507,42.6752195204778,688.5,181.6185,5,0.88956,1.8,0.14826,0,NA,0,NA,29.25,4.4478,187.55,24.4629,1,0,0,0,NA,NA,NA,NA,NA,NA,NA,NA,NA,NA,1970-01-01,2021,"Q","Undisclosed",2025,0
"118","Javonte Williams","DAL","RB","15256","robust",NA,NA,NA,NA,NA,NA,165.30519398481,39.3973411952171,653.4,183.1011,4,1.33434,1.83333333333333,0,0,NA,0,NA,38.95,10.97124,261.6,80.8017,1.05,0,0,0,NA,NA,NA,NA,NA,NA,NA,NA,NA,NA,1970-01-01,2021,NA,NA,NA,NA
"119","Jaylen Warren","PIT","RB","15742","robust",NA,NA,NA,NA,NA,NA,145.15,10.08168,661,65.9757,3.5,0.7413,1,0,0,NA,0,NA,47.925,3.7065,358.5,34.0998,1,0.155673,123,0,NA,NA,NA,NA,NA,NA,NA,NA,NA,NA,1998-11-01,2022,NA,NA,NA,NA
"120","Rico Dowdle","CAR","RB","14823","robust",NA,NA,NA,NA,NA,NA,104.928816301205,20.1005460963317,477.525,65.16027,2.3,0.0390157894736843,1.16875,0.1667925,0,NA,0,NA,24.475,5.26323,161.75,25.9455,1.05,0.0390157894736842,61,0,NA,NA,NA,NA,NA,NA,NA,NA,NA,NA,1970-01-01,2020,NA,NA,NA,NA
"121","Nick Chubb","HOU","RB","13610","robust",NA,NA,NA,NA,NA,NA,122.10526358772,39.0444339521795,495.25,156.56256,3.85,1.33434,0.9,0,0,NA,0,NA,10.95,1.55673,80.9,15.86382,0.525,0.393211304347826,10,0,NA,NA,NA,NA,NA,NA,NA,NA,NA,NA,1995-12-27,2018,"Q","Head",2025,0
"122","Jordan Mason","MIN","RB","15972","robust",NA,NA,NA,NA,NA,NA,149.361079375771,13.04688,705.95,55.5975,4,1.18608,0.8,0,0,NA,0,NA,14.75,5.48562,109.525,28.9107,0.523972602739726,0.705758219178082,50,0,NA,NA,NA,NA,NA,NA,NA,NA,NA,NA,1999-05-24,2022,NA,NA,NA,NA
"123","Najee Harris","LAC","RB","15254","robust",NA,NA,NA,NA,NA,NA,151.1,28.9107,610.25,155.673,5,0.701229729729729,0.725,0.0741300000000001,0,NA,0,NA,22.5,5.41149,155.775,42.32823,0.5,0.18833027027027,0,0,NA,NA,NA,NA,NA,NA,NA,NA,NA,NA,1970-01-01,2021,"O","Eye",2025,0
"124","J.K. Dobbins","DEN","RB","14800","robust",NA,NA,NA,NA,NA,NA,151.908665039356,10.3782,680,58.5627,5,0.577636363636364,1.05,0.037065,0,NA,0,NA,28.025,10.3782,165,47.4432,1,0.534313636363636,0,0,NA,NA,NA,NA,NA,NA,NA,NA,NA,NA,1970-01-01,2020,NA,NA,NA,NA
"125","Zach Charbonnet","SEA","RB","16169","robust",NA,NA,NA,NA,NA,NA,123.034491904821,8.67321,525.25,43.7367,4.51201923076923,0.776939423076923,0.725,0.0741300000000001,0,NA,0,NA,37.25,1.4826,273.75,29.652,0.962980769230769,0.07413,5,0,NA,NA,NA,NA,NA,NA,NA,NA,NA,NA,2001-01-08,2023,NA,NA,NA,NA
"126","Travis Etienne","JAC","RB","15253","robust",NA,NA,NA,NA,NA,NA,138.444457237717,16.2043179509883,559.85,64.4931,3.375,1.11195,0.8625,0.037065,0,NA,0,NA,39.45,5.33736,287,28.31766,1,0.543281506849315,0,0,NA,NA,NA,NA,NA,NA,NA,NA,NA,NA,1970-01-01,2021,NA,NA,NA,NA
"127","Jerome Ford","CLE","RB","15713","robust",NA,NA,NA,NA,NA,NA,110.780151028433,23.7005334473382,504.375,106.37655,2.5,0.7413,0.8,0,0,NA,0,NA,32.575,7.85778,206.75,51.1497,0.925,0.0741300000000001,352,0,NA,NA,NA,NA,NA,NA,NA,NA,NA,NA,1999-09-12,2022,NA,NA,NA,NA
"128","Rachaad White","TB","RB","15721","robust",NA,NA,NA,NA,NA,NA,112.164151331451,21.0109584719826,462,89.6973,2.9,0.14826,2,0,0,NA,0,NA,37.8,7.413,294.7,77.68824,2.5,0.7413,181,0,NA,NA,NA,NA,NA,NA,NA,NA,NA,NA,1999-04-22,2022,"Q","Groin",2025,0
"129","Jaydon Blue","DAL","RB","17069","robust",NA,NA,NA,NA,NA,NA,106.25,31.1346,496.6,81.24648,2.5,0.7413,0.933333333333333,0,0,NA,0,NA,21.05,5.26323,167.375,47.81385,1,0,52,0,NA,NA,NA,NA,NA,NA,NA,NA,NA,NA,2004-01-08,2025,"Q","Heel",2025,0
"130","Trey Benson","ARI","RB","16594","robust",NA,NA,NA,NA,NA,NA,116.2,29.652,536.5,93.77445,3.25409836065574,1.03782,0.76875,0.1297275,0,NA,0,NA,15.75,7.413,111.425,63.97419,0.470901639344262,0.661093770491803,0,0,NA,NA,NA,NA,NA,NA,NA,NA,NA,NA,2002-07-23,2024,NA,NA,NA,NA
"131","Kareem Hunt","KC","RB","13138","robust",NA,NA,NA,NA,NA,NA,90.8883690604533,9.34038,338.5,27.87288,3.5,0.7413,0.0333333333333333,0,0,NA,0,NA,19.3,2.07564,135.825,16.82751,0.5,0.7413,0,0,NA,NA,NA,NA,NA,NA,NA,NA,NA,NA,1995-08-06,2017,NA,NA,NA,NA
"132","Jaylen Wright","MIA","RB","16610","robust",NA,NA,NA,NA,NA,NA,100.959889804766,19.4668647509088,423.5,44.03322,2.5,0.46596,1.6125,0.111195,0,NA,0,NA,14.15,9.6369,100.85,58.26618,0.392857142857143,0.37065,42,0,NA,NA,NA,NA,NA,NA,NA,NA,NA,NA,2003-04-01,2024,NA,NA,NA,NA
"133","MarShawn Lloyd","GB","RB","16604","robust",NA,NA,NA,NA,NA,NA,86.3951760199734,29.1490582697332,365.9,87.91818,2.65735294117647,1.65266294117647,0.933333333333333,0,0,NA,0,NA,13.85,5.04084,100.75,57.96966,0.502650689206221,0.614842941176471,0,0,NA,NA,NA,NA,NA,NA,NA,NA,NA,NA,2001-01-05,2024,"Q","Groin",2025,0
"134","Tyler Allgeier","ATL","RB","15712","robust",NA,NA,NA,NA,NA,NA,131.349521449509,12.8972010020855,585.25,37.8063,3.27142857142857,0.37065,0.725,0.0741300000000001,0,NA,0,NA,13.5,1.70499,102.25,18.31011,0.264285714285714,0.22239,0,0,NA,NA,NA,NA,NA,NA,NA,NA,NA,NA,2000-04-15,2022,NA,NA,NA,NA
"135","Kendre Miller","NO","RB","16171","robust",NA,NA,NA,NA,NA,NA,86.0964259049427,20.7669979066639,334.325,73.61109,2.1,0.14826,0.5,0,0,NA,0,NA,13.525,3.85476,105.5,34.0998,0.0385894390644985,0,294,0,NA,NA,NA,NA,NA,NA,NA,NA,NA,NA,2002-06-11,2023,NA,NA,NA,NA
"136","Ray Davis","BUF","RB","16603","robust",NA,NA,NA,NA,NA,NA,113.15,12.1225710662146,465.875,58.93335,3.675,0.96369,0.78125,0.0185325,0,NA,0,NA,15.175,3.78063,129,48.9258,1.5,0.7413,234,0,NA,NA,NA,NA,NA,NA,NA,NA,NA,NA,1999-11-11,2024,NA,NA,NA,NA
"137","Isaac Guerendo","SF","RB","16688","robust",NA,NA,NA,NA,NA,NA,98.025,22.31313,458.25,79.3191,3.74178082191781,0.81543,0.966666666666667,0,0,NA,0,NA,16.425,6.30105,138.75,75.46434,0.5,0.29652,87,0,NA,NA,NA,NA,NA,NA,NA,NA,NA,NA,2000-06-28,2024,"Q","Shoulder",2025,0
"138","Bhayshul Tuten","JAC","RB","17052","robust",NA,NA,NA,NA,NA,NA,92.2629854029215,20.08923,433,64.4931,2.4875,0.778365,0.933333333333333,0,0,NA,0,NA,18.375,5.9304,147.475,62.19507,0.875,0.185325,108,0,NA,NA,NA,NA,NA,NA,NA,NA,NA,NA,2003-02-14,2025,NA,NA,NA,NA
"139","Austin Ekeler","WAS","RB","13404","robust",NA,NA,NA,NA,NA,NA,90.6,9.93342,405.4,43.7367,3.9,0.0741299999999997,1.4125,0.407715,0,NA,1,0,45.975,4.52193,386,21.42357,1.5,0.7413,454,0,NA,NA,NA,NA,NA,NA,NA,NA,NA,NA,NA,NA,NA,NA,NA,NA
"140","Tyjae Spears","TEN","RB","16165","robust",NA,NA,NA,NA,NA,NA,114.269364119402,9.24953848685137,467.25,39.36303,3.5,0.678963409090909,0.76875,0.1297275,0,NA,0,NA,39.35,6.96822,295.225,46.03473,1.15,0,347,0,NA,NA,NA,NA,NA,NA,NA,NA,NA,NA,2001-06-15,2023,"Q","Ankle",2025,0
"141","Woody Marks","HOU","RB","17053","robust",NA,NA,NA,NA,NA,NA,54.3,25.0714414594119,209.65,98.29638,1.35,1.03782,0.05,0,0,NA,0,NA,15,7.413,108.625,51.1497,1,0,103,0,NA,NA,NA,NA,NA,NA,NA,NA,NA,NA,2000-12-29,2025,NA,NA,NA,NA
"142","Keaton Mitchell","BAL","RB","16178","robust",NA,NA,NA,NA,NA,NA,57.079906637908,29.94852,264,133.434,1.15294117647059,1.18608,0.1,0,0,NA,0,NA,8.8,1.4826,78.35,17.7912,0.3,0.7413,348,0,NA,NA,NA,NA,NA,NA,NA,NA,NA,NA,NA,2023,"Q","Undisclosed",2025,0
"143","Dylan Sampson","CLE","RB","17047","robust",NA,NA,NA,NA,NA,NA,100.705246309754,25.2042,427.25,55.52337,2.38461538461538,0.570230769230769,1.16666666666667,0,0,NA,0,NA,17.55,8.37669,139.225,57.74727,0.557692307692308,0.245199230769231,368,0,NA,NA,NA,NA,NA,NA,NA,NA,NA,NA,2004-09-14,2025,NA,NA,NA,NA
"144","Kyle Monangai","CHI","RB","17066","robust",NA,NA,NA,NA,NA,NA,52.1700799737386,11.26776,213,111.195,1.5,1.33434,0,0,0,NA,0,NA,5,2.07564,32.5,24.90768,0.0423357664233577,0,36,0,NA,NA,NA,NA,NA,NA,NA,NA,NA,NA,2002-06-06,2025,NA,NA,NA,NA
"145","Devin Singletary","NYG","RB","14080","robust",NA,NA,NA,NA,NA,NA,71.85,31.1346,302.25,94.8864,2,0.7413,0.933333333333333,0,0,NA,0,NA,12.5,7.413,80.025,41.5128,0,0,23,0,NA,NA,NA,NA,NA,NA,NA,NA,NA,NA,1970-01-01,2019,NA,NA,NA,NA
"146","Raheem Mostert","LVR","RB","12447","robust",NA,NA,NA,NA,NA,NA,74.0507029387443,14.9334903134855,287.75,71.9061,2.075,0.951985263157895,1.66666666666667,0,0,NA,0,NA,17.3,9.6369,131.45,69.08916,0.490476421274198,0.650635421204356,115,0,NA,NA,NA,NA,NA,NA,NA,NA,NA,NA,NA,NA,NA,NA,NA,NA
"147","Khalil Herbert","IND","RB","15271","robust",NA,NA,NA,NA,NA,NA,56.3979190906591,49.6671,232.25,140.847,1.5,1.18608,0,0,0,NA,0,NA,7.95,4.89258,49.5,16.3086,0,0,130,0,NA,NA,NA,NA,NA,NA,NA,NA,NA,NA,1970-01-01,2021,"Q","Undisclosed",2025,0
"148","Zamir White","LVR","RB","15714","robust",NA,NA,NA,NA,NA,NA,65.9932222020602,38.4395350529019,234.85,123.35232,1,0.14826,1.1,1.63086,0,NA,0,NA,9.075,8.30256,58.6,41.95758,0.246513371150729,0,128,0,NA,NA,NA,NA,NA,NA,NA,NA,NA,NA,1999-09-18,2022,NA,NA,NA,NA
"149","Braelon Allen","NYJ","RB","16596","robust",NA,NA,NA,NA,NA,NA,100.422725231096,15.4337426367722,394.45,65.30853,2.85,0.0717387096774193,0.566666666666667,0,0,NA,0,NA,18.075,2.00151,134.775,16.3086,0.9,0.0717387096774193,7,0,NA,NA,NA,NA,NA,NA,NA,NA,NA,NA,2004-01-20,2024,NA,NA,NA,NA
"150","AJ Dillon","PHI","RB","14805","robust",NA,NA,NA,NA,NA,NA,46.05,39.0968931526466,174,109.04523,1,1.03782,0,0,0,NA,0,NA,2.8,1.18608,21.3,10.82298,0.01,0,89,0,NA,NA,NA,NA,NA,NA,NA,NA,NA,NA,1970-01-01,2020,NA,NA,NA,NA
"151","Audric Estime","DEN","RB","16595","robust",NA,NA,NA,NA,NA,NA,81.875,17.0499,330.75,82.2843,2.175,0.7413,0.975,0.39536,0,NA,0,NA,8.75,4.4478,51.775,23.64747,0,0,0,0,NA,NA,NA,NA,NA,NA,NA,NA,NA,NA,2003-09-06,2024,NA,NA,NA,NA
"152","Antonio Gibson","NE","RB","14852","robust",NA,NA,NA,NA,NA,NA,52.5,48.1845,231.25,236.4747,1,0,0,0,0,NA,0,NA,15.65,10.08168,125.8,87.62166,0.424772190643572,0.295168999392641,245,0,NA,NA,NA,NA,NA,NA,NA,NA,NA,NA,1970-01-01,2020,NA,NA,NA,NA
"153","Emanuel Wilson","GB","RB","16432","robust",NA,NA,NA,NA,NA,NA,54.5,31.7879543624222,259.425,124.5384,1.875,1.4826,0.3125,0.037065,0,NA,0,NA,8.6,6.81996,52.7,31.28286,0.2,0,0,0,NA,NA,NA,NA,NA,NA,NA,NA,NA,NA,1999-05-08,2023,"Q","Knee",2025,0
"154","Will Shipley","PHI","RB","16601","robust",NA,NA,NA,NA,NA,NA,49.6109108840168,14.0711942346369,231,46.40538,1.65,0.96369,0.0333333333333333,0,0,NA,0,NA,12.575,5.70801,92.75,43.14366,0.2,0,604,0,NA,NA,NA,NA,NA,NA,NA,NA,NA,NA,2002-08-29,2024,NA,NA,NA,NA
"155","Jaleel McLaughlin","DEN","RB","16390","robust",NA,NA,NA,NA,NA,NA,51.0698159254883,34.1002563824188,231.15,154.1904,1,0.29652,0.5,0,0,NA,0,NA,14.5,11.56428,79.5,74.13,0.608822935204773,0.464997272727272,0,0,NA,NA,NA,NA,NA,NA,NA,NA,NA,NA,1999-02-19,2023,NA,NA,NA,NA
"156","Miles Sanders","DAL","RB","14079","robust",NA,NA,NA,NA,NA,NA,90.5744067602162,16.16034,368.675,28.1694,2.075,0.44478,0.733333333333333,0,0,NA,0,NA,16.2,2.9652,107.35,31.1346,0.5,0.59304,8,0,NA,NA,NA,NA,NA,NA,NA,NA,NA,NA,1970-01-01,2019,"Q","Knee",2025,0
"157","DJ Giddens","IND","RB","17060","robust",NA,NA,NA,NA,NA,NA,39.0622529397318,29.2178198187206,174.5,129.7275,1.18333333333333,1.08724,0,0,0,NA,0,NA,7.95,6.22692,59.4,41.06802,0.05,0,171,0,NA,NA,NA,NA,NA,NA,NA,NA,NA,NA,2003-08-26,2025,NA,NA,NA,NA
"158","Blake Corum","LAR","RB","16593","robust",NA,NA,NA,NA,NA,NA,78.0181757528128,23.2468983711996,303.675,77.61411,2,0.286411363636364,0.35,0.037065,0,NA,0,NA,9.175,4.4478,67.35,28.9107,0.0395383220898095,0,152,0,NA,NA,NA,NA,NA,NA,NA,NA,NA,NA,2000-11-25,2024,NA,NA,NA,NA
"159","Elijah Mitchell","KC","RB","15263","robust",NA,NA,NA,NA,NA,NA,56.8855273748115,11.4218734899254,227.25,37.065,2.07983870967742,0.384997741935484,0.4,0,0,NA,0,NA,9.625,2.2239,59.75,9.6369,0.245161290322581,0.262468647895883,73,0,NA,NA,NA,NA,NA,NA,NA,NA,NA,NA,1970-01-01,2021,NA,NA,NA,NA
"160","Tahj Brooks","CIN","RB","17058","robust",NA,NA,NA,NA,NA,NA,53,36.54609,219.2,184.5837,1.9,0.7413,0.533333333333333,0.04942,0,NA,0,NA,7.5,6.15279,56,50.26014,0.016597510373444,0,204,0,NA,NA,NA,NA,NA,NA,NA,NA,NA,NA,2002-05-13,2025,NA,NA,NA,NA
"161","Brashard Smith","KC","RB","17049","robust",NA,NA,NA,NA,NA,NA,20.3020360609851,15.27078,120.5,84.5082,0.7,1.03782,0,0,0,NA,0,NA,10,5.78214,73.5,47.88798,0.35,0,0,NA,NA,NA,NA,NA,NA,NA,NA,NA,NA,NA,2003-04-11,2025,NA,NA,NA,NA
"162","Alexander Mattison","MIA","RB","14223","robust",NA,NA,NA,NA,NA,NA,73.65,21.8328001017476,267.35,72.6474,2.3,0.29652,0.95,0,0,NA,0,NA,16,11.8608,111,81.543,0.12753036437247,0.189076518218623,28,0,NA,NA,NA,NA,NA,NA,NA,NA,NA,NA,NA,2019,"Q","Neck",2025,0
"163","Samaje Perine","CIN","RB","13133","robust",NA,NA,NA,NA,NA,NA,39.7612157787737,11.8608,168.85,48.9258,1,0.29652,0.9,0,0,NA,0,NA,21.7,6.22692,196.6,89.99382,1,0,210,0,NA,NA,NA,NA,NA,NA,NA,NA,NA,NA,1995-09-16,2017,NA,NA,NA,NA
"164","Jarquez Hunter","LAR","RB","17064","robust",NA,NA,NA,NA,NA,NA,60.5567697210682,22.1609863701272,251,139.3644,1.915,0.118608,0.6875,0.0370649999999999,0,NA,0,NA,10,8.8956,84.5,59.304,0.52,0.59304,0,0,NA,NA,NA,NA,NA,NA,NA,NA,NA,NA,2002-12-29,2025,NA,NA,NA,NA
"165","Roschon Johnson","CHI","RB","16175","robust",NA,NA,NA,NA,NA,NA,79.7511385718395,21.1978039067816,289.15,100.8168,4.30878378378378,1.13599216216216,0.466666666666667,0,0,NA,0,NA,21,3.7065,139.25,28.24353,0.5,0.7413,19,0,NA,NA,NA,NA,NA,NA,NA,NA,NA,NA,2001-01-31,2023,"Q","Foot",2025,0
"166","Dameon Pierce","HOU","RB","15717","robust",NA,NA,NA,NA,NA,NA,33.0407019662704,21.7850298234616,192,92.95902,1.375,0.88956,1.1,0.54362,0,NA,0,NA,6.25,2.37216,41.075,19.19967,0.038715710723192,0.040669825436409,324,0,NA,NA,NA,NA,NA,NA,NA,NA,NA,NA,2000-02-19,2022,NA,NA,NA,NA
"167","Ty Johnson","BUF","RB","14095","robust",NA,NA,NA,NA,NA,NA,47.875,7.85778,221.025,45.81234,1,0,0.0333333333333333,0,0,NA,0,NA,16.425,2.9652,188.5,55.00446,1.375,0,205,0,NA,NA,NA,NA,NA,NA,NA,NA,NA,NA,NA,2019,NA,NA,NA,NA
"168","Trevor Etienne","CAR","RB","17056","robust",NA,NA,NA,NA,NA,NA,45.225,35.87892,168.325,96.369,1,1.4826,0.466666666666667,0,0,NA,0,NA,9.425,6.6717,73.95,54.8562,0.0649924053239966,0,419,0,NA,NA,NA,NA,NA,NA,NA,NA,NA,NA,2004-07-09,2025,NA,NA,NA,NA
"169","Jacory Croskey-Merritt","WAS","RB","17256","robust",NA,NA,NA,NA,NA,NA,35,13.12101,166,73.3887,1.2,0.7413,0,0,0,NA,0,NA,3.85,0.7413,27.65,2.9652,0.05,0.045581373358349,0,NA,NA,NA,NA,NA,NA,NA,NA,NA,NA,NA,2001-04-12,2025,NA,NA,NA,NA
"170","Justice Hill","BAL","RB","14086","robust",NA,NA,NA,NA,NA,NA,43.2113525561352,3.7065,201.5,22.16487,1,0,0.35,0.037065,0,NA,0,NA,35,4.4478,284,43.7367,2,0.22239,139,0,NA,NA,NA,NA,NA,NA,NA,NA,NA,NA,1970-01-01,2019,NA,NA,NA,NA
"171","Jordan James","SF","RB","17055","robust",NA,NA,NA,NA,NA,NA,34.518369220677,10.3782,158.7,82.72908,1,0,0,0,0,NA,0,NA,4.45,1.92738,35.25,20.0151,0,0,50,0,NA,NA,NA,NA,NA,NA,NA,NA,NA,NA,2004-03-29,2025,"Q","Finger",2025,0
"172","Cam Akers","NO","RB","14799","robust",NA,NA,NA,NA,NA,NA,57.975,10.52646,238.1,69.6822,0.9,0,0.35,0.51891,0,NA,0,NA,7.95,5.33736,46.6,34.98936,1.125,1.33434,49,0,NA,NA,NA,NA,NA,NA,NA,NA,NA,NA,1970-01-01,2020,NA,NA,NA,NA
"173","Devin Neal","NO","RB","17046","robust",NA,NA,NA,NA,NA,NA,36.45,8.59908,168.15,80.0604,1,0,0.266666666666667,0,0,NA,0,NA,5.6,4.89258,43.5,34.0998,0,0,64,0,NA,NA,NA,NA,NA,NA,NA,NA,NA,NA,2003-08-12,2025,"Q","Hamstring",2025,0
"174","Sean Tucker","TB","RB","16166","robust",NA,NA,NA,NA,NA,NA,43.125,10.08168,219.5,76.20564,1.3,0,0.675,0.0370649999999999,0,NA,2,0,7.375,4.4478,61.025,37.065,0.475,0.44478,312,0,NA,NA,NA,NA,NA,NA,NA,NA,NA,NA,2001-10-25,2023,NA,NA,NA,NA
"175","Emari Demercado","ARI","RB","16385","robust",NA,NA,NA,NA,NA,NA,33,14.30709,183.15,101.5581,0.8,0.14826,0,0,0,NA,0,NA,14.55,2.89107,93,35.5824,0.05,0,61,0,NA,NA,NA,NA,NA,NA,NA,NA,NA,NA,1999-01-20,2023,NA,NA,NA,NA
"176","Ty Chandler","MIN","RB","15723","robust",NA,NA,NA,NA,NA,NA,42,26.83506,176.15,63.30702,1,0,0,0,0,NA,0,NA,8.4,1.4826,62,10.3782,0.0186855670103093,0,357,0,NA,NA,NA,NA,NA,NA,NA,NA,NA,NA,1998-05-12,2022,NA,NA,NA,NA
"177","Kimani Vidal","LAC","RB","16757","robust",NA,NA,NA,NA,NA,NA,46.775,21.94248,175.375,97.8516,0.45,0.44478,0.2,0.14826,0,NA,0,NA,5.3,1.55673,41.75,1.4826,0.225,0.22239,7,0,NA,NA,NA,NA,NA,NA,NA,NA,NA,NA,2001-08-28,2024,NA,NA,NA,NA
"178","Ollie Gordon","MIA","RB","17059","robust",NA,NA,NA,NA,NA,NA,34.1,3.11346,139,27.4281,1,0,0.133333333333333,0.19768,0,NA,0,NA,4.25,1.33434,29.5,9.04386,0,0,0,0,NA,NA,NA,NA,NA,NA,NA,NA,NA,NA,2004-01-15,2025,NA,NA,NA,NA
"179","Kenneth Gainwell","PIT","RB","15255","robust",NA,NA,NA,NA,NA,NA,48.5,13.9162195366209,189.25,35.13762,1,0,0.35,0.0741300000000001,0,NA,0,NA,12.875,2.9652,87.75,34.39632,0.3,0,354,0,NA,NA,NA,NA,NA,NA,NA,NA,NA,NA,1970-01-01,2021,NA,NA,NA,NA
"180","Chris Rodriguez","WAS","RB","16174","robust",NA,NA,NA,NA,NA,NA,40.475,2.9652,175.7,72.94392,2.15,1.63086,0,0,0,NA,0,NA,2.075,2.37216,11.95,14.67774,0,0,91,0,NA,NA,NA,NA,NA,NA,NA,NA,NA,NA,2000-09-26,2023,NA,NA,NA,NA
"181","Pierre Strong Jr.","CLE","RB","15733","robust",NA,NA,NA,NA,NA,NA,29.05,22.9803,128.2,124.5384,0.15,0.14826,0.6,0.44478,0,NA,0,NA,10.175,7.85778,70.525,53.3736,0,0,246,0,NA,NA,NA,NA,NA,NA,NA,NA,NA,NA,1998-12-10,2022,NA,NA,NA,NA
"182","Isaiah Davis","NYJ","RB","16752","robust",NA,NA,NA,NA,NA,NA,29.6605853976504,8.8956,158.875,68.1996,0.5,1.18608,0,0,0,NA,0,NA,6.5,1.63086,46.25,15.27078,0.0528164419312745,0,275,0,NA,NA,NA,NA,NA,NA,NA,NA,NA,NA,2002-02-21,2024,"Q","Ankle",2025,0
"183","Jeremy McNichols","WAS","RB","13143","robust",NA,NA,NA,NA,NA,NA,31.175,11.8608,134.65,64.78962,1.75,0.96369,0,0,0,NA,0,NA,2.85,0.7413,16.575,7.413,0,0,161,0,NA,NA,NA,NA,NA,NA,NA,NA,NA,NA,1995-12-26,2017,NA,NA,NA,NA
"184","Carson Steele","KC","RB","16612","robust",NA,NA,NA,NA,NA,NA,51.375,21.34944,152.55,80.0604,0.4,0.44478,1.875,1.18608,0,NA,0,NA,7.775,0,32,1.4826,0.025,0,180,0,NA,NA,NA,NA,NA,NA,NA,NA,NA,NA,2002-10-21,2024,NA,NA,NA,NA
"185","Ronnie Rivers","LAR","RB","15726","robust",NA,NA,NA,NA,NA,NA,41.7,14.826,146.7,83.47038,0.25,0.37065,0,0,NA,NA,NA,NA,3.05,4.07715,13.15,16.08621,0,0,0,0,NA,NA,NA,NA,NA,NA,NA,NA,NA,NA,1999-01-31,2022,"Q","Ribs",2025,0
"186","Ameer Abdullah","SF","RB","12155","robust",NA,NA,NA,NA,NA,NA,28.75,4.4478,146.075,56.3388,0.825,0,0,0,0,NA,0,NA,10.675,7.85778,81.175,67.16178,0.825,0,0,NA,NA,NA,NA,NA,NA,NA,NA,NA,NA,NA,1993-06-13,2015,"Q","Ribs",2025,0
"187","Clyde Edwards-Helaire","NO","RB","14803","robust",NA,NA,NA,NA,NA,NA,29.675,10.08168,105.7,109.11936,0.5,0.7413,0.05,0.07413,0,NA,0,NA,2.625,0.14826,19,5.9304,0.05,0,0,0,NA,NA,NA,NA,NA,NA,NA,NA,NA,NA,1970-01-01,2020,NA,NA,NA,NA
"188","Chris Brooks","GB","RB","16387","robust",NA,NA,NA,NA,NA,NA,23.35,16.16034,111.5,86.13906,0.5,0.29652,0,0,0,NA,0,NA,4.65,1.4826,31.5,8.1543,0,0,0,0,NA,NA,NA,NA,NA,NA,NA,NA,NA,NA,2000-01-11,2023,NA,NA,NA,NA
"189","Sincere McCormick","LVR","RB","15743","robust",NA,NA,NA,NA,NA,NA,25.5,1.70499,112.425,8.82147,0.85,0.14826,0.05,0.037065,0,NA,0,NA,5.75,1.26021,41.5,11.19363,0,0,110,0,NA,NA,NA,NA,NA,NA,NA,NA,NA,NA,2000-09-10,2022,NA,NA,NA,NA
"190","Amar Johnson","GB","RB","17272","robust",NA,NA,NA,NA,NA,NA,35,0,164,0,1,0,0,0,NA,NA,NA,NA,2,0,26,0,0,0,NA,NA,NA,NA,NA,NA,NA,NA,NA,NA,NA,NA,NA,2025,NA,NA,NA,NA
"191","Tyler Goodson","IND","RB","15730","robust",NA,NA,NA,NA,NA,NA,25.675,9.48864,126.75,29.652,0.525,0.14826,0,0,0,NA,0,NA,6.6,1.03782,41.325,2.52042,0.9,0.44478,281,0,NA,NA,NA,NA,NA,NA,NA,NA,NA,NA,NA,2022,NA,NA,NA,NA
"192","Michael Carter","ARI","RB","15258","robust",NA,NA,NA,NA,NA,NA,20.35,15.93795,100.6,88.06644,0.1,0.14826,0,0,NA,NA,NA,NA,11.8,7.70952,60.95,23.79573,0.55,0.37065,308,0,NA,NA,NA,NA,NA,NA,NA,NA,NA,NA,1970-01-01,2021,NA,NA,NA,NA
"193","Damien Martinez","SEA","RB","17054","robust",NA,NA,NA,NA,NA,NA,21.7925577234387,4.02508783845957,124.25,35.5824,0.9,0,0,0,0,NA,0,NA,4,1.4826,29.5,10.3782,0,0,0,NA,NA,NA,NA,NA,NA,NA,NA,NA,NA,NA,2004-01-31,2025,NA,NA,NA,NA
"194","Kalel Mullings","TEN","RB","17050","robust",NA,NA,NA,NA,NA,NA,14.0811905048801,0.59304,96.5,79.3191,0.55,0.59304,0,0,0,NA,0,NA,3,1.4826,21.9,10.08168,0,0,0,NA,NA,NA,NA,NA,NA,NA,NA,NA,NA,NA,2002-10-04,2025,NA,NA,NA,NA
"195","Israel Abanikanda","GB","RB","16168","robust",NA,NA,NA,NA,NA,NA,24.15,16.08621,99.4,66.12396,0.7,0.44478,0,0,NA,NA,NA,NA,1.65,0.51891,13.85,4.67019,0.05,0.07413,NA,NA,NA,NA,NA,NA,NA,NA,NA,NA,NA,NA,2002-10-05,2023,NA,NA,NA,NA
"196","Rasheen Ali","BAL","RB","16746","robust",NA,NA,NA,NA,NA,NA,13.3137376237624,7.70952,83.4,72.35088,0.55,0.59304,0,0,0,NA,0,NA,1.95,0.88956,14.6,7.85778,0.05,0.07413,261,0,NA,NA,NA,NA,NA,NA,NA,NA,NA,NA,2001-02-16,2024,"Q","Undisclosed",2025,0
"197","Craig Reynolds","DET","RB","14727","robust",NA,NA,NA,NA,NA,NA,24,5.1891,104.5,25.2042,0.025,0,0,0,0,NA,0,NA,4.425,1.92738,41.725,19.12554,0.1,0,256,0,NA,NA,NA,NA,NA,NA,NA,NA,NA,NA,1970-01-01,2019,NA,NA,NA,NA
"198","Patrick Taylor","SF","RB","14817","robust",NA,NA,NA,NA,NA,NA,29.15,0.0741299999999984,100.3,15.86382,0.4,0,0,0,NA,NA,NA,NA,3.65,1.11195,30.25,12.97275,0.1,0.14826,413,0,NA,NA,NA,NA,NA,NA,NA,NA,NA,NA,NA,2020,NA,NA,NA,NA
"199","Dare Ogunbowale","HOU","RB","13148","robust",NA,NA,NA,NA,NA,NA,11.425,6.52344,49.5,22.31313,0,0,0,0,0,NA,0,NA,9.2,3.48411,79.5,32.91372,0.15,0.14826,13,0,NA,NA,NA,NA,NA,NA,NA,NA,NA,NA,NA,2017,NA,NA,NA,NA
"200","Raheem Blackshear","CAR","RB","15973","robust",NA,NA,NA,NA,NA,NA,28.75,2.44629,90.4,5.33736,0.25,0.37065,0.25,0.37065,NA,NA,NA,NA,4.85,3.03933,33.8,19.57032,0.05,0.07413,1024,0,NA,NA,NA,NA,NA,NA,NA,NA,NA,NA,1998-06-05,2022,NA,NA,NA,NA
"201","LeQuint Allen","JAC","RB","17061","robust",NA,NA,NA,NA,NA,NA,12.3437215487086,8.61769686376923,74.975,4.4478,0.55,0.59304,0,0,0,NA,0,NA,3.5,1.4826,25.5,11.8608,0,0,0,NA,NA,NA,NA,NA,NA,NA,NA,NA,NA,NA,2004-08-05,2025,NA,NA,NA,NA
"202","Hassan Haskins","LAC","RB","15720","robust",NA,NA,NA,NA,NA,NA,23.25,11.49015,59.5,36.3237,0.65,0.51891,0,0,NA,NA,NA,NA,1.65,0.51891,19.85,9.11799,0.65,0.51891,NA,NA,NA,NA,NA,NA,NA,NA,NA,NA,NA,NA,1999-11-26,2022,NA,NA,NA,NA
"203","Trey Sermon","PIT","RB","15257","robust",NA,NA,NA,NA,NA,NA,16.65,17.27229,48.9,41.66106,0.35,0.37065,0,0,NA,NA,NA,NA,3.6,2.9652,25.25,20.38575,0.05,0.07413,20,0,NA,NA,NA,NA,NA,NA,NA,NA,NA,NA,1970-01-01,2021,NA,NA,NA,NA
"204","Travis Homer","CHI","RB","14083","robust",NA,NA,NA,NA,NA,NA,14.55,11.34189,53.8,26.39028,0.15,0.22239,0,0,NA,NA,NA,NA,2.35,1.40847,15,14.826,0.05,0.07413,2,0,NA,NA,NA,NA,NA,NA,NA,NA,NA,NA,1970-01-01,2019,"Q","Calf",2025,0
"205","Carlos Washington","ATL","RB","16864","robust",NA,NA,NA,NA,NA,NA,10.3,15.27078,43,41.5128,0,0,0.3,0.44478,NA,NA,NA,NA,1.95,2.14977,12.75,13.71405,0,0,372,0,NA,NA,NA,NA,NA,NA,NA,NA,NA,NA,1998-12-26,2023,NA,NA,NA,NA
"206","Jordan Mims","TEN","RB","16424","robust",NA,NA,NA,NA,NA,NA,11.1,5.48562,42.55,28.98483,0.15,0.22239,0,0,NA,NA,NA,NA,3.1,1.63086,27.05,19.19967,0.05,0.07413,20,0,NA,NA,NA,NA,NA,NA,NA,NA,NA,NA,1999-05-16,2023,NA,NA,NA,NA
"207","Hunter Luepke","DAL","RB","16391","robust",NA,NA,NA,NA,NA,NA,9.1,2.66868,31.9,16.90164,0.025,0,0,0,0,NA,0,NA,6.7,1.63086,48.975,4.59606,0.025,0,0,0,NA,NA,NA,NA,NA,NA,NA,NA,NA,NA,2000-02-28,2023,NA,NA,NA,NA
"208","Tyler Badie","DEN","RB","15718","robust",NA,NA,NA,NA,NA,NA,4.8,7.11648,33.75,34.47045,0,0,1.25,1.85325,NA,NA,NA,NA,0.25,0.37065,1.75,2.59455,0,0,0,0,NA,NA,NA,NA,NA,NA,NA,NA,NA,NA,2000-02-07,2022,NA,NA,NA,NA
"209","Eric Gray","NYG","RB","16173","robust",NA,NA,NA,NA,NA,NA,10.8,1.63086,33.85,13.12101,0.1,0.14826,0.45,0.07413,NA,NA,NA,NA,3.85,2.89107,24.7,15.27078,0.05,0.07413,435,0,NA,NA,NA,NA,NA,NA,NA,NA,NA,NA,1999-11-04,2023,"O","Undisclosed",2025,0
"210","Deuce Vaughn","DAL","RB","16176","robust",NA,NA,NA,NA,NA,NA,12.35,4.96671,35.2,0.296519999999999,0.05,0.07413,0,0,NA,NA,NA,NA,4.05,1.40847,32.6,16.90164,0.05,0.07413,0,0,NA,NA,NA,NA,NA,NA,NA,NA,NA,NA,2001-11-02,2023,NA,NA,NA,NA
"211","Kyle Juszczyk","SF","RB","11367","robust",NA,NA,NA,NA,NA,NA,5.35,1.03782,26.5,10.08168,0.65,0.650731791044776,0.466666666666667,0.09884,0,NA,0,NA,16.75,6.07866,163,68.64438,1.1,0.88956,0,0,NA,NA,NA,NA,NA,NA,NA,NA,NA,NA,1991-04-23,2013,"Q","Achilles",2025,0
"212","Alec Ingold","MIA","RB","14420","robust",NA,NA,NA,NA,NA,NA,10.8,2.2239,21.975,0.7413,0.7,0.59304,0.45,0.34594,0,NA,0,NA,8.6,1.4826,62.5,8.37669,0,0,0,0,NA,NA,NA,NA,NA,NA,NA,NA,NA,NA,1970-01-01,2019,"Q","Concussion",2025,0
"213","Sione Vaki","DET","RB","16678","robust",NA,NA,NA,NA,NA,NA,6.35,9.41451,19.25,21.86835,0,0,0,0,NA,NA,NA,NA,1.4,1.33434,18.75,22.60965,0,0,20,0,NA,NA,NA,NA,NA,NA,NA,NA,NA,NA,2001-07-30,2024,"Q","Leg",2025,0
"214","Julius Chestnut","TEN","RB","15965","robust",NA,NA,NA,NA,NA,NA,10.8,1.33434,29.15,1.70499,0.05,0.07413,0,0,NA,NA,NA,NA,2.75,2.44629,25.3,9.34038,0.1,0.14826,467,0,NA,NA,NA,NA,NA,NA,NA,NA,NA,NA,2000-10-26,2022,NA,NA,NA,NA
"215","DeeJay Dallas","ARI","RB","14815","robust",NA,NA,NA,NA,NA,NA,6.25,0.66717,22.1,0.148259999999999,0.05,0.07413,0.25,0.37065,NA,NA,NA,NA,1.8,2.07564,10.7,15.86382,0.25,0.22239,658,0,NA,NA,NA,NA,NA,NA,NA,NA,NA,NA,1970-01-01,2020,NA,NA,NA,NA
"216","Darrynton Evans","BUF","RB","14808","robust",NA,NA,NA,NA,NA,NA,6.1,1.4826,16.65,6.89409,0.05,0.07413,0,0,NA,NA,NA,NA,0.95,1.40847,7.65,11.34189,0.05,0.07413,0,0,NA,NA,NA,NA,NA,NA,NA,NA,NA,NA,1970-01-01,2020,NA,NA,NA,NA
"217","C.J. Ham","MIN","RB","12923","robust",NA,NA,NA,NA,NA,NA,2.85,1.4826,13.55,8.00604,1.075,1.03782,0,0,0,NA,0,NA,7.45,1.03782,48.7,10.67472,0.025,0,14,0,NA,NA,NA,NA,NA,NA,NA,NA,NA,NA,1993-07-22,2016,NA,NA,NA,NA
"218","Michael Burton","DEN","RB","12325","robust",NA,NA,NA,NA,NA,NA,8.075,1.03782,10.65,5.33736,0.95,0.29652,0,0,0,NA,0,NA,8.725,1.63086,58.4,2.9652,0.65,0.29652,0,0,NA,NA,NA,NA,NA,NA,NA,NA,NA,NA,1992-02-01,2015,"Q","Undisclosed",2025,0
"219","Terrell Jennings","NE","RB","16957","robust",NA,NA,NA,NA,NA,NA,3.75,2.00151,11.05,1.40847,0.05,0.07413,0,0,NA,NA,NA,NA,0.95,1.40847,7.3,10.82298,0.05,0.07413,0,0,NA,NA,NA,NA,NA,NA,NA,NA,NA,NA,2001-03-01,2024,NA,NA,NA,NA
"220","Patrick Ricard","BAL","RB","13455","robust",NA,NA,NA,NA,NA,NA,2.15,2.89107,5.75,8.52495,0.05,0.07413,0,0,NA,NA,NA,NA,3.4,0,29,1.4826,0.4,0.14826,54,0,NA,NA,NA,NA,NA,NA,NA,NA,NA,NA,1994-05-27,2017,NA,NA,NA,NA
"221","Justin Jefferson","MIN","WR","14836","robust",NA,NA,NA,NA,NA,NA,0.875,0.0926625,2.48333333333333,3.7065,0,0,0.4,0.14826,0,NA,0,NA,105.85,6.81996,1524.25,122.3145,9.675,0.963689999999998,0,0,NA,NA,NA,NA,NA,NA,NA,NA,NA,NA,1970-01-01,2020,"Q","Hamstring",2025,0
"222","Ja'Marr Chase","CIN","WR","15281","robust",NA,NA,NA,NA,NA,NA,2.32,1.008168,16.8071428571429,5.41149,0,0,0.4,0.14826,0,NA,0,NA,118.875,2.74281,1569.15,67.9030799999999,13,2.59455,0,0,NA,NA,NA,NA,NA,NA,NA,NA,NA,NA,1970-01-01,2021,NA,NA,NA,NA
"223","Puka Nacua","LAR","WR","16211","robust",NA,NA,NA,NA,NA,NA,11.85,NA,66.6857142857143,6.31164,0.625472810330352,0.518209011404221,0.4,0.14826,0,NA,0,NA,109.75,6.15279,1430.5,108.15567,6.9,0.29652,0,0,NA,NA,NA,NA,NA,NA,NA,NA,NA,NA,2001-05-29,2023,NA,NA,NA,NA
"224","CeeDee Lamb","DAL","WR","14832","robust",NA,NA,NA,NA,NA,NA,8.42,0.889559999999999,64.4035714285714,20.0151,0.235714285714286,0.22239,1.1125,0.111195,0,NA,0,NA,114.825,3.03933,1414.425,66.1980900000001,8.9,0.7413,0,0,NA,NA,NA,NA,NA,NA,NA,NA,NA,NA,1970-01-01,2020,NA,NA,NA,NA
"225","Malik Nabers","NYG","WR","16615","robust",NA,NA,NA,NA,NA,NA,3.32,1.008168,14.1071428571429,11.90316,0,0,0.4,0.14826,0,NA,0,NA,110.75,8.30256,1340.4,117.8667,9.2,1.33434,0,0,NA,NA,NA,NA,NA,NA,NA,NA,NA,NA,2003-07-28,2024,"Q","Shoulder",2025,0
"226","Brian Thomas Jr.","JAC","WR","16618","robust",NA,NA,NA,NA,NA,NA,4.5,NA,34.5392857142857,13.38576,0,0,0.4,0.14826,0,NA,0,NA,91.8,5.48562,1311.5,74.4265200000001,9.65,2.2239,29,0,NA,NA,NA,NA,NA,NA,NA,NA,NA,NA,2002-10-08,2024,NA,NA,NA,NA
"227","Amon-Ra St. Brown","DET","WR","15287","robust",NA,NA,NA,NA,NA,NA,2.58,0.622692,16.1714285714286,5.9304,0.00833333333333333,0,0.98125,0.0185325,0,NA,0,NA,112.25,8.1543,1298.25,53.0770799999999,9.475,0.7413,0,0,NA,NA,NA,NA,NA,NA,NA,NA,NA,NA,1970-01-01,2021,NA,NA,NA,NA
"228","A.J. Brown","PHI","WR","14104","robust",NA,NA,NA,NA,NA,NA,0,0,0,0,0,0,1,0,0,NA,0,NA,86.525,4.59606,1272,100.8168,8.625,0.815430000000001,0,0,NA,NA,NA,NA,NA,NA,NA,NA,NA,NA,NA,2019,"Q","Hamstring",2025,0
"229","Nico Collins","HOU","WR","15290","robust",NA,NA,NA,NA,NA,NA,0,0,2.575,2.34745,0.03,0.044478,0.375,0.0926625,0,NA,0,NA,92,4.4478,1345.25,81.17235,10,2.2239,0,0,NA,NA,NA,NA,NA,NA,NA,NA,NA,NA,1970-01-01,2021,NA,NA,NA,NA
"230","Ladd McConkey","LAC","WR","16627","robust",NA,NA,NA,NA,NA,NA,0,0,0.891666666666667,1.16137,0,0,0.425,0.2038575,0,NA,0,NA,90,4.4478,1230.95,63.9000599999999,8.05,1.11195,0,0,NA,NA,NA,NA,NA,NA,NA,NA,NA,NA,NA,2024,"Q","Undisclosed",2025,0
"231","Drake London","ATL","WR","15751","robust",NA,NA,NA,NA,NA,NA,0.31875,0.0185325,0.808333333333333,1.4826,0,0,0.4,0.14826,0,NA,0,NA,95.575,2.07564,1229,50.9273099999999,8.075,1.4826,0,0,NA,NA,NA,NA,NA,NA,NA,NA,NA,NA,2001-07-24,2022,NA,NA,NA,NA
"232","Tyreek Hill","MIA","WR","12801","robust",NA,NA,NA,NA,NA,NA,6.95951965986328,NA,42.325,4.41603,0.00723738626964433,0,0.5625,0.0370649999999999,0,NA,0,NA,93.5,1.63086,1187.15,38.9923799999999,7.975,0.370649999999999,0,0,NA,NA,NA,NA,NA,NA,NA,NA,NA,NA,1994-03-01,2016,"Q","Oblique",2025,0
"233","Davante Adams","LAR","WR","11675","robust",NA,NA,NA,NA,NA,NA,0.31875,0.0185325,1.5,2.2239,0,0,0.375,0.0926625,0,NA,0,NA,85.425,5.48562,1115.75,97.1103,8.8,1.77912,82,0,NA,NA,NA,NA,NA,NA,NA,NA,NA,NA,1992-12-24,2014,NA,NA,NA,NA
"234","Jaxon Smith-Njigba","SEA","WR","16185","robust",NA,NA,NA,NA,NA,NA,3.72,1.03782,24.675,8.1543,0,0,0.4,0.14826,0,NA,0,NA,95.65,6.6717,1128.825,37.2873900000001,7.15,1.18608,0,0,NA,NA,NA,NA,NA,NA,NA,NA,NA,NA,2002-02-14,2023,NA,NA,NA,NA
"235","Jerry Jeudy","CLE","WR","14833","robust",NA,NA,NA,NA,NA,NA,0.31875,0.0185325,3.9,4.4478,0,0,0.475,0.0926625,0,NA,0,NA,81.625,6.30105,1094.5,131.9514,4.5,0.7413,0,0,NA,NA,NA,NA,NA,NA,NA,NA,NA,NA,1970-01-01,2020,NA,NA,NA,NA
"236","Terry McLaurin","WAS","WR","14109","robust",NA,NA,NA,NA,NA,NA,1.485,0.66717,5.73571428571429,3.83358,0,0,0.9,0,0,NA,0,NA,82,5.1891,1120.25,62.2692,9,2.9652,0,0,NA,NA,NA,NA,NA,NA,NA,NA,NA,NA,1970-01-01,2019,"O","Ankle",2025,0
"237","Tee Higgins","CIN","WR","14835","robust",NA,NA,NA,NA,NA,NA,0,0,0.3,0.44478,0,0,0.95,0.0370649999999999,0,NA,0,NA,85.65,6.81996,1128.225,88.956,9.5,1.4826,0,0,NA,NA,NA,NA,NA,NA,NA,NA,NA,NA,1970-01-01,2020,NA,NA,NA,NA
"238","D.J. Moore","CHI","WR","13635","robust",NA,NA,NA,NA,NA,NA,9,NA,56.0714285714286,8.2602,0.0496736254888429,0.0599446296296296,1.1125,0.111195,0,NA,0,NA,90.425,7.413,1060.75,58.11792,6.525,0.296519999999999,0,0,NA,NA,NA,NA,NA,NA,NA,NA,NA,NA,1997-04-14,2018,NA,NA,NA,NA
"239","Tetairoa McMillan","CAR","WR","17071","robust",NA,NA,NA,NA,NA,NA,1.125,0.4633125,9.85,3.40998,0,0,1.2,0,0,NA,0,NA,73.4,4.96671,938.05,59.45226,6,0.51891,0,0,NA,NA,NA,NA,NA,NA,NA,NA,NA,NA,2003-04-05,2025,NA,NA,NA,NA
"240","Courtland Sutton","DEN","WR","13630","robust",NA,NA,NA,NA,NA,NA,0.1875,0.185325,0.86,0.770952,0,0,1,0,0,NA,0,NA,77.425,2.9652,1028.075,26.6868,8,1.03782,0,0,NA,NA,NA,NA,NA,NA,NA,NA,NA,NA,1995-10-10,2018,NA,NA,NA,NA
"241","Marvin Harrison Jr.","ARI","WR","16614","robust",NA,NA,NA,NA,NA,NA,0,0,1.88333333333333,2.61926,0,0,0.98125,0.0185325,0,NA,0,NA,79.7,4.00302,1101.5,76.4280299999999,8.075,1.70499,35,0,NA,NA,NA,NA,NA,NA,NA,NA,NA,NA,2002-08-11,2024,NA,NA,NA,NA
"242","Brandon Aiyuk","SF","WR","14840","robust",NA,NA,NA,NA,NA,NA,0.375,0.37065,7.74,5.9304,0,0,0.6,0.14826,0,NA,0,NA,49.4,7.26474,743.5,157.00734,4.2,1.4826,0,0,NA,NA,NA,NA,NA,NA,NA,NA,NA,NA,1970-01-01,2020,"O","Knee - ACL + MCL",2025,0
"243","DK Metcalf","PIT","WR","14102","robust",NA,NA,NA,NA,NA,NA,0,0,1.1,1.4826,0,0,1.575,0.2038575,0,NA,0,NA,75.925,4.37367,1132.5,52.6323,7.5,0.44478,0,0,NA,NA,NA,NA,NA,NA,NA,NA,NA,NA,1970-01-01,2019,NA,NA,NA,NA
"244","Travis Hunter","JAC","WR","17074","robust",NA,NA,NA,NA,NA,NA,4.28,0.711648,20.4,13.3434,0.0916666666666667,0.07413,1.13333333333333,0,0,NA,0,NA,73.7,10.97124,968.25,115.49454,5.8,0.7413,0,0,NA,NA,NA,NA,NA,NA,NA,NA,NA,NA,2003-05-18,2025,NA,NA,NA,NA
"245","Garrett Wilson","NYJ","WR","15753","robust",NA,NA,NA,NA,NA,NA,2.58,0.622692,13.1035714285714,15.5673,0,0,1.575,0.2038575,0,NA,0,NA,95.25,8.8956,1117.25,44.5521299999999,6.5,0.7413,0,0,NA,NA,NA,NA,NA,NA,NA,NA,NA,NA,2000-07-22,2022,NA,NA,NA,NA
"246","DeVonta Smith","PHI","WR","15282","robust",NA,NA,NA,NA,NA,NA,0.31875,0.0185325,1.475,1.40847,0,0,0.525,0.0185325,0,NA,0,NA,82.75,6.07865999999999,1003.675,42.77301,7.5,1.63086,10,0,NA,NA,NA,NA,NA,NA,NA,NA,NA,NA,1970-01-01,2021,NA,NA,NA,NA
"247","Mike Evans","TB","WR","11671","robust",NA,NA,NA,NA,NA,NA,0,0,0.5,0.7413,0,0,0.375,0.0926625,0,NA,0,NA,78.3,2.9652,1073.85,49.9636200000001,10,1.40847,0,0,NA,NA,NA,NA,NA,NA,NA,NA,NA,NA,1993-08-21,2014,NA,NA,NA,NA
"248","Jameson Williams","DET","WR","15756","robust",NA,NA,NA,NA,NA,NA,8.7,NA,71.6214285714286,8.95913999999999,1,0,0.375,0.0926625,0,NA,0,NA,62.85,3.40998,988.3,48.1845,6,0,0,0,NA,NA,NA,NA,NA,NA,NA,NA,NA,NA,2001-03-26,2022,NA,NA,NA,NA
"249","Calvin Ridley","TEN","WR","13629","robust",NA,NA,NA,NA,NA,NA,6.2396737223772,NA,39.5,5.63388,0.300515830015309,0.424780073706875,0.925,0.0185325,0,NA,0,NA,71.475,2.07564000000001,1065.75,72.6474,6.5,1.40847,0,0,NA,NA,NA,NA,NA,NA,NA,NA,NA,NA,1994-12-20,2018,NA,NA,NA,NA
"250","Rashee Rice","KC","WR","16194","robust",NA,NA,NA,NA,NA,NA,1.62,0.563388,8.65,5.78214,0.0833333333333333,0,0.65,0.037065,0,NA,0,NA,80.45,13.78818,942.55,140.69874,7,0.7413,1,0,NA,NA,NA,NA,NA,NA,NA,NA,NA,NA,2000-04-22,2023,"Q","Groin",2025,0
"251","Chris Olave","NO","WR","15754","robust",NA,NA,NA,NA,NA,NA,0.31875,0.0185325,3.96666666666667,3.11346,0,0,1.1,0.0741300000000001,0,NA,0,NA,76.05,6.07866,968.975,64.4931,5,1.4826,50,0,NA,NA,NA,NA,NA,NA,NA,NA,NA,NA,2000-06-27,2022,"Q","Ankle",2025,0
"252","Chris Godwin","TB","WR","13163","robust",NA,NA,NA,NA,NA,NA,1.64,0.533736,10.5321428571429,3.78063,0.0666666666666667,0,0.4,0.14826,0,NA,0,NA,75.25,14.23296,865.35,214.2357,5.55,0.7413,0,0,NA,NA,NA,NA,NA,NA,NA,NA,NA,NA,1996-02-27,2017,"O","Ankle",2025,0
"253","Matthew Golden","GB","WR","17075","robust",NA,NA,NA,NA,NA,NA,1.675,0.2409225,19.9666666666667,10.52646,0,0,1.13333333333333,0,0,NA,0,NA,60.925,11.19363,873.1,136.84398,6.45,0.889559999999999,0,0,NA,NA,NA,NA,NA,NA,NA,NA,NA,NA,2003-08-01,2025,NA,NA,NA,NA
"254","Zay Flowers","BAL","WR","16190","robust",NA,NA,NA,NA,NA,NA,8.28440662444093,NA,53.8,5.04084,0.0557236702691248,0.0722763572790845,0.55,0.037065,0,NA,0,NA,75.75,8.1543,1038.35,36.5460900000001,6.15,0.222390000000001,0,0,NA,NA,NA,NA,NA,NA,NA,NA,NA,NA,2000-09-11,2023,NA,NA,NA,NA
"255","Rome Odunze","CHI","WR","16616","robust",NA,NA,NA,NA,NA,NA,2.26,0.7413,14.6071428571429,7.7307,0,0,1.075,0.0741300000000001,0,NA,0,NA,71.9,10.3782,951.75,97.62921,6,1.4826,0,0,NA,NA,NA,NA,NA,NA,NA,NA,NA,NA,2002-06-03,2024,NA,NA,NA,NA
"256","George Pickens","DAL","WR","15762","robust",NA,NA,NA,NA,NA,NA,1.6,0.59304,9.47857142857143,7.26474,0,0,0.9,0,0,NA,0,NA,69.85,2.52042,1013.5,46.7019,6.85,0.44478,67,0,NA,NA,NA,NA,NA,NA,NA,NA,NA,NA,2001-03-04,2022,NA,NA,NA,NA
"257","Cooper Kupp","SEA","WR","13164","robust",NA,NA,NA,NA,NA,NA,1.46,0.459606,8.27857142857143,8.55672,0,0,0.4,0.14826,0,NA,0,NA,73.025,8.1543,823.225,119.27517,5.05,0,0,0,NA,NA,NA,NA,NA,NA,NA,NA,NA,NA,1993-06-15,2017,NA,NA,NA,NA
"258","Jaylen Waddle","MIA","WR","15284","robust",NA,NA,NA,NA,NA,NA,2.91529843729662,NA,16.5,4.4478,0.00882749326145553,0,0.375,0.0926625,0,NA,0,NA,77.625,4.4478,996.25,40.62324,5.45,1.4826,20,0,NA,NA,NA,NA,NA,NA,NA,NA,NA,NA,1970-01-01,2021,"Q","Undisclosed",2025,0
"259","Jordan Addison","MIN","WR","16186","robust",NA,NA,NA,NA,NA,NA,1.78,0.326172,12.825,6.00453,0.245833333333333,0.358295,0.35,0.037065,0,NA,0,NA,61.175,3.92889,801.1,50.11188,6.575,0.88956,0,0,NA,NA,NA,NA,NA,NA,NA,NA,NA,NA,2002-01-27,2023,"S","Suspension",2025,0
"260","Darnell Mooney","ATL","WR","14974","robust",NA,NA,NA,NA,NA,NA,0.1875,0.185325,2.075,1.90267,0,0,0.375,0.0926625,0,NA,0,NA,61.5,3.11346,889.85,66.717,4.5,0.14826,0,0,NA,NA,NA,NA,NA,NA,NA,NA,NA,NA,1970-01-01,2020,"Q","Shoulder",2025,0
"261","Ricky Pearsall","SF","WR","16622","robust",NA,NA,NA,NA,NA,NA,4.97325521854457,NA,46.75,20.0151,0.108832417582418,0.100398630769231,0.4,0.14826,0,NA,0,NA,60.925,10.60059,812.75,160.1208,5,1.4826,35,0,NA,NA,NA,NA,NA,NA,NA,NA,NA,NA,2000-09-09,2024,NA,NA,NA,NA
"262","Khalil Shakir","BUF","WR","15761","robust",NA,NA,NA,NA,NA,NA,1.05625,0.0555975,5.20833333333333,2.84165,0,0,0.4,0.14826,0,NA,0,NA,75.9,7.85778,845.625,73.75935,4.95,0,0,0,NA,NA,NA,NA,NA,NA,NA,NA,NA,NA,2000-02-03,2022,"Q","Ankle",2025,0
"263","Jauan Jennings","SF","WR","14860","robust",NA,NA,NA,NA,NA,NA,0.675,0.66717,7.7875,11.453085,0.065,0.07413,0.4,0.14826,0,NA,0,NA,71.75,5.9304,923.7,70.4235,5.5,0.37065,32,0,NA,NA,NA,NA,NA,NA,NA,NA,NA,NA,1970-01-01,2020,"Q","Calf",2025,0
"264","Stefon Diggs","NE","WR","12186","robust",NA,NA,NA,NA,NA,NA,1.46,0.459606,7.45714285714286,3.7065,0.3125,0.407715,0.375,0.0926625,0,NA,0,NA,75.525,6.89409,849.375,99.3342,5.5,0.7413,0,0,NA,NA,NA,NA,NA,NA,NA,NA,NA,NA,1993-11-29,2015,"Q","Knee - ACL",2025,0
"265","Josh Downs","IND","WR","16187","robust",NA,NA,NA,NA,NA,NA,0.825,0.1297275,8.76666666666667,5.13968,0,0,0.375,0.0926625,0,NA,0,NA,67,4.22541,786.525,47.4432,4.6,0.88956,18,0,NA,NA,NA,NA,NA,NA,NA,NA,NA,NA,2001-08-12,2023,NA,NA,NA,NA
"266","Xavier Worthy","KC","WR","16620","robust",NA,NA,NA,NA,NA,NA,17.1148459456749,NA,102.5,20.9682,1.86906388087615,0.51891,0.375,0.0926625,0,NA,0,NA,71.5,4.4478,851.625,50.03775,7.525,0.81543,0,0,NA,NA,NA,NA,NA,NA,NA,NA,NA,NA,2003-04-27,2024,NA,NA,NA,NA
"267","Jakobi Meyers","LVR","WR","14127","robust",NA,NA,NA,NA,NA,NA,1.84,0.59304,13.6821428571429,7.48713,0.0583333333333333,0,0.375,0.0926625,0,NA,0,NA,81.1,1.77912,952.25,40.4749799999999,5.5,0.59304,0,0,NA,NA,NA,NA,NA,NA,NA,NA,NA,NA,1970-01-01,2019,NA,NA,NA,NA
"268","Jack Bech","LVR","WR","17078","robust",NA,NA,NA,NA,NA,NA,1.25,0.185325,7.89166666666667,3.7065,0,0,0.933333333333333,0,0,NA,0,NA,45.95,11.8608,576.95,160.1208,3,0.0741300000000001,190,0,NA,NA,NA,NA,NA,NA,NA,NA,NA,NA,2002-12-18,2025,NA,NA,NA,NA
"269","Emeka Egbuka","TB","WR","17081","robust",NA,NA,NA,NA,NA,NA,2.44,0.504084,13.825,12.37971,0,0,1.175,0.0741299999999999,0,NA,0,NA,53.025,4.00302,673.8,57.74727,4.5,0.7413,53,0,NA,NA,NA,NA,NA,NA,NA,NA,NA,NA,2002-10-14,2025,NA,NA,NA,NA
"270","Jayden Reed","GB","WR","16184","robust",NA,NA,NA,NA,NA,NA,14.222141001097,NA,117.042857142857,21.4977,0.929761023836957,0,1.05625,0.0555975,0,NA,0,NA,60,1.4826,811.325,32.39481,6,0.88956,0,0,NA,NA,NA,NA,NA,NA,NA,NA,NA,NA,2000-04-28,2023,"Q","Foot",2025,0
"271","Keon Coleman","BUF","WR","16617","robust",NA,NA,NA,NA,NA,NA,0.825,0.1297275,7.46666666666667,3.01462,0,0,0.375,0.0926625,0,NA,0,NA,52.05,5.63388,803.375,54.1149,6,1.33434,0,0,NA,NA,NA,NA,NA,NA,NA,NA,NA,NA,NA,2024,NA,NA,NA,NA
"272","Tre Harris","LAC","WR","17072","robust",NA,NA,NA,NA,NA,NA,1.425,0.4262475,10.7333333333333,9.3898,0,0,0.8,0.0741300000000001,0,NA,0,NA,41.7,7.56126,565.5,155.673,3.5,0.7413,186,0,NA,NA,NA,NA,NA,NA,NA,NA,NA,NA,2002-02-28,2025,NA,NA,NA,NA
"273","Deebo Samuel","WAS","WR","14136","robust",NA,NA,NA,NA,NA,NA,30.1,NA,141.725,28.9107,1.5,0.7413,0.90625,0.0926625,0,NA,0,NA,64.025,2.2239,834.55,117.1254,5.025,0.0741299999999997,398,0,NA,NA,NA,NA,NA,NA,NA,NA,NA,NA,1970-01-01,2019,NA,NA,NA,NA
"274","Michael Pittman","IND","WR","14842","robust",NA,NA,NA,NA,NA,NA,0.1875,0.185325,2.8,2.52042,0,0,0.98125,0.0185325,0,NA,0,NA,75.5,5.9304,865.575,38.5476,4,0.44478,2,0,NA,NA,NA,NA,NA,NA,NA,NA,NA,NA,1970-01-01,2020,NA,NA,NA,NA
"275","Jayden Higgins","HOU","WR","17083","robust",NA,NA,NA,NA,NA,NA,0.925,0.0555975,4.3,3.03933,0,0,0.5,0,0,NA,0,NA,53.35,9.11799,695.65,182.3598,4.25,2.2239,47,0,NA,NA,NA,NA,NA,NA,NA,NA,NA,NA,2002-12-15,2025,NA,NA,NA,NA
"276","Rashid Shaheed","NO","WR","16080","robust",NA,NA,NA,NA,NA,NA,6.59755794767031,NA,44.5,9.37215,0.00786516853932584,0,1.075,0.0555975,0,NA,1,0,53.675,3.78063,814.75,34.8411,4.75,0.0741299999999997,255,0,NA,NA,NA,NA,NA,NA,NA,NA,NA,NA,1998-08-31,2022,NA,NA,NA,NA
"277","DeAndre Hopkins","BAL","WR","11232","robust",NA,NA,NA,NA,NA,NA,0,0,0.65,0.44478,0,0,0.0333333333333333,0,0,NA,0,NA,32.65,4.4478,424.35,110.30544,3.975,1.33434,0,0,NA,NA,NA,NA,NA,NA,NA,NA,NA,NA,1992-06-06,2013,NA,NA,NA,NA
"278","Christian Kirk","HOU","WR","13633","robust",NA,NA,NA,NA,NA,NA,1.175,0.3521175,6.75,2.59455,0,0,0.725,0.0741300000000001,0,NA,0,NA,52.55,7.413,673.5,169.0164,3.5,0.7413,0,0,NA,NA,NA,NA,NA,NA,NA,NA,NA,NA,1996-11-18,2018,NA,NA,NA,NA
"279","Alec Pierce","IND","WR","15768","robust",NA,NA,NA,NA,NA,NA,0,0,0.3,0.44478,0,0,0.0333333333333333,0,0,NA,0,NA,35.825,7.93191,639.9,207.564,4.075,2.2239,6,0,NA,NA,NA,NA,NA,NA,NA,NA,NA,NA,2000-05-02,2022,"Q","Groin",2025,0
"280","Darius Slayton","NYG","WR","14122","robust",NA,NA,NA,NA,NA,NA,1.28,0.29652,8.75833333333333,4.4478,0.0166666666666667,0,0.0666666666666667,0,0,NA,0,NA,38,5.9304,551.5,57.8214,2.85,0.44478,0,0,NA,NA,NA,NA,NA,NA,NA,NA,NA,NA,NA,2019,"Q","Undisclosed",2025,0
"281","Marvin Mims","DEN","WR","16189","robust",NA,NA,NA,NA,NA,NA,12.5626928646001,NA,48.975,7.96368,0.0504173843867049,0.0669403200360604,0.4,0.14826,0,NA,1,0,47.05,7.04235,617.375,107.4885,5.225,1.77912,170,0,NA,NA,NA,NA,NA,NA,NA,NA,NA,NA,2002-03-19,2023,NA,NA,NA,NA
"282","Quentin Johnston","LAC","WR","16188","robust",NA,NA,NA,NA,NA,NA,1.94,0.22239,7.73571428571429,2.9652,0,0,0.35,0.037065,0,NA,0,NA,46.75,15.64143,599,159.3795,5.15,2.2239,0,0,NA,NA,NA,NA,NA,NA,NA,NA,NA,NA,2001-09-06,2023,NA,NA,NA,NA
"283","Adam Thielen","CAR","WR","11938","robust",NA,NA,NA,NA,NA,NA,0,0,2.40833333333333,2.10035,0,0,0.45,0.037065,0,NA,0,NA,62,8.8956,698.5,89.17839,4.7,1.03782,30,0,NA,NA,NA,NA,NA,NA,NA,NA,NA,NA,1990-08-22,2014,NA,NA,NA,NA
"284","Keenan Allen","LAC","WR","11222","robust",NA,NA,NA,NA,NA,NA,0.375,0.0926625,1.56666666666667,2.00151,0,0,0.4,0.14826,0,NA,0,NA,61,14.60361,687.675,160.34319,5.5,0.44478,13,0,NA,NA,NA,NA,NA,NA,NA,NA,NA,NA,1992-04-27,2013,NA,NA,NA,NA
"285","Dont'e Thornton","LVR","WR","17087","robust",NA,NA,NA,NA,NA,NA,0.333333333333333,0,6.8,1.4826,0.0625,0.185325,0.3,0,0,NA,0,NA,27.975,5.33736,383.1,78.5778,2.075,1.4826,78,0,NA,NA,NA,NA,NA,NA,NA,NA,NA,NA,2002-11-30,2025,NA,NA,NA,NA
"286","Troy Franklin","DEN","WR","16619","robust",NA,NA,NA,NA,NA,NA,1.03333333333333,0.04942,6,2.9652,0,0,0.05,0,0,NA,0,NA,28,5.78214,342.5,57.0801,2.85,1.11195,28,0,NA,NA,NA,NA,NA,NA,NA,NA,NA,NA,2003-02-06,2024,NA,NA,NA,NA
"287","Marquise Brown","KC","WR","14105","robust",NA,NA,NA,NA,NA,NA,0.825,0.1297275,6.2,1.4826,0,0,0.0666666666666667,0,0,NA,0,NA,54.425,5.1891,660.875,80.43105,4.1,1.18608,31,0,NA,NA,NA,NA,NA,NA,NA,NA,NA,NA,1970-01-01,2019,"Q","Ankle",2025,0
"288","Cedric Tillman","CLE","WR","16191","robust",NA,NA,NA,NA,NA,NA,1.175,0.3521175,1.65,1.85325,0,0,1.53333333333333,0,0,NA,0,NA,57,5.48562,695.9,76.3539,4,1.4826,0,0,NA,NA,NA,NA,NA,NA,NA,NA,NA,NA,2000-04-19,2023,NA,NA,NA,NA
"289","Luther Burden","CHI","WR","17070","robust",NA,NA,NA,NA,NA,NA,3.91264191632577,NA,29.2285714285714,9.57336,0.0817806669181106,0,1.1,0,0,NA,0,NA,45,5.9304,567.5,108.2298,3.45,0.7413,58,0,NA,NA,NA,NA,NA,NA,NA,NA,NA,NA,2003-12-12,2025,NA,NA,NA,NA
"290","Dyami Brown","JAC","WR","15292","robust",NA,NA,NA,NA,NA,NA,1.66666666666667,1.2355,11.87,9.85929,0,0,0.8,0,0,NA,0,NA,40.75,7.78365,520.1,189.0315,3,1.40847,106,0,NA,NA,NA,NA,NA,NA,NA,NA,NA,NA,1970-01-01,2021,NA,NA,NA,NA
"291","Rashod Bateman","BAL","WR","15293","robust",NA,NA,NA,NA,NA,NA,0,0,0.48,0.533736,0,0,0.0333333333333333,0,0,NA,0,NA,46.75,4.4478,700,110.82435,5.5,0.7413,0,0,NA,NA,NA,NA,NA,NA,NA,NA,NA,NA,1970-01-01,2021,NA,NA,NA,NA
"292","Ray-Ray McCloud","ATL","WR","13641","robust",NA,NA,NA,NA,NA,NA,8,1.4826,57.775,11.8608,0,0,1.2125,0.0370650000000002,0,NA,0,NA,48.85,8.8956,527.25,158.6382,2.5,1.03782,299,0,NA,NA,NA,NA,NA,NA,NA,NA,NA,NA,NA,2018,NA,NA,NA,NA
"293","Xavier Legette","CAR","WR","16639","robust",NA,NA,NA,NA,NA,NA,5.82,0.563388,28.1428571428571,8.7897,0.0458333333333333,0.061775,0.375,0.0926625,0,NA,0,NA,55.6,6.37518,602.3,94.29336,4.2,0.81543,91,0,NA,NA,NA,NA,NA,NA,NA,NA,NA,NA,2001-01-29,2024,NA,NA,NA,NA
"294","Kayshon Boutte","NE","WR","16193","robust",NA,NA,NA,NA,NA,NA,0.125,0.37065,0.5,0,0,0,0,0,0,NA,0,NA,35.825,21.20118,474.25,292.0722,3,0,0,0,NA,NA,NA,NA,NA,NA,NA,NA,NA,NA,2002-05-07,2023,NA,NA,NA,NA
"295","Calvin Austin III","PIT","WR","15777","robust",NA,NA,NA,NA,NA,NA,1.7875,0.630105,7.6,5.63388,0.01,0,0.5,0,0,NA,0,NA,35.825,4.89258,479.55,37.065,3.1,1.4826,0,0,NA,NA,NA,NA,NA,NA,NA,NA,NA,NA,1999-03-24,2022,"Q","Undisclosed",2025,0
"296","Demario Douglas","NE","WR","16342","robust",NA,NA,NA,NA,NA,NA,2.62,0.845082,18.25,6.6717,0,0,0.0666666666666667,0,0,NA,0,NA,60.65,10.67472,619.75,54.63381,3,0.14826,0,0,NA,NA,NA,NA,NA,NA,NA,NA,NA,NA,2000-12-08,2023,NA,NA,NA,NA
"297","Pat Bryant","DEN","WR","17082","robust",NA,NA,NA,NA,NA,NA,0,0,0,0,0,0,0.05,0,0,NA,0,NA,30.6,11.41602,388.775,128.54142,2.3,0.88956,39,0,NA,NA,NA,NA,NA,NA,NA,NA,NA,NA,2002-12-10,2025,NA,NA,NA,NA
"298","Romeo Doubs","GB","WR","15779","robust",NA,NA,NA,NA,NA,NA,0,0,2.2,2.52042,0,0,0.55,0.037065,0,NA,0,NA,50.25,5.9304,644.275,113.4189,4.5,0.370650000000001,0,0,NA,NA,NA,NA,NA,NA,NA,NA,NA,NA,2000-04-13,2022,NA,NA,NA,NA
"299","Michael Wilson","ARI","WR","16206","robust",NA,NA,NA,NA,NA,NA,0.725,0.2038575,6.1625,2.89107,0.01,0.014826,0.733333333333333,0,0,NA,0,NA,49.15,4.59606,600,97.8516,4.3,1.18608,0,0,NA,NA,NA,NA,NA,NA,NA,NA,NA,NA,2000-02-23,2023,NA,NA,NA,NA
"300","Christian Watson","GB","WR","15789","robust",NA,NA,NA,NA,NA,NA,3,NA,23.25,5.9304,0,0,0.833333333333333,0.12355,0,NA,0,NA,19.1,7.56126,308.3,117.1254,1.95,0.96369,8,0,NA,NA,NA,NA,NA,NA,NA,NA,NA,NA,1999-05-12,2022,"O","Knee - ACL",2025,0
"301","Wan'Dale Robinson","NYG","WR","15757","robust",NA,NA,NA,NA,NA,NA,3,NA,22.1928571428571,5.86686,0.0190394088669951,0,0.375,0.0926625,0,NA,0,NA,75.475,11.1195,650.75,42.9954,2.95,0.29652,0,0,NA,NA,NA,NA,NA,NA,NA,NA,NA,NA,2001-01-05,2022,NA,NA,NA,NA
"302","Tre Tucker","LVR","WR","16287","robust",NA,NA,NA,NA,NA,NA,7.85741282273957,2.9652,43.25,16.3086,0.285473901098901,0.358634423076923,0.0333333333333333,0,0,NA,0,NA,36.275,20.31162,448.5,243.1464,2.675,1.92738,0,0,NA,NA,NA,NA,NA,NA,NA,NA,NA,NA,2001-03-08,2023,NA,NA,NA,NA
"303","Josh Palmer","BUF","WR","15319","robust",NA,NA,NA,NA,NA,NA,0,0,1.1,1.11195,0,0,0.0333333333333333,0,0,NA,0,NA,43.825,3.48411,579,109.7124,3.25,1.11195,28,0,NA,NA,NA,NA,NA,NA,NA,NA,NA,NA,1970-01-01,2021,NA,NA,NA,NA
"304","Isaac TeSlaa","DET","WR","17157","robust",NA,NA,NA,NA,NA,NA,0,0,0.5,1.4826,0,0,0,0,0,NA,0,NA,16.25,11.8608,239.8,167.83032,1.5,1.63086,313,0,NA,NA,NA,NA,NA,NA,NA,NA,NA,NA,2002-02-20,2025,NA,NA,NA,NA
"305","Jalen McMillan","TB","WR","16628","robust",NA,NA,NA,NA,NA,NA,2.66,0.51891,19.025,4.52193,0,0,0.375,0.0926625,0,NA,0,NA,34.85,4.96671,448.725,62.2692,4.225,1.4826,8,0,NA,NA,NA,NA,NA,NA,NA,NA,NA,NA,2001-12-07,2024,NA,NA,NA,NA
"306","Tory Horton","SEA","WR","17098","robust",NA,NA,NA,NA,NA,NA,1,0,7.38,3.054156,0,0,0.9,0,0,NA,0,NA,28,28.02114,360.75,354.19314,1.6,1.92738,129,0,NA,NA,NA,NA,NA,NA,NA,NA,NA,NA,2002-11-29,2025,NA,NA,NA,NA
"307","Kyle Williams","NE","WR","17134","robust",NA,NA,NA,NA,NA,NA,1.81,0.281694,11.275,2.9652,0,0,0.466666666666667,0,0,NA,0,NA,36.65,3.55824,485.875,101.18745,3,0,56,0,NA,NA,NA,NA,NA,NA,NA,NA,NA,NA,2002-11-13,2025,NA,NA,NA,NA
"308","KeAndre Lambert-Smith","LAC","WR","17205","robust",NA,NA,NA,NA,NA,NA,0.5,NA,5.25,0.7413,0,0,0,0,0,NA,0,NA,14.5,7.48713,202.5,109.26762,1,0.29652,0,NA,NA,NA,NA,NA,NA,NA,NA,NA,NA,NA,2001-10-16,2025,NA,NA,NA,NA
"309","Nick Westbrook-Ikhine","MIA","WR","15109","robust",NA,NA,NA,NA,NA,NA,0,0,1.72,1.690164,0,0,0.0333333333333333,0,0,NA,0,NA,33.5,2.66868,456.35,56.3388,4,1.4826,91,0,NA,NA,NA,NA,NA,NA,NA,NA,NA,NA,1970-01-01,2020,NA,NA,NA,NA
"310","Elijah Moore","BUF","WR","15288","robust",NA,NA,NA,NA,NA,NA,1.33333333333333,0,4.365,2.164596,0,0,0,0,0,NA,0,NA,30.25,26.6868,326,281.694,1.5,0.88956,0,0,NA,NA,NA,NA,NA,NA,NA,NA,NA,NA,1970-01-01,2021,NA,NA,NA,NA
"311","Brandin Cooks","NO","WR","11674","robust",NA,NA,NA,NA,NA,NA,2.675,1.445535,5.09166666666667,5.51033,0,0,0.0333333333333333,0,0,NA,0,NA,37.7,8.00604,454.65,63.7518,2.975,1.4826,13,0,NA,NA,NA,NA,NA,NA,NA,NA,NA,NA,1993-09-25,2014,NA,NA,NA,NA
"312","Demarcus Robinson","SF","WR","12785","robust",NA,NA,NA,NA,NA,NA,0,0,2.75,1.85325,0,0,0.0333333333333333,0,0,NA,0,NA,20.325,5.9304,308.75,89.54904,2.925,0,38,0,NA,NA,NA,NA,NA,NA,NA,NA,NA,NA,NA,2016,NA,NA,NA,NA
"313","Adonai Mitchell","IND","WR","16626","robust",NA,NA,NA,NA,NA,NA,3.125,0.926625,11.8541666666667,9.6369,0.01,0,0.4,0,0,NA,0,NA,28.4,6.81996,383.275,136.54746,2,0,27,0,NA,NA,NA,NA,NA,NA,NA,NA,NA,NA,2002-10-08,2024,NA,NA,NA,NA
"314","Tutu Atwell","LAR","WR","15301","robust",NA,NA,NA,NA,NA,NA,3.63,0.44478,15.5,5.9304,0,0,0.0333333333333333,0,0,NA,0,NA,39,1.4826,503,38.5476,2,0,2,0,NA,NA,NA,NA,NA,NA,NA,NA,NA,NA,1970-01-01,2021,NA,NA,NA,NA
"315","Jalen Coker","CAR","WR","16809","robust",NA,NA,NA,NA,NA,NA,0,0,1.73,1.082298,0,0,0.0333333333333333,0.02471,0,NA,0,NA,32.9,11.1195,428.7,170.499,2.05,0.29652,42,0,NA,NA,NA,NA,NA,NA,NA,NA,NA,NA,NA,2024,NA,NA,NA,NA
"316","Tyler Lockett","TEN","WR","12187","robust",NA,NA,NA,NA,NA,NA,0,0,-0.3375,1.000755,0,0,0.0333333333333333,0,0,NA,0,NA,44.55,4.4478,535.75,26.3902799999999,3,0.14826,0,0,NA,NA,NA,NA,NA,NA,NA,NA,NA,NA,1992-09-28,2015,NA,NA,NA,NA
"317","Jalen Tolbert","DAL","WR","15788","robust",NA,NA,NA,NA,NA,NA,0,0,0,0,0,0,0.0333333333333333,0,0,NA,0,NA,37.375,6.96822,463.9,105.2646,4.275,1.4826,0,0,NA,NA,NA,NA,NA,NA,NA,NA,NA,NA,1999-02-27,2022,NA,NA,NA,NA
"318","Allen Lazard","NYJ","WR","13632","robust",NA,NA,NA,NA,NA,NA,0,0,0.375,1.11195,0.0375,0.111195,0.0333333333333333,0,0,NA,0,NA,29.425,4.74432,376.95,102.44766,3,1.92738,76,0,NA,NA,NA,NA,NA,NA,NA,NA,NA,NA,1995-12-11,2018,"Q","Shoulder",2025,0
"319","Roman Wilson","PIT","WR","16629","robust",NA,NA,NA,NA,NA,NA,0.666666666666667,0,4.75,3.33585,0,0,0.05,0,0,NA,0,NA,23,7.11648,307.5,178.35678,1.7,1.33434,13,0,NA,NA,NA,NA,NA,NA,NA,NA,NA,NA,2001-06-19,2024,NA,NA,NA,NA
"320","Josh Reynolds","NYJ","WR","13168","robust",NA,NA,NA,NA,NA,NA,0,0,0,0,0,0,0.0333333333333333,0.04942,0,NA,0,NA,35,6.52344,463.5,7.413,3.35,0.44478,0,0,NA,NA,NA,NA,NA,NA,NA,NA,NA,NA,1995-02-16,2017,NA,NA,NA,NA
"321","Marquez Valdes-Scantling","SEA","WR","13793","robust",NA,NA,NA,NA,NA,NA,1.4,0.59304,6.08333333333333,5.6833,0.01,0,0.166666666666667,0,0,NA,0,NA,26.15,4.89258,416.2,71.1648,2.5,0.59304,0,0,NA,NA,NA,NA,NA,NA,NA,NA,NA,NA,1994-10-10,2018,NA,NA,NA,NA
"322","Dontayvion Wicks","GB","WR","16195","robust",NA,NA,NA,NA,NA,NA,0,0,2.2125,2.854005,0,0,0,0,0,NA,0,NA,28.6,4.96671,354.75,82.2843,2.65,0.96369,5,0,NA,NA,NA,NA,NA,NA,NA,NA,NA,NA,2001-06-16,2023,"Q","Calf",2025,0
"323","Tim Patrick","DET","WR","13377","robust",NA,NA,NA,NA,NA,NA,0,0,-0.0666666666666667,0.04942,0,0,0.05,0,0,NA,0,NA,22.85,3.33585,297.5,31.28286,2,0,7,0,NA,NA,NA,NA,NA,NA,NA,NA,NA,NA,1993-11-23,2017,NA,NA,NA,NA
"324","Diontae Johnson","CLE","WR","14208","robust",NA,NA,NA,NA,NA,NA,0,NA,3.825,1.33434,0,0,0.775,0.0741300000000001,0,NA,0,NA,38.825,5.93040000000001,471.25,50.70492,2.85,0.14826,17,0,NA,NA,NA,NA,NA,NA,NA,NA,NA,NA,NA,2019,NA,NA,NA,NA
"325","Jalen Nailor","MIN","WR","15786","robust",NA,NA,NA,NA,NA,NA,1.75,0.22239,6.5,8.96973,0,0,0.466666666666667,0.04942,0,NA,0,NA,28.95,8.1543,383,160.1208,3.8,1.77912,0,0,NA,NA,NA,NA,NA,NA,NA,NA,NA,NA,1999-03-02,2022,NA,NA,NA,NA
"326","Tai Felton","MIN","WR","17097","robust",NA,NA,NA,NA,NA,NA,0.392857142857143,NA,5.425,2.557485,0,0,0,0,0,NA,0,NA,17.7,8.45082,214.8,121.27668,1.5,0.44478,0,0,NA,NA,NA,NA,NA,NA,NA,NA,NA,NA,2003-03-15,2025,NA,NA,NA,NA
"327","Andrei Iosivas","CIN","WR","16207","robust",NA,NA,NA,NA,NA,NA,0,0,0.1,0,0,0,0.0333333333333333,0,0,NA,0,NA,33,3.26172,407.85,97.8516,4.1,1.4826,1,0,NA,NA,NA,NA,NA,NA,NA,NA,NA,NA,1999-10-15,2023,NA,NA,NA,NA
"328","Nathaniel Dell","HOU","WR","16204","robust",NA,NA,NA,NA,NA,NA,0,0,14,20.7564,0,0,0.45,0.66717,0,NA,0,NA,10.825,2.9652,140,35.5824,0.525,0,15,0,NA,NA,NA,NA,NA,NA,NA,NA,NA,NA,1999-10-29,2023,"O","Knee - ACL + MCL",2025,0
"329","Noah Brown","WAS","WR","13172","robust",NA,NA,NA,NA,NA,NA,0,0,0.5,0.7413,0,0,0.333333333333333,0.17297,0,NA,0,NA,32,4.74432,409,61.37964,2,0.0741300000000001,0,0,NA,NA,NA,NA,NA,NA,NA,NA,NA,NA,NA,2017,NA,NA,NA,NA
"330","Jaylin Noel","HOU","WR","17080","robust",NA,NA,NA,NA,NA,NA,1.66666666666667,1.2355,16.4,11.8608,0,0,0.05,0,0,NA,0,NA,25.6,5.9304,316,47.4432,2,0.22239,114,0,NA,NA,NA,NA,NA,NA,NA,NA,NA,NA,2002-09-04,2025,NA,NA,NA,NA
"331","Parker Washington","JAC","WR","16192","robust",NA,NA,NA,NA,NA,NA,0,0,5.55,6.30105,0,0,0.05,0,0,NA,0,NA,27.5,6.89409,295.85,81.543,1.8,1.11195,170,0,NA,NA,NA,NA,NA,NA,NA,NA,NA,NA,2002-03-21,2023,NA,NA,NA,NA
"332","Devaughn Vele","DEN","WR","16788","robust",NA,NA,NA,NA,NA,NA,0,0,0.704166666666667,0,0,0,0.166666666666667,0,0,NA,0,NA,31.425,10.3782,351.575,114.1602,2.35,0.88956,18,0,NA,NA,NA,NA,NA,NA,NA,NA,NA,NA,1997-12-12,2024,NA,NA,NA,NA
"333","Olamide Zaccheaus","CHI","WR","14592","robust",NA,NA,NA,NA,NA,NA,1.025,0.0741300000000001,6,1.4826,0,0,0,0,0,NA,0,NA,17.8,7.70952,196.5,105.19047,1,0.7413,226,0,NA,NA,NA,NA,NA,NA,NA,NA,NA,NA,1970-01-01,2019,NA,NA,NA,NA
"334","Jordan Whittington","LAR","WR","16633","robust",NA,NA,NA,NA,NA,NA,1.03333333333333,0.09884,14,0.148259999999999,0,0,0.05,0,0,NA,0,NA,27.55,13.3434,332.5,80.35692,1.7,1.4826,120,0,NA,NA,NA,NA,NA,NA,NA,NA,NA,NA,2000-10-01,2024,NA,NA,NA,NA
"335","Greg Dortch","ARI","WR","14108","robust",NA,NA,NA,NA,NA,NA,4.769575017507,0.614670983455882,31,4.4478,0.0120915032679739,0,0.7,0,0,NA,0,NA,33.1,9.56277,335,90.21621,2.45,0.7413,296,0,NA,NA,NA,NA,NA,NA,NA,NA,NA,NA,1970-01-01,2019,NA,NA,NA,NA
"336","Elic Ayomanor","TEN","WR","17073","robust",NA,NA,NA,NA,NA,NA,0,0,7.5,5.55975,0,0,0.1,0,0,NA,0,NA,27.4,6.37518,321.475,73.61109,2.05,0.7413,0,NA,NA,NA,NA,NA,NA,NA,NA,NA,NA,NA,2003-06-03,2025,NA,NA,NA,NA
"337","Bub Means","NO","WR","16751","robust",NA,NA,NA,NA,NA,NA,0.9,0.29652,4,5.9304,0,0,0.433333333333333,0.19768,0,NA,0,NA,17,2.81694,200.3,31.1346,1.4,0,19,0,NA,NA,NA,NA,NA,NA,NA,NA,NA,NA,2001-01-10,2024,"Q","Lower Leg",2025,0
"338","Curtis Samuel","BUF","WR","13157","robust",NA,NA,NA,NA,NA,NA,5.3,1.92738,24,7.63539,0.00819112627986348,0,0.0333333333333333,0.02471,0,NA,0,NA,26,8.67321,271.5,104.15265,2.5,1.11195,8,0,NA,NA,NA,NA,NA,NA,NA,NA,NA,NA,1996-08-11,2017,"Q","Hamstring",2025,0
"339","Kendrick Bourne","NE","WR","13418","robust",NA,NA,NA,NA,NA,NA,1.30091911764706,0.142809264705882,9.2,0.29652,0,0,0.05,0.07413,0,NA,0,NA,20.8,4.00302,230.9,70.86828,1,0.14826,0,0,NA,NA,NA,NA,NA,NA,NA,NA,NA,NA,1995-08-04,2017,"Q","Lower Leg",2025,0
"340","Robert Woods","PIT","WR","11228","robust",NA,NA,NA,NA,NA,NA,0,0,0,0,0,0,0.65,0.407715,0,NA,0,NA,20.075,2.29803,210.975,26.90919,1,0,94,0,NA,NA,NA,NA,NA,NA,NA,NA,NA,NA,1992-04-10,2013,NA,NA,NA,NA
"341","KaVontae Turpin","DAL","WR","15981","robust",NA,NA,NA,NA,NA,NA,11.9756122387881,4.41164270522723,76,25.79724,0.25,0,0.766666666666667,0.09884,0,NA,1,0,23,4.74432,305,71.1648,1.5,0.59304,726,0,NA,NA,NA,NA,NA,NA,NA,NA,NA,NA,1996-08-02,2022,NA,NA,NA,NA
"342","Jermaine Burton","CIN","WR","16632","robust",NA,NA,NA,NA,NA,NA,0,0,2,2.9652,0,0,0.05,0,0,NA,0,NA,16.7,4.4478,226.9,29.35548,2,0,613,0,NA,NA,NA,NA,NA,NA,NA,NA,NA,NA,2001-06-28,2024,"Q","Undisclosed",2025,0
"343","Sterling Shepard","TB","WR","12658","robust",NA,NA,NA,NA,NA,NA,0,0,16.85,5.48562,0,0,0,0,0,NA,0,NA,14.625,9.78516,145.6,98.74116,0.825,0.14826,0,0,NA,NA,NA,NA,NA,NA,NA,NA,NA,NA,NA,2016,NA,NA,NA,NA
"344","David Moore","CAR","WR","13348","robust",NA,NA,NA,NA,NA,NA,0,0,0,0,0,0,0,0,0,NA,0,NA,17.3,13.63992,191.825,152.26302,1.325,1.03782,0,0,NA,NA,NA,NA,NA,NA,NA,NA,NA,NA,1995-01-15,2017,NA,NA,NA,NA
"345","KhaDarel Hodge","ATL","WR","13963","robust",NA,NA,NA,NA,NA,NA,0,0,0,0,0,0,0.05,0,0,NA,0,NA,11.5,0.296519999999999,150.5,31.43112,1,0,0,0,NA,NA,NA,NA,NA,NA,NA,NA,NA,NA,1970-01-01,2018,NA,NA,NA,NA
"346","Jake Bobo","SEA","WR","16393","robust",NA,NA,NA,NA,NA,NA,0,0,0,0,0,0,0.05,0.037065,0,NA,0,NA,14.7,2.44629,147.8,14.38122,0.925,0.0741300000000001,0,0,NA,NA,NA,NA,NA,NA,NA,NA,NA,NA,1998-08-04,2023,NA,NA,NA,NA
"347","Cedrick Wilson","NO","WR","13652","robust",NA,NA,NA,NA,NA,NA,0,0,2.5,2.9652,0,0,0,0,0,NA,0,NA,11.85,4.29954,137.7,49.51884,0.669058160399438,0.331757485567171,31,0,NA,NA,NA,NA,NA,NA,NA,NA,NA,NA,NA,2018,NA,NA,NA,NA
"348","K.J. Osborn","WAS","WR","14977","robust",NA,NA,NA,NA,NA,NA,0,0,0,0,0,0,0,0,NA,NA,NA,NA,15.55,19.49619,167.75,223.50195,1.25,1.85325,0,0,NA,NA,NA,NA,NA,NA,NA,NA,NA,NA,1970-01-01,2020,NA,NA,NA,NA
"349","John Metchie","HOU","WR","15759","robust",NA,NA,NA,NA,NA,NA,0,0,3,4.4478,0,0,0.65,0.96369,NA,NA,NA,NA,17.9,21.34944,178.2,205.78488,0.3,0.14826,0,0,NA,NA,NA,NA,NA,NA,NA,NA,NA,NA,2000-07-18,2022,NA,NA,NA,NA
"350","Malik Washington","MIA","WR","16684","robust",NA,NA,NA,NA,NA,NA,2,0,13.8,4.74432,0.075,0.111195,0.533333333333333,0.09884,0,NA,1,0,25.5,4.74432,257,60.7866,1,1.18608,599,0,NA,NA,NA,NA,NA,NA,NA,NA,NA,NA,2001-01-04,2024,NA,NA,NA,NA
"351","Jahan Dotson","PHI","WR","15755","robust",NA,NA,NA,NA,NA,NA,0,0,2.925,3.076395,0,0,0,0,0,NA,0,NA,17.15,4.4478,197.5,63.0105,1.05,0,0,0,NA,NA,NA,NA,NA,NA,NA,NA,NA,NA,2000-03-22,2022,NA,NA,NA,NA
"352","Mack Hollins","NE","WR","13289","robust",NA,NA,NA,NA,NA,NA,0,0,1.675,2.483355,0,0,0.05,0,0,NA,0,NA,14.75,4.4478,166.75,59.304,1.5,0.14826,137,0,NA,NA,NA,NA,NA,NA,NA,NA,NA,NA,1993-09-16,2017,NA,NA,NA,NA
"353","Van Jefferson","TEN","WR","14858","robust",NA,NA,NA,NA,NA,NA,0,0,1,0.7413,0,0,0.05,0.037065,0,NA,0,NA,18.675,4.15128,226.875,81.91365,1.525,0.59304,129,0,NA,NA,NA,NA,NA,NA,NA,NA,NA,NA,1970-01-01,2020,NA,NA,NA,NA
"354","Ja'Lynn Polk","NE","WR","16631","robust",NA,NA,NA,NA,NA,NA,0,0,0,0,0,0,0,0,NA,NA,NA,NA,19.8,7.26474,218.5,119.3493,1.85,0.0741299999999999,17,0,NA,NA,NA,NA,NA,NA,NA,NA,NA,NA,2002-04-11,2024,"Q","Arm",2025,0
"355","Chimere Dike","TEN","WR","17171","robust",NA,NA,NA,NA,NA,NA,1.31735090751945,0.834330907519447,6.975,5.85627,0,0,0.05,0.037065,0,NA,0,NA,17.475,2.9652,208.5,74.13,1.15,0.7413,308,0,NA,NA,NA,NA,NA,NA,NA,NA,NA,NA,2001-12-14,2025,NA,NA,NA,NA
"356","Anthony Miller","BAL","WR","13639","robust",NA,NA,NA,NA,NA,NA,0,0,0,0,0,0,0,0,NA,NA,NA,NA,14.5,16.01208,163.2,187.10412,1.25,1.85325,0,0,NA,NA,NA,NA,NA,NA,NA,NA,NA,NA,1994-10-09,2018,NA,NA,NA,NA
"357","Ben Skowronek","PIT","WR","15491","robust",NA,NA,NA,NA,NA,NA,0,0,0,0,0,0,0,0,0,NA,0,NA,11.275,2.66868,142.325,57.37662,0.75,0.7413,0,0,NA,NA,NA,NA,NA,NA,NA,NA,NA,NA,1970-01-01,2021,NA,NA,NA,NA
"358","JuJu Smith-Schuster","KC","WR","13156","robust",NA,NA,NA,NA,NA,NA,0,0,0,0,0,0,0.05,0,0,NA,0,NA,15.55,5.9304,187,71.1648,1.2,0,18,0,NA,NA,NA,NA,NA,NA,NA,NA,NA,NA,1996-11-22,2017,NA,NA,NA,NA
"359","Jalen Royals","KC","WR","17086","robust",NA,NA,NA,NA,NA,NA,0,0,3.4,3.7065,0,0,0,0,0,NA,0,NA,12,5.48562,145.25,94.1451,1,0.29652,275,0,NA,NA,NA,NA,NA,NA,NA,NA,NA,NA,2003-02-18,2025,NA,NA,NA,NA
"360","Skyy Moore","KC","WR","15766","robust",NA,NA,NA,NA,NA,NA,0,0,0,0,0,0,0,0,NA,NA,NA,NA,11.1,16.45686,126.85,186.58521,0.85,1.26021,568,0,NA,NA,NA,NA,NA,NA,NA,NA,NA,NA,2000-09-10,2022,NA,NA,NA,NA
"361","Kalif Raymond","DET","WR","13066","robust",NA,NA,NA,NA,NA,NA,0,0,4.5,1.4826,0,0,0.533333333333333,0.09884,0,NA,1,0,13,4.4478,151,53.3736,1.1,0,39,0,NA,NA,NA,NA,NA,NA,NA,NA,NA,NA,1994-08-08,2016,NA,NA,NA,NA
"362","Luke McCaffrey","WAS","WR","16635","robust",NA,NA,NA,NA,NA,NA,0,0,1,1.4826,0,0,0.3,0,0,NA,0,NA,17,4.4478,180.05,35.5824,1,0,59,0,NA,NA,NA,NA,NA,NA,NA,NA,NA,NA,2001-04-02,2024,NA,NA,NA,NA
"363","Tyler Johnson","NYJ","WR","14864","robust",NA,NA,NA,NA,NA,NA,0,0,0,0,0,0,0,0,NA,NA,NA,NA,19.05,0.96369,201.7,8.45082,1.05,0.66717,28,0,NA,NA,NA,NA,NA,NA,NA,NA,NA,NA,1970-01-01,2020,NA,NA,NA,NA
"364","Jalen Brooks","DAL","WR","16364","robust",NA,NA,NA,NA,NA,NA,0,0,2.5,3.7065,0,0,0.25,0.37065,NA,NA,NA,NA,10.35,10.30407,121.85,123.27819,0.6,0.59304,190,0,NA,NA,NA,NA,NA,NA,NA,NA,NA,NA,2000-05-07,2023,NA,NA,NA,NA
"365","Malik Heath","GB","WR","16413","robust",NA,NA,NA,NA,NA,NA,0,0,0,0,0,0,0,0,NA,NA,NA,NA,15.1,14.38122,128.2,100.52028,1.65,1.85325,1,0,NA,NA,NA,NA,NA,NA,NA,NA,NA,NA,2000-03-03,2023,NA,NA,NA,NA
"366","Zay Jones","ARI","WR","13176","robust",NA,NA,NA,NA,NA,NA,0,0,2,2.9652,0,0,0.05,0,0,NA,0,NA,15.6,5.04084,161,21.20118,1,0,0,0,NA,NA,NA,NA,NA,NA,NA,NA,NA,NA,1995-03-30,2017,NA,NA,NA,NA
"367","Tylan Wallace","BAL","WR","15285","robust",NA,NA,NA,NA,NA,NA,0,0,1.275,1.26021,0,0,0,0,0,NA,0,NA,7.675,1.4826,99,13.3434,0.675,0.29652,39,0,NA,NA,NA,NA,NA,NA,NA,NA,NA,NA,1970-01-01,2021,NA,NA,NA,NA
"368","Lil'Jordan Humphrey","NYG","WR","14118","robust",NA,NA,NA,NA,NA,NA,0,0,0,0,0,0,0.3,0.44478,NA,NA,NA,NA,11.6,11.26776,114.5,104.5233,0,0,0,0,NA,NA,NA,NA,NA,NA,NA,NA,NA,NA,1970-01-01,2019,NA,NA,NA,NA
"369","Arian Smith","NYJ","WR","17175","robust",NA,NA,NA,NA,NA,NA,0,0,3.5,2.59455,0,0,0,0,0,NA,0,NA,9.8,3.85476,121.975,37.28739,0.425,0.51891,0,NA,NA,NA,NA,NA,NA,NA,NA,NA,NA,NA,2001-10-11,2025,NA,NA,NA,NA
"370","Jalin Hyatt","NYG","WR","16183","robust",NA,NA,NA,NA,NA,NA,0,0,0.25,0.2471,0,0,0,0,0,NA,0,NA,13.6,1.4826,167.225,8.15430000000002,0.925,0.0741300000000001,190,0,NA,NA,NA,NA,NA,NA,NA,NA,NA,NA,2001-09-25,2023,"Q","Undisclosed",2025,0
"371","Trey Palmer","TB","WR","16199","robust",NA,NA,NA,NA,NA,NA,0,0,0,0,0,0,0,0,NA,NA,NA,NA,6.85,8.82147,91.4,120.98016,0.6,0.7413,9,0,NA,NA,NA,NA,NA,NA,NA,NA,NA,NA,2001-04-02,2023,"Q","Hamstring",2025,0
"372","Dante Pettis","NO","WR","13634","robust",NA,NA,NA,NA,NA,NA,1.3332672482157,0.7331286518636,7.175,5.1891,0,0,0,0,0,NA,0,NA,5.875,0.7413,68.975,11.8608,0.224672571731395,0.172646369899311,139,0,NA,NA,NA,NA,NA,NA,NA,NA,NA,NA,1995-10-23,2018,NA,NA,NA,NA
"373","Xavier Hutchinson","HOU","WR","16201","robust",NA,NA,NA,NA,NA,NA,0,0,0,0,0,0,0,0,NA,NA,NA,NA,9,7.413,98.8,79.76388,0.5,0.7413,NA,NA,NA,NA,NA,NA,NA,NA,NA,NA,NA,NA,2000-06-01,2023,NA,NA,NA,NA
"374","Bo Melton","GB","WR","15785","robust",NA,NA,NA,NA,NA,NA,0,0,10.25,0,0,0,0,0,0,NA,0,NA,7.675,1.77912,92.45,4.29954000000001,0.4,0.14826,16,0,NA,NA,NA,NA,NA,NA,NA,NA,NA,NA,1999-05-18,2022,NA,NA,NA,NA
"375","Malachi Corley","NYJ","WR","16636","robust",NA,NA,NA,NA,NA,NA,3.25740740740741,1.49907333333333,19.375,8.8956,0.0203703703703704,0.0201340740740741,0.9,0.59304,0,NA,0,NA,10.95,3.7065,110.5,35.5824,0.925,0.0741300000000001,172,0,NA,NA,NA,NA,NA,NA,NA,NA,NA,NA,2002-03-21,2024,NA,NA,NA,NA
"376","Jonathan Mingo","DAL","WR","16197","robust",NA,NA,NA,NA,NA,NA,0,0,19,28.1694,0,0,0.4,0.59304,0,NA,0,NA,7.875,2.2239,91.525,45.81234,0.05,0,73,0,NA,NA,NA,NA,NA,NA,NA,NA,NA,NA,2001-04-20,2023,NA,NA,NA,NA
"377","D.J. Chark","ATL","WR","13668","robust",NA,NA,NA,NA,NA,NA,0,0,0,0,0,0,0,0,0,NA,0,NA,8.1,0.889559999999999,104.7,9.78515999999999,0.85,0.14826,0,0,NA,NA,NA,NA,NA,NA,NA,NA,NA,NA,1996-09-23,2018,NA,NA,NA,NA
"378","Ainias Smith","PHI","WR","16686","robust",NA,NA,NA,NA,NA,NA,0,0,0.75,0,0,0,0,0,0,NA,0,NA,7.65,5.63388,58.925,21.20118,0.625,0.44478,11,0,NA,NA,NA,NA,NA,NA,NA,NA,NA,NA,2001-05-31,2024,NA,NA,NA,NA
"379","David Bell","CLE","WR","15758","robust",NA,NA,NA,NA,NA,NA,0,0,0,0,0,0,0,0,NA,NA,NA,NA,8.55,6.89409,85.4,69.08916,0.65,0.96369,0,0,NA,NA,NA,NA,NA,NA,NA,NA,NA,NA,2000-12-14,2022,"O","Hip",2025,0
"380","Michael Gallup","WAS","WR","13646","robust",NA,NA,NA,NA,NA,NA,0,0,0,0,0,0,0,0,NA,NA,NA,NA,7.3,6.37518,84.4,68.79264,0.5,0.7413,NA,NA,NA,NA,NA,NA,NA,NA,NA,NA,NA,NA,1996-03-04,2018,NA,NA,NA,NA
"381","DeAndre Carter","CLE","WR","12394","robust",NA,NA,NA,NA,NA,NA,0,0,4,2.9652,0,0,0.75,0.37065,NA,NA,NA,NA,8.45,3.63237,94.25,50.77905,0.366731517509728,0.197583852140078,NA,NA,NA,NA,NA,NA,NA,NA,NA,NA,NA,NA,1993-04-10,2015,NA,NA,NA,NA
"382","Justin Watson","HOU","WR","13776","robust",NA,NA,NA,NA,NA,NA,0,0,0,0,0,0,0,0,0,NA,0,NA,6.35,0.889559999999999,81.05,11.56428,0.525,0.44478,0,0,NA,NA,NA,NA,NA,NA,NA,NA,NA,NA,NA,2018,NA,NA,NA,NA
"383","Savion Williams","GB","WR","17096","robust",NA,NA,NA,NA,NA,NA,2.82877145438121,2.02688964769648,14.3,7.70952,0.00914634146341464,0.00904024390243902,0,0,0,NA,0,NA,6.65,3.7065,80.35,37.8063,0.85,0.14826,0,0,NA,NA,NA,NA,NA,NA,NA,NA,NA,NA,2001-11-22,2025,NA,NA,NA,NA
"384","Derius Davis","LAC","WR","16299","robust",NA,NA,NA,NA,NA,NA,9.85307511971269,1.03478055167598,36.7,14.97426,0.0223463687150838,0.0220871508379888,0.55,0.34594,0,NA,1,0,3.7,1.4826,37.775,13.3434,0.110307838279479,0.0843182673554372,730,0,NA,NA,NA,NA,NA,NA,NA,NA,NA,NA,2000-09-11,2023,NA,NA,NA,NA
"385","Jaylin Lane","WAS","WR","17184","robust",NA,NA,NA,NA,NA,NA,1.55,0.29652,9.875,0.7413,0.025,0,0.05,0.07413,0,NA,0,NA,9.325,0.59304,100.275,0.148259999999992,0.65,0.29652,401,0,NA,NA,NA,NA,NA,NA,NA,NA,NA,NA,2002-05-01,2025,NA,NA,NA,NA
"386","Johnny Wilson","PHI","WR","16625","robust",NA,NA,NA,NA,NA,NA,0,0,0,0,0,0,0,0,0,NA,0,NA,6.6,3.11346,67.45,19.86684,0.525,0.14826,0,0,NA,NA,NA,NA,NA,NA,NA,NA,NA,NA,2001-04-03,2024,NA,NA,NA,NA
"387","Bryce Oliver","TEN","WR","16975","robust",NA,NA,NA,NA,NA,NA,0,0,0,0,0,0,0,0,0,NA,0,NA,4.45,0.59304,57.15,0.444779999999996,0.05,0,214,0,NA,NA,NA,NA,NA,NA,NA,NA,NA,NA,2000-05-19,2024,NA,NA,NA,NA
"388","Rondale Moore","MIN","WR","15283","robust",NA,NA,NA,NA,NA,NA,3,1.4826,15.75,7.78365,0,0,0.1,0,NA,NA,NA,NA,9,2.9652,86.3,29.20722,0.75,0.37065,NA,NA,NA,NA,NA,NA,NA,NA,NA,NA,NA,NA,1970-01-01,2021,"Q","Knee",2025,0
"389","Devontez Walker","BAL","WR","16621","robust",NA,NA,NA,NA,NA,NA,0,0,6.425,4.89258,0,0,0,0,0,NA,0,NA,4.6,3.11346,64,55.5975,0.625,0.44478,33,0,NA,NA,NA,NA,NA,NA,NA,NA,NA,NA,2001-06-19,2024,NA,NA,NA,NA
"390","Xavier Restrepo","TEN","WR","17077","robust",NA,NA,NA,NA,NA,NA,0,0,2,0,0,0,0,0,NA,NA,NA,NA,10,0,105,0,1,0,NA,NA,NA,NA,NA,NA,NA,NA,NA,NA,NA,NA,2002-04-12,2025,NA,NA,NA,NA
"391","Hunter Renfrow","CAR","WR","14123","robust",NA,NA,NA,NA,NA,NA,0,0,-1.1,1.63086,0,0,0.5,0.7413,0,NA,0,NA,8.675,1.18608,83.55,14.67774,0.1,0,106,0,NA,NA,NA,NA,NA,NA,NA,NA,NA,NA,1970-01-01,2019,"Q","Hamstring",2025,0
"392","Xavier Gipson","NYJ","WR","16416","robust",NA,NA,NA,NA,NA,NA,0,0,3.75,1.85325,0,0,0.75,0.37065,NA,NA,1,0,5.6,2.07564,73.15,27.94701,0,0,NA,NA,NA,NA,NA,NA,NA,NA,NA,NA,NA,NA,2001-03-08,2023,"Q","Shoulder",2025,0
"393","Jacob Cowing","SF","WR","16640","robust",NA,NA,NA,NA,NA,NA,0,0,13.75,7.78365,0,0,0,0,NA,NA,NA,NA,3.5,3.55824,53.3,55.89402,0.05,0.07413,85,0,NA,NA,NA,NA,NA,NA,NA,NA,NA,NA,2001-02-04,2024,"Q","Hamstring",2025,0
"394","Jamal Agnew","ATL","WR","13308","robust",NA,NA,NA,NA,NA,NA,0,0,0,0,0,0,0,0,0,NA,0,NA,4.15,5.78214,40.525,51.891,0.175,0,3,0,NA,NA,NA,NA,NA,NA,NA,NA,NA,NA,NA,2017,NA,NA,NA,NA
"395","Scott Miller","PIT","WR","14280","robust",NA,NA,NA,NA,NA,NA,0,0,0,0,0,0,0,0,0,NA,0,NA,3.85,0.14826,49.35,2.37216,0.025,0,0,0,NA,NA,NA,NA,NA,NA,NA,NA,NA,NA,1970-01-01,2019,NA,NA,NA,NA
"396","Tyler Scott","CHI","WR","16205","robust",NA,NA,NA,NA,NA,NA,0,0,0.35,2.00151,0,0,0,0,NA,NA,NA,NA,5.65,4.37367,55.2,38.25108,0.05,0.07413,314,0,NA,NA,NA,NA,NA,NA,NA,NA,NA,NA,2001-10-12,2023,NA,NA,NA,NA
"397","Tim Jones","MIN","WR","16005","robust",NA,NA,NA,NA,NA,NA,0,0,0,0,0,0,0,0,NA,NA,NA,NA,3.55,4.96671,39.35,56.85771,0.3,0.44478,40,0,NA,NA,NA,NA,NA,NA,NA,NA,NA,NA,1998-05-16,2021,NA,NA,NA,NA
"398","Xavier Smith","LAR","WR","16428","robust",NA,NA,NA,NA,NA,NA,0,0,9.25,10.00755,0,0,0.25,0.37065,NA,NA,NA,NA,3.7,4.00302,40.5,43.7367,0,0,355,0,NA,NA,NA,NA,NA,NA,NA,NA,NA,NA,1997-09-21,2023,NA,NA,NA,NA
"399","Charlie Jones","CIN","WR","16203","robust",NA,NA,NA,NA,NA,NA,0,0,1.85,0.22239,0,0,0,0,NA,NA,NA,NA,5.45,2.14977,56.7,15.27078,0.15,0.22239,278,0,NA,NA,NA,NA,NA,NA,NA,NA,NA,NA,1998-10-29,2023,NA,NA,NA,NA
"400","Ryan Flournoy","DAL","WR","16778","robust",NA,NA,NA,NA,NA,NA,0,0,1.5,2.2239,0,0,1,1.4826,NA,NA,NA,NA,5.15,4.81845,37.35,24.68529,0.05,0.07413,99,0,NA,NA,NA,NA,NA,NA,NA,NA,NA,NA,1999-10-27,2024,NA,NA,NA,NA
"401","Devin Duvernay","CHI","WR","14847","robust",NA,NA,NA,NA,NA,NA,0,0,-0.3,3.40998,0,0,0.25,0.37065,NA,NA,NA,NA,5.9,3.55824,40.75,9.26625,0.1,0.14826,334,0,NA,NA,NA,NA,NA,NA,NA,NA,NA,NA,1970-01-01,2020,NA,NA,NA,NA
"402","Trent Sherfield","DEN","WR","13893","robust",NA,NA,NA,NA,NA,NA,0,0,0,0,0,0,0,0,NA,NA,NA,NA,3.1,1.92738,32.95,17.86533,0.45,0.51891,0,0,NA,NA,NA,NA,NA,NA,NA,NA,NA,NA,1970-01-01,2018,NA,NA,NA,NA
"403","Tommy Mellott","LVR","WR","17238","robust",NA,NA,NA,NA,NA,NA,4,0,24.05,0.0741300000000011,0.1,0.14826,0,0,NA,NA,NA,NA,3.85,0.22239,43.8,0.296519999999999,0.1,0.14826,NA,NA,NA,NA,NA,NA,NA,NA,NA,NA,NA,NA,NA,2025,NA,NA,NA,NA
"404","Jamari Thrash","CLE","WR","16624","robust",NA,NA,NA,NA,NA,NA,0,0,0,0,0,0,0,0,NA,NA,NA,NA,2.9,0.88956,27.75,18.90315,0.05,0.07413,39,0,NA,NA,NA,NA,NA,NA,NA,NA,NA,NA,2000-12-19,2024,NA,NA,NA,NA
"405","Austin Trammell","JAC","WR","16120","robust",NA,NA,NA,NA,NA,NA,0,0,0,0,0,0,0,0,0,NA,0,NA,2.625,0.59304,34.775,0.148260000000002,0.05,0,16,0,NA,NA,NA,NA,NA,NA,NA,NA,NA,NA,1998-07-04,2021,NA,NA,NA,NA
"406","Jordan Watkins","SF","WR","17192","robust",NA,NA,NA,NA,NA,NA,4.2,0.29652,21.4,8.30256,0.05,0.07413,0,0,NA,NA,NA,NA,2.3,0.44478,32.2,1.77912,0.05,0.07413,NA,NA,NA,NA,NA,NA,NA,NA,NA,NA,NA,NA,2002-02-15,2025,NA,NA,NA,NA
"407","D'Wayne Eskridge","MIA","WR","15302","robust",NA,NA,NA,NA,NA,NA,0,0,0.85,1.26021,0,0,0,0,NA,NA,NA,NA,2.1,1.33434,21.95,16.23447,0.1,0.14826,215,0,NA,NA,NA,NA,NA,NA,NA,NA,NA,NA,1970-01-01,2021,NA,NA,NA,NA
"408","Ihmir Smith-Marsette","NYG","WR","15434","robust",NA,NA,NA,NA,NA,NA,0,NA,16.25,20.38575,0.0770833333333333,0.0803075,0.25,0.37065,0,NA,0,NA,2.7,1.77912,18.625,11.8608,0.025,0,21,0,NA,NA,NA,NA,NA,NA,NA,NA,NA,NA,1970-01-01,2021,NA,NA,NA,NA
"409","Ashton Dulin","IND","WR","14315","robust",NA,NA,NA,NA,NA,NA,0,0,18.35,24.68529,0,0,0.05,0.07413,NA,NA,NA,NA,1,0.88956,12.8,10.08168,0.25,0.22239,202,0,NA,NA,NA,NA,NA,NA,NA,NA,NA,NA,NA,2019,NA,NA,NA,NA
"410","Laviska Shenault","BUF","WR","14838","robust",NA,NA,NA,NA,NA,NA,0,0,0,0,0,0,0,0,NA,NA,NA,NA,1.75,0.0741300000000001,16.75,4.07715,0.05,0.07413,242,0,NA,NA,NA,NA,NA,NA,NA,NA,NA,NA,1970-01-01,2020,NA,NA,NA,NA
"411","Nikko Remigio","KC","WR","16422","robust",NA,NA,NA,NA,NA,NA,0,0,0,0,0,0,0,0,NA,NA,NA,NA,0.35,0.37065,4.85,4.22541,0.05,0.07413,1027,0,NA,NA,NA,NA,NA,NA,NA,NA,NA,NA,1999-11-04,2023,NA,NA,NA,NA
"412","Brock Bowers","LVR","TE","16641","robust",NA,NA,NA,NA,NA,NA,2.19047619047619,NA,14.5,0.37065,0,0,0.375,0.0926625,0,NA,0,NA,105.75,6.6717,1142.125,47.07255,6.24057044241416,0.56507947584646,0,0,NA,NA,NA,NA,NA,NA,NA,NA,NA,NA,2002-12-13,2024,NA,NA,NA,NA
"413","George Kittle","SF","TE","13299","robust",NA,NA,NA,NA,NA,NA,0,0,0.5,0,0,0,0.375,0.0926625,0,NA,0,NA,77.575,4.37367,1064.5,126.021,7.34944503974428,0.518087215924867,0,0,NA,NA,NA,NA,NA,NA,NA,NA,NA,NA,1993-10-09,2017,NA,NA,NA,NA
"414","Trey McBride","ARI","TE","15794","robust",NA,NA,NA,NA,NA,NA,0,0,1.33333333333333,0,1.06666666666667,0,0.375,0.0926625,0,NA,0,NA,105.5,5.1891,1072.05,42.2541,5.85,1.33434,0,0,NA,NA,NA,NA,NA,NA,NA,NA,NA,NA,1999-11-22,2022,NA,NA,NA,NA
"415","Travis Kelce","KC","TE","11244","robust",NA,NA,NA,NA,NA,NA,0.166666666666667,NA,1.66666666666667,0,0,0,1,0,0,NA,0,NA,80.175,12.08319,779.25,147.5187,5,0,0,0,NA,NA,NA,NA,NA,NA,NA,NA,NA,NA,1989-10-05,2013,NA,NA,NA,NA
"416","Sam LaPorta","DET","TE","16214","robust",NA,NA,NA,NA,NA,NA,0,0,1,0,0,0,0.35,0.037065,0,NA,0,NA,71.725,5.9304,809,28.98483,7,1.32670857877922,0,0,NA,NA,NA,NA,NA,NA,NA,NA,NA,NA,2001-01-12,2023,NA,NA,NA,NA
"417","T.J. Hockenson","MIN","TE","14138","robust",NA,NA,NA,NA,NA,NA,0,0,0,0,0,0,0.375,0.0926625,0,NA,0,NA,75.5,4.00302,803.25,43.7367,4.5,0.7413,0,0,NA,NA,NA,NA,NA,NA,NA,NA,NA,NA,1970-01-01,2019,NA,NA,NA,NA
"418","Colston Loveland","CHI","TE","17104","robust",NA,NA,NA,NA,NA,NA,0,0,0,0,0,0,0.725,0.0741300000000001,0,NA,0,NA,57.425,6.89409,616,84.5082,4.5,0.151970961653718,0,0,NA,NA,NA,NA,NA,NA,NA,NA,NA,NA,2004-04-09,2025,NA,NA,NA,NA
"419","Tyler Warren","IND","TE","17102","robust",NA,NA,NA,NA,NA,NA,2.5,0,8.75,1.667925,0,0,1.025,0.0185324999999999,0,NA,0,NA,60.5,4.52193,689.25,64.4931,4.38673543413037,0.51891,0,0,NA,NA,NA,NA,NA,NA,NA,NA,NA,NA,2002-05-24,2025,NA,NA,NA,NA
"420","Tucker Kraft","GB","TE","16222","robust",NA,NA,NA,NA,NA,NA,0,0,10,0,0,0,0.925,0.0185325,0,NA,0,NA,57.4,4.4478,686.25,51.891,5.19316326833789,0.434643861637759,0,0,NA,NA,NA,NA,NA,NA,NA,NA,NA,NA,2000-11-03,2023,NA,NA,NA,NA
"421","Evan Engram","DEN","TE","13189","robust",NA,NA,NA,NA,NA,NA,1,0,2,0,0,0,1,0,0,NA,0,NA,74.3,5.33736,669.3,82.2843,4.00266129882729,1.04571128328267,0,0,NA,NA,NA,NA,NA,NA,NA,NA,NA,NA,1994-09-02,2017,NA,NA,NA,NA
"422","David Njoku","CLE","TE","13192","robust",NA,NA,NA,NA,NA,NA,0,0,0,0,0,0,0.85,0.0370649999999999,0,NA,0,NA,73.675,7.19061,711.275,28.98483,5,0.516342723094487,0,0,NA,NA,NA,NA,NA,NA,NA,NA,NA,NA,1996-07-10,2017,NA,NA,NA,NA
"423","Darren Waller","MIA","TE","12263","robust",NA,NA,NA,NA,NA,NA,0,0,-0.15,0,0,0,0.6,0,0,NA,0,NA,52.55,5.63388,560.75,29.28135,3.41968511917586,0.577280315380256,0,0,NA,NA,NA,NA,NA,NA,NA,NA,NA,NA,1992-09-13,2015,"O","Undisclosed",2025,0
"424","Mark Andrews","BAL","TE","13671","robust",NA,NA,NA,NA,NA,NA,2.5,0,8.75,3.150525,0,0,1,0,0,NA,0,NA,59.9,1.4826,720.75,37.065,8,1.1651215682341,0,0,NA,NA,NA,NA,NA,NA,NA,NA,NA,NA,1996-09-06,2018,NA,NA,NA,NA
"425","Dallas Goedert","PHI","TE","13674","robust",NA,NA,NA,NA,NA,NA,1.5,0,9.33333333333333,0,0,0,0.375,0.0926625,0,NA,0,NA,59.8,3.55824,680.75,71.60958,3.97994487912996,0.0887925555961575,0,0,NA,NA,NA,NA,NA,NA,NA,NA,NA,NA,1994-01-03,2018,NA,NA,NA,NA
"426","Kyle Pitts","ATL","TE","15329","robust",NA,NA,NA,NA,NA,NA,0,0,-1.1,0,0,0,0.0333333333333333,0,0,NA,0,NA,50.2,3.11346,649.75,40.7715,4.01702515482783,0.0252414945477387,0,0,NA,NA,NA,NA,NA,NA,NA,NA,NA,NA,1970-01-01,2021,NA,NA,NA,NA
"427","Jonnu Smith","PIT","TE","13193","robust",NA,NA,NA,NA,NA,NA,0.383157894736842,NA,6.18125,1.1675475,0,0,1.075,0.0741300000000001,0,NA,0,NA,59.15,4.29954,612.75,24.09225,4.83782141934149,1.7430080726314,0,0,NA,NA,NA,NA,NA,NA,NA,NA,NA,NA,1995-08-22,2017,NA,NA,NA,NA
"428","Jake Ferguson","DAL","TE","15799","robust",NA,NA,NA,NA,NA,NA,0,0,0,0,0,0,1.525,0.2409225,0,NA,0,NA,69,2.37216,647.525,26.61267,4,0.0931355680539557,0,0,NA,NA,NA,NA,NA,NA,NA,NA,NA,NA,1999-01-18,2022,"Q","Lower Back",2025,0
"429","Dalton Kincaid","BUF","TE","16213","robust",NA,NA,NA,NA,NA,NA,0,0,0,0,0,0,0.375,0.0926625,0,NA,0,NA,57.725,4.37367,596.75,46.7019,4,0,0,0,NA,NA,NA,NA,NA,NA,NA,NA,NA,NA,1999-10-18,2023,NA,NA,NA,NA
"430","Hunter Henry","NE","TE","12676","robust",NA,NA,NA,NA,NA,NA,0,0,0,0,0,0,0.35,0.037065,0,NA,0,NA,58.5,4.74432,610.65,46.99842,3.94690248308403,0.880375242840771,0,0,NA,NA,NA,NA,NA,NA,NA,NA,NA,NA,1994-12-07,2016,NA,NA,NA,NA
"431","Theo Johnson","NYG","TE","16649","robust",NA,NA,NA,NA,NA,NA,0,0,0,0,0,0,0.0333333333333333,0,0,NA,0,NA,46.775,5.1891,510.75,64.4931,3,0.22239,0,0,NA,NA,NA,NA,NA,NA,NA,NA,NA,NA,2001-02-26,2024,NA,NA,NA,NA
"432","Zach Ertz","WAS","TE","11247","robust",NA,NA,NA,NA,NA,NA,0,0,0,0,0,0,0.133333333333333,0,0,NA,0,NA,58.775,4.59606,550.5,63.7518,5.025,0.316876835097718,0,0,NA,NA,NA,NA,NA,NA,NA,NA,NA,NA,1990-11-10,2013,NA,NA,NA,NA
"433","Chigoziem Okonkwo","TEN","TE","15889","robust",NA,NA,NA,NA,NA,NA,0.5,NA,8.66666666666667,0,0,0,0.7625,0.111195,0,NA,0,NA,57.025,4.59606,569.5,77.0952,3,1.4826,0,0,NA,NA,NA,NA,NA,NA,NA,NA,NA,NA,1999-09-08,2022,NA,NA,NA,NA
"434","Cade Otton","TB","TE","15802","robust",NA,NA,NA,NA,NA,NA,0,0,-1.05,0,0,0,0.9,0,0,NA,0,NA,55.075,4.22541,575.075,53.89251,4.35,0.51891,0,0,NA,NA,NA,NA,NA,NA,NA,NA,NA,NA,1999-04-15,2022,"Q","Hamstring",2025,0
"435","Dalton Schultz","HOU","TE","13772","robust",NA,NA,NA,NA,NA,NA,0,0,0,0,0,0,0.41875,0.0185325,0,NA,0,NA,54.125,6.44931,562.25,63.30702,3.27494471068916,0.741218028067755,0,0,NA,NA,NA,NA,NA,NA,NA,NA,NA,NA,1996-07-11,2018,NA,NA,NA,NA
"436","Mike Gesicki","CIN","TE","13672","robust",NA,NA,NA,NA,NA,NA,0,0,0,0,0,0,0.766666666666667,0,0,NA,0,NA,56.1,6.6717,565.825,63.0105,3.40761341365571,0.570464705828102,0,0,NA,NA,NA,NA,NA,NA,NA,NA,NA,NA,1995-10-03,2018,"Q","Undisclosed",2025,0
"437","Brenton Strange","JAC","TE","16269","robust",NA,NA,NA,NA,NA,NA,0,0,0,0,0,0,0.833333333333333,0,0,NA,0,NA,57.8,4.4478,568.25,62.2692,3.36916438870847,0.547323122699179,0,0,NA,NA,NA,NA,NA,NA,NA,NA,NA,NA,2000-12-27,2023,NA,NA,NA,NA
"438","Pat Freiermuth","PIT","TE","15331","robust",NA,NA,NA,NA,NA,NA,0,0,0,0,0,0,1.09375,0.0926625,0,NA,0,NA,54.55,3.85476,538,42.55062,4.1,1.49971476111483,0,0,NA,NA,NA,NA,NA,NA,NA,NA,NA,NA,1970-01-01,2021,NA,NA,NA,NA
"439","Elijah Arroyo","SEA","TE","17108","robust",NA,NA,NA,NA,NA,NA,0,0,0,0,0,0,0.466666666666667,0,0,NA,0,NA,44.3,7.33887,469.75,116.3841,3.04117540809041,1.28637667993031,0,0,NA,NA,NA,NA,NA,NA,NA,NA,NA,NA,2003-04-05,2025,NA,NA,NA,NA
"440","Tyler Higbee","LAR","TE","12678","robust",NA,NA,NA,NA,NA,NA,0,0,0,0,0,0,0.0333333333333333,0,0,NA,0,NA,50.025,6.22692,477.575,70.20111,4.2171477193435,1.4826,0,0,NA,NA,NA,NA,NA,NA,NA,NA,NA,NA,1993-01-01,2016,NA,NA,NA,NA
"441","Cole Kmet","CHI","TE","14867","robust",NA,NA,NA,NA,NA,NA,0,0,0.5,0,0,0,0.35,0.037065,0,NA,0,NA,35.25,10.3782,349.25,112.6776,3,1.4826,0,0,NA,NA,NA,NA,NA,NA,NA,NA,NA,NA,1970-01-01,2020,NA,NA,NA,NA
"442","Isaiah Likely","BAL","TE","15798","robust",NA,NA,NA,NA,NA,NA,0,0,0,0,0,0,0.9,0,0,NA,0,NA,42.9,2.07564,517,69.6822,5.45,0.88956,0,0,NA,NA,NA,NA,NA,NA,NA,NA,NA,NA,2000-04-18,2022,"Q","Foot",2025,0
"443","Will Dissly","LAC","TE","13763","robust",NA,NA,NA,NA,NA,NA,0,0,1,0,0,0,0.3,0,0,NA,0,NA,41.7,8.1543,411.925,68.42199,2.5,0.620223921185448,0,0,NA,NA,NA,NA,NA,NA,NA,NA,NA,NA,NA,2018,NA,NA,NA,NA
"444","Mason Taylor","NYJ","TE","17106","robust",NA,NA,NA,NA,NA,NA,0,0,0,0,0,0,0.5,0,0,NA,0,NA,48.375,7.93191,491.5,60.7866,3,0.390731757711913,0,0,NA,NA,NA,NA,NA,NA,NA,NA,NA,NA,2004-05-08,2025,"Q","Ankle",2025,0
"445","Juwan Johnson","NO","TE","14861","robust",NA,NA,NA,NA,NA,NA,0,0,2.5,0,0.15,0,0.0666666666666667,0,0,NA,0,NA,49.975,1.70499,527.25,27.4281,3.65,0.59304,0,0,NA,NA,NA,NA,NA,NA,NA,NA,NA,NA,1970-01-01,2020,"Q","Groin",2025,0
"446","Tyler Conklin","LAC","TE","13675","robust",NA,NA,NA,NA,NA,NA,0,0,0,0,0,0,0.0333333333333333,0,0,NA,0,NA,36.275,6.89409,345,73.3887,2.47189921899878,0.379844435824811,0,0,NA,NA,NA,NA,NA,NA,NA,NA,NA,NA,NA,2018,NA,NA,NA,NA
"447","AJ Barner","SEA","TE","16723","robust",NA,NA,NA,NA,NA,NA,0,0,0,0,0,0,0.0333333333333333,0,0,NA,0,NA,31.1,2.9652,284.875,57.8214,2.5,0.59304,0,0,NA,NA,NA,NA,NA,NA,NA,NA,NA,NA,2002-05-03,2024,NA,NA,NA,NA
"448","Ja'Tavion Sanders","CAR","TE","16643","robust",NA,NA,NA,NA,NA,NA,0,NA,0,0,0,0,0.166666666666667,0,0,NA,0,NA,41.625,5.1891,423,64.64136,2.075,0.14826,0,0,NA,NA,NA,NA,NA,NA,NA,NA,NA,NA,2003-03-27,2024,NA,NA,NA,NA
"449","Robbie Ouzts","SEA","TE","17215","robust",NA,NA,NA,NA,NA,NA,NA,NA,NA,NA,NA,NA,1,0,NA,NA,NA,NA,49,0,479,0,3,0,NA,NA,NA,NA,NA,NA,NA,NA,NA,NA,NA,NA,2002-09-06,2025,NA,NA,NA,NA
"450","Noah Fant","CIN","TE","14137","robust",NA,NA,NA,NA,NA,NA,0,0,-0.8,0,0,0,0.0333333333333333,0.02471,0,NA,0,NA,37,6.6717,382.3,67.4583,2,0.29652,0,0,NA,NA,NA,NA,NA,NA,NA,NA,NA,NA,1970-01-01,2019,NA,NA,NA,NA
"451","Noah Gray","KC","TE","15337","robust",NA,NA,NA,NA,NA,NA,0,NA,-0.7,0,0,0,0,0,0,NA,0,NA,35.575,8.8956,356.25,77.8365,3.48209034980386,0.96369,0,0,NA,NA,NA,NA,NA,NA,NA,NA,NA,NA,1970-01-01,2021,NA,NA,NA,NA
"452","Terrance Ferguson","LAR","TE","17107","robust",NA,NA,NA,NA,NA,NA,0,0,0,0,0,0,0.466666666666667,0,0,NA,0,NA,22.75,4.4478,236.25,43.7367,2,0,0,0,NA,NA,NA,NA,NA,NA,NA,NA,NA,NA,2003-03-07,2025,"Q","Groin",2025,0
"453","Foster Moreau","NO","TE","14239","robust",NA,NA,NA,NA,NA,NA,0,0,0,0,0,0,0.0333333333333333,0,0,NA,0,NA,24.75,2.9652,282.225,37.065,2,1.4826,0,0,NA,NA,NA,NA,NA,NA,NA,NA,NA,NA,1970-01-01,2019,"O","Knee",2025,0
"454","Harold Fannin","CLE","TE","17103","robust",NA,NA,NA,NA,NA,NA,0,0,0,0,0,0,0.7,0,0,NA,0,NA,25.425,5.48562,250.575,62.71398,1.15,0.14826,0,0,NA,NA,NA,NA,NA,NA,NA,NA,NA,NA,2004-07-20,2025,NA,NA,NA,NA
"455","Austin Hooper","NE","TE","12677","robust",NA,NA,NA,NA,NA,NA,0,0,0,0,0,0,0.633333333333333,0,0,NA,0,NA,30.725,5.9304,307,83.0256,2,0,0,0,NA,NA,NA,NA,NA,NA,NA,NA,NA,NA,NA,2016,NA,NA,NA,NA
"456","Dawson Knox","BUF","TE","14143","robust",NA,NA,NA,NA,NA,NA,0,0,0,0,0,0,0,0,0,NA,0,NA,23.225,6.15279,262.75,45.2193,1.95,0.0741300000000001,0,0,NA,NA,NA,NA,NA,NA,NA,NA,NA,NA,1970-01-01,2019,NA,NA,NA,NA
"457","Josh Oliver","MIN","TE","14209","robust",NA,NA,NA,NA,NA,NA,0,0,0,0,0,0,0,0,0,NA,0,NA,21.15,3.7065,237.5,51.81687,1.65,0.7413,0,0,NA,NA,NA,NA,NA,NA,NA,NA,NA,NA,NA,2019,NA,NA,NA,NA
"458","Tommy Tremble","CAR","TE","15332","robust",NA,NA,NA,NA,NA,NA,0,0,0,0,0,0,0.466666666666667,0,0,NA,0,NA,23.2,8.8956,224.1,63.7518,2.325,1.33434,0,0,NA,NA,NA,NA,NA,NA,NA,NA,NA,NA,1970-01-01,2021,"O","Back",2025,0
"459","Stone Smartt","NYJ","TE","16113","robust",NA,NA,NA,NA,NA,NA,0,0,0,0,0,0,0.4,0.32123,0,NA,0,NA,15.225,8.00604,171.75,82.50669,0.85,0.7413,0,0,NA,NA,NA,NA,NA,NA,NA,NA,NA,NA,1998-10-04,2022,NA,NA,NA,NA
"460","Grant Calcaterra","PHI","TE","15804","robust",NA,NA,NA,NA,NA,NA,0,0,0,0,0,0,0,0,0,NA,0,NA,15.2,8.67321,186.5,116.3841,1,0.07413,0,0,NA,NA,NA,NA,NA,NA,NA,NA,NA,NA,1998-12-04,2022,NA,NA,NA,NA
"461","Michael Mayer","LVR","TE","16212","robust",NA,NA,NA,NA,NA,NA,0,0,0,0,0,0,0.0333333333333333,0,0,NA,0,NA,28,5.9304,258.35,36.02718,1.58562479185035,0.561535367205333,0,0,NA,NA,NA,NA,NA,NA,NA,NA,NA,NA,2001-07-06,2023,NA,NA,NA,NA
"462","Charlie Kolar","BAL","TE","15795","robust",NA,NA,NA,NA,NA,NA,0,0,1.5,1.11195,0,0,0,0,0,NA,0,NA,10,3.18759,136.5,49.88949,1,0.44478,0,0,NA,NA,NA,NA,NA,NA,NA,NA,NA,NA,1999-02-10,2022,NA,NA,NA,NA
"463","Taysom Hill","NO","TE","13424","robust",NA,NA,NA,NA,NA,NA,0,NA,209.5,44.84865,2.56143857601401,0.638584416399183,0.85,0.22239,0,NA,0,NA,24.375,8.1543,218.425,85.2495,1.85,0.502794782608696,0,0,NA,NA,NA,NA,NA,NA,NA,NA,NA,NA,1990-08-23,2017,"O","Knee - ACL",2025,0
"464","Payne Durham","TB","TE","16218","robust",NA,NA,NA,NA,NA,NA,0,0,0,0,0,0,0,0,0,NA,0,NA,14.25,2.9652,152.75,40.69737,1.8,0.7413,0,0,NA,NA,NA,NA,NA,NA,NA,NA,NA,NA,2000-06-15,2023,NA,NA,NA,NA
"465","Brevin Jordan","HOU","TE","15330","robust",NA,NA,NA,NA,NA,NA,0,0,0,0,0,0,0,0,0,NA,0,NA,19.575,3.63237,208.25,45.9606,1.075,0.44478,0,0,NA,NA,NA,NA,NA,NA,NA,NA,NA,NA,1970-01-01,2021,NA,NA,NA,NA
"466","Luke Schoonmaker","DAL","TE","16221","robust",NA,NA,NA,NA,NA,NA,0,0,0,0,0,0,0,0,0,NA,0,NA,16.475,4.4478,147.5,35.5824,1.15,0,0,0,NA,NA,NA,NA,NA,NA,NA,NA,NA,NA,1998-09-28,2023,NA,NA,NA,NA
"467","Gunnar Helm","TEN","TE","17105","robust",NA,NA,NA,NA,NA,NA,0,0,0,0,0,0,0.466666666666667,0.04942,0,NA,0,NA,16,4.89258,163.3,83.0256,1,0.07413,0,0,NA,NA,NA,NA,NA,NA,NA,NA,NA,NA,2002-09-06,2025,NA,NA,NA,NA
"468","Jelani Woods","IND","TE","15840","robust",NA,NA,NA,NA,NA,NA,0,0,0,0,0,NA,0,0,0,NA,0,NA,14.25,10.3782,211.5,40.0302,1.25,0,0,NA,NA,NA,NA,NA,NA,NA,NA,NA,NA,NA,1998-10-09,2022,NA,NA,NA,NA
"469","Josh Whyle","TEN","TE","16312","robust",NA,NA,NA,NA,NA,NA,0,0,0,0,0,0,0,0,0,NA,0,NA,22,4.4478,200,25.2042,1,0,0,0,NA,NA,NA,NA,NA,NA,NA,NA,NA,NA,1999-09-08,2023,NA,NA,NA,NA
"470","Andrew Ogletree","IND","TE","15916","robust",NA,NA,NA,NA,NA,NA,0,NA,0,0,0,0,0,0,0,NA,0,NA,13.325,7.85778,168.225,117.27366,1.2,0.88956,0,0,NA,NA,NA,NA,NA,NA,NA,NA,NA,NA,1998-07-28,2022,NA,NA,NA,NA
"471","Colby Parkinson","LAR","TE","14871","robust",NA,NA,NA,NA,NA,NA,0,0,0,0,0,0,0,0,0,NA,0,NA,19.975,9.11799,194.475,66.717,1,0.07413,0,0,NA,NA,NA,NA,NA,NA,NA,NA,NA,NA,1970-01-01,2020,NA,NA,NA,NA
"472","Tanner Hudson","CIN","TE","14370","robust",NA,NA,NA,NA,NA,NA,0,0,0,0,0,0,0.65,0.481845,0,NA,0,NA,19.75,8.8956,183,59.304,0.686377322155034,0.404386035654108,0,0,NA,NA,NA,NA,NA,NA,NA,NA,NA,NA,1970-01-01,2018,NA,NA,NA,NA
"473","Greg Dulcich","NYG","TE","15797","robust",NA,NA,NA,NA,NA,NA,0,0,0,0,0,NA,0,0,0,NA,0,NA,12.25,8.8956,133.625,95.6277,1.075,1.03782,0,NA,NA,NA,NA,NA,NA,NA,NA,NA,NA,NA,2000-03-26,2022,NA,NA,NA,NA
"474","Tip Reiman","ARI","TE","16706","robust",NA,NA,NA,NA,NA,NA,0,NA,0,0,0,0,0,0,0,NA,0,NA,13.6,6.52344,124.075,51.44622,0.9,0.29652,0,0,NA,NA,NA,NA,NA,NA,NA,NA,NA,NA,2001-09-17,2024,NA,NA,NA,NA
"475","Luke Musgrave","GB","TE","16215","robust",NA,NA,NA,NA,NA,NA,0,0,1,0,0,0,0,0,0,NA,0,NA,19.65,4.4478,187.85,42.9954,1,0.638048024543211,0,0,NA,NA,NA,NA,NA,NA,NA,NA,NA,NA,2000-09-02,2023,NA,NA,NA,NA
"476","Daniel Bellinger","NYG","TE","15873","robust",NA,NA,NA,NA,NA,NA,0,0,0,0,0,0,0,0,0,NA,0,NA,18,4.59606,151,20.31162,1,0,0,0,NA,NA,NA,NA,NA,NA,NA,NA,NA,NA,2000-09-22,2022,NA,NA,NA,NA
"477","Oronde Gadsden","LAC","TE","17099","robust",NA,NA,NA,NA,NA,NA,0,0,0,0,0,0,0.0333333333333333,0.02471,0,NA,0,NA,14.85,7.19061,156,66.04983,1,0.44478,0,0,NA,NA,NA,NA,NA,NA,NA,NA,NA,NA,2003-06-25,2025,NA,NA,NA,NA
"478","Darnell Washington","PIT","TE","16216","robust",NA,NA,NA,NA,NA,NA,0,0,0,0,0,0,0,0,0,NA,0,NA,17.75,5.9304,179.9,62.2692,0.95,0,0,0,NA,NA,NA,NA,NA,NA,NA,NA,NA,NA,2001-08-17,2023,NA,NA,NA,NA
"479","Brock Wright","DET","TE","15626","robust",NA,NA,NA,NA,NA,NA,0,0,0,0,0,0,0,0,0,NA,0,NA,18.125,2.59455,156.5,17.93946,2.2,0.14826,0,0,NA,NA,NA,NA,NA,NA,NA,NA,NA,NA,1998-11-27,2021,NA,NA,NA,NA
"480","Ben Sinnott","WAS","TE","16644","robust",NA,NA,NA,NA,NA,NA,0,0,0,0,0,0,0.05,0,0,NA,0,NA,19.95,2.9652,198,22.239,1.75,0,0,0,NA,NA,NA,NA,NA,NA,NA,NA,NA,NA,NA,2024,NA,NA,NA,NA
"481","Hunter Long","JAC","TE","15334","robust",NA,NA,NA,NA,NA,NA,0,NA,0,0,0,0,0,0,0,NA,0,NA,11.65,1.63086,100.35,42.55062,0.4,0.44478,0,0,NA,NA,NA,NA,NA,NA,NA,NA,NA,NA,1970-01-01,2021,NA,NA,NA,NA
"482","Mitchell Evans","CAR","TE","17109","robust",NA,NA,NA,NA,NA,NA,0,0,0,0,0,0,0,0,0,NA,0,NA,8.15,4.89258,87.2,58.41444,0.45,0.59304,0,0,NA,NA,NA,NA,NA,NA,NA,NA,NA,NA,2003-03-18,2025,NA,NA,NA,NA
"483","Elijah Higgins","ARI","TE","16333","robust",NA,NA,NA,NA,NA,NA,0,0,0,0,0,0,0,0,0,NA,0,NA,15.5,5.63388,149.15,57.59901,1.25,0.0741300000000001,0,0,NA,NA,NA,NA,NA,NA,NA,NA,NA,NA,2000-10-27,2023,NA,NA,NA,NA
"484","Lucas Krull","DEN","TE","15970","robust",NA,NA,NA,NA,NA,NA,0,0,0,0,0,0,0,0,0,NA,0,NA,20,5.9304,177.5,19.2738,0.55,0.431011637111197,0,0,NA,NA,NA,NA,NA,NA,NA,NA,NA,NA,1998-07-11,2022,NA,NA,NA,NA
"485","Connor Heyward","PIT","TE","15800","robust",NA,NA,NA,NA,NA,NA,0.25,NA,2,1.4826,0,0,0,0,0,NA,0,NA,13.775,3.33585,93.925,17.0499,1.15,0.51891,0,0,NA,NA,NA,NA,NA,NA,NA,NA,NA,NA,1999-01-22,2022,NA,NA,NA,NA
"486","Mo Alie-Cox","IND","TE","13246","robust",NA,NA,NA,NA,NA,NA,0,0,0,0,0,0,0,0,0,NA,0,NA,12.225,5.63388,145.75,26.6868,1.425,0.44478,0,0,NA,NA,NA,NA,NA,NA,NA,NA,NA,NA,1993-09-19,2016,NA,NA,NA,NA
"487","Jeremy Ruckert","NYJ","TE","15796","robust",NA,NA,NA,NA,NA,NA,0,0,0,0,0,0,0,0,0,NA,0,NA,21.5,3.40998,169,26.6868,1,1.4826,0,0,NA,NA,NA,NA,NA,NA,NA,NA,NA,NA,2000-08-11,2022,NA,NA,NA,NA
"488","Giovanni Ricci","MIN","TE","15054","robust",NA,NA,NA,NA,NA,NA,NA,NA,NA,NA,NA,NA,0,0,NA,NA,NA,NA,12,5.9304,144,71.1648,0,0,NA,NA,NA,NA,NA,NA,NA,NA,NA,NA,NA,NA,1970-01-01,2020,NA,NA,NA,NA
"489","Drew Sample","CIN","TE","14146","robust",NA,NA,NA,NA,NA,NA,0,0,-1.6,1.18608,0,0,0,0,0,NA,0,NA,17.75,6.37518,131,40.0302,1,0.0741300000000001,0,0,NA,NA,NA,NA,NA,NA,NA,NA,NA,NA,NA,2019,NA,NA,NA,NA
"490","Kylen Granson","PHI","TE","15419","robust",NA,NA,NA,NA,NA,NA,0,0,0,0,0,0,0,0,0,NA,0,NA,11.825,5.04084,131.1,56.3388,0.35,0.29652,0,0,NA,NA,NA,NA,NA,NA,NA,NA,NA,NA,1970-01-01,2021,NA,NA,NA,NA
"491","Adam Trautman","DEN","TE","14870","robust",NA,NA,NA,NA,NA,NA,0,0,0,0,0,0,0,0,0,NA,0,NA,13.05,1.18608,142.85,37.065,1.5,0.59304,0,0,NA,NA,NA,NA,NA,NA,NA,NA,NA,NA,1970-01-01,2020,NA,NA,NA,NA
"492","Teagan Quitoriano","ATL","TE","15905","robust",NA,NA,NA,NA,NA,NA,0,NA,0,0,0,0,0,0,0,NA,0,NA,5.5,8.1543,89.75,131.2101,0.5,0.7413,0,0,NA,NA,NA,NA,NA,NA,NA,NA,NA,NA,2000-03-15,2022,NA,NA,NA,NA
"493","Cade Stover","HOU","TE","16642","robust",NA,NA,NA,NA,NA,NA,0,0,0,0,0,0,0,0,0,NA,0,NA,16,3.26172,149.5,27.4281,1,0,0,0,NA,NA,NA,NA,NA,NA,NA,NA,NA,NA,2000-06-12,2024,NA,NA,NA,NA
"494","Julian Hill","MIA","TE","16425","robust",NA,NA,NA,NA,NA,NA,0,NA,0,0,0,0,0.466666666666667,0.09884,0,NA,0,NA,16.5,6.37518,140,40.17846,0.95,0,0,0,NA,NA,NA,NA,NA,NA,NA,NA,NA,NA,2000-07-09,2023,NA,NA,NA,NA
"495","Johnny Mundt","JAC","TE","13940","robust",NA,NA,NA,NA,NA,NA,0,0,0,0,0,0,0.366666666666667,0.27181,0,NA,0,NA,15.7,5.70801,134.6,40.0302,1,0,0,0,NA,NA,NA,NA,NA,NA,NA,NA,NA,NA,1970-01-01,2017,"Q","Upper Body",2025,0
"496","Luke Farrell","SF","TE","15335","robust",NA,NA,NA,NA,NA,NA,0,0,0,0,0,0,0,0,0,NA,0,NA,12.7,4.4478,113.9,32.6172,0.35,0.29652,0,0,NA,NA,NA,NA,NA,NA,NA,NA,NA,NA,NA,2021,NA,NA,NA,NA
"497","Donald Parham","PIT","TE","14341","robust",NA,NA,NA,NA,NA,NA,0,0,0,0,0,0,0,0,NA,NA,NA,NA,10.85,3.18759,131,25.2042,0.5,0.7413,0,0,NA,NA,NA,NA,NA,NA,NA,NA,NA,NA,NA,2019,"IR","Achilles",2025,0
"498","Will Mallory","IND","TE","16220","robust",NA,NA,NA,NA,NA,NA,0,0,0,0,0,NA,0,0,0,NA,0,NA,7.875,8.8956,85.1,85.9908,0.3,0.14826,0,NA,NA,NA,NA,NA,NA,NA,NA,NA,NA,NA,1999-06-22,2023,NA,NA,NA,NA
"499","Devin Culp","TB","TE","16796","robust",NA,NA,NA,NA,NA,NA,0,0,0,0,0,NA,0,0,0,NA,0,NA,9.575,2.9652,113.775,35.5824,0.55,0.59304,0,NA,NA,NA,NA,NA,NA,NA,NA,NA,NA,NA,2000-02-02,2024,NA,NA,NA,NA
"500","John Bates","WAS","TE","15344","robust",NA,NA,NA,NA,NA,NA,0,0,0,0,0,0,0.4,0.59304,0,NA,0,NA,12.475,2.9652,116.475,4.4478,0.15,0,6,0,NA,NA,NA,NA,NA,NA,NA,NA,NA,NA,1970-01-01,2021,NA,NA,NA,NA
"501","Tanner McLachlan","CIN","TE","16765","robust",NA,NA,NA,NA,NA,NA,0,NA,0,0,0,0,0,0,0,NA,0,NA,12.85,3.55824,109.875,29.652,0.5,0.7413,0,0,NA,NA,NA,NA,NA,NA,NA,NA,NA,NA,1999-03-15,2024,NA,NA,NA,NA
"502","Harrison Bryant","PHI","TE","14875","robust",NA,NA,NA,NA,NA,NA,0,0,0,0,0,0,0,0,0,NA,0,NA,5.625,3.7065,49.375,34.8411,0.5,0,0,0,NA,NA,NA,NA,NA,NA,NA,NA,NA,NA,1970-01-01,2020,NA,NA,NA,NA
"503","Charlie Woerner","ATL","TE","14984","robust",NA,NA,NA,NA,NA,NA,0,0,0,0,0,0,0,0,0,NA,0,NA,12.35,3.7065,109.05,29.05896,0.5,0.7413,0,0,NA,NA,NA,NA,NA,NA,NA,NA,NA,NA,1970-01-01,2020,NA,NA,NA,NA
"504","Gavin Bartholomew","MIN","TE","17231","robust",NA,NA,NA,NA,NA,NA,0,NA,0,0,0,0,0,0,0,NA,0,NA,7.65,3.55824,80,53.3736,0.55,0.59304,0,0,NA,NA,NA,NA,NA,NA,NA,NA,NA,NA,2003-04-30,2025,"O","Back",2025,0
"505","Nate Adkins","DEN","TE","16474","robust",NA,NA,NA,NA,NA,NA,0,0,0,0,0,0,0,0,0,NA,0,NA,13.925,0.815430000000001,119.5,8.1543,2.35,1.4826,0,0,NA,NA,NA,NA,NA,NA,NA,NA,NA,NA,1999-07-09,2023,NA,NA,NA,NA
"506","Durham Smythe","CHI","TE","13676","robust",NA,NA,NA,NA,NA,NA,0,0,0,0,0,0,0,0,0,NA,0,NA,9.025,4.81845,74.55,39.88194,0.075,0.07413,0,0,NA,NA,NA,NA,NA,NA,NA,NA,NA,NA,NA,2018,NA,NA,NA,NA
"507","Ross Dwelley","SF","TE","13988","robust",NA,NA,NA,NA,NA,NA,NA,NA,NA,NA,NA,NA,0,0,NA,NA,NA,NA,6,2.9652,92.85,53.59599,0.65,0.51891,NA,NA,NA,NA,NA,NA,NA,NA,NA,NA,NA,NA,1970-01-01,2018,NA,NA,NA,NA
"508","James Mitchell","CAR","TE","15909","robust",NA,NA,NA,NA,NA,NA,0,0,0,0,NA,NA,0,0,NA,NA,NA,NA,6.9,7.56126,73.2,82.72908,0.05,0.07413,NA,NA,NA,NA,NA,NA,NA,NA,NA,NA,NA,NA,1999-08-11,2022,NA,NA,NA,NA
"509","Pharaoh Brown","MIA","TE","13994","robust",NA,NA,NA,NA,NA,NA,0,0,0,0,0,0,0,0,0,NA,0,NA,11.125,1.18608,97.7,22.83204,0.5,0.7413,0,0,NA,NA,NA,NA,NA,NA,NA,NA,NA,NA,1970-01-01,2017,NA,NA,NA,NA
"510","Brevyn Spann-Ford","DAL","TE","16647","robust",NA,NA,NA,NA,NA,NA,0,0,0,0,0,0,0,0,0,NA,0,NA,10.45,2.2239,104.25,19.2738,0.4,0.44478,0,0,NA,NA,NA,NA,NA,NA,NA,NA,NA,NA,1999-12-27,2024,"Q","Ankle",2025,0
"511","Ian Thomas","LVR","TE","13678","robust",NA,NA,NA,NA,NA,NA,0,0,0,0,0,0,0,0,0,NA,0,NA,7.15,7.70952,61.5,83.0256,0.45,0.59304,0,0,NA,NA,NA,NA,NA,NA,NA,NA,NA,NA,1996-06-06,2018,NA,NA,NA,NA
"512","Jake Briningstool","KC","TE","17268","robust",NA,NA,NA,NA,NA,NA,NA,NA,NA,NA,NA,NA,0,0,NA,NA,NA,NA,12,0,121,0,1,0,NA,NA,NA,NA,NA,NA,NA,NA,NA,NA,NA,NA,2002-12-09,2025,"Q","Hamstring",2025,0
"513","Cam Grandy","CIN","TE","16979","robust",NA,NA,NA,NA,NA,NA,NA,NA,NA,NA,NA,NA,0,0,NA,NA,NA,NA,10.1,5.78214,87.5,49.6671,0.7,0.44478,NA,NA,NA,NA,NA,NA,NA,NA,NA,NA,NA,NA,1999-11-19,2024,NA,NA,NA,NA
"514","Jared Wiley","KC","TE","16648","robust",NA,NA,NA,NA,NA,NA,0,NA,0,0,0,0,0,0,0,NA,0,NA,6.65,2.37216,62.2,46.55364,0.45,0.59304,0,0,NA,NA,NA,NA,NA,NA,NA,NA,NA,NA,2000-11-02,2024,NA,NA,NA,NA
"515","Blake Whiteheart","CLE","TE","16940","robust",NA,NA,NA,NA,NA,NA,NA,NA,1,0,0,0,0,0,NA,NA,NA,NA,7,0.7413,87.75,43.36605,0.3,0.44478,0,0,NA,NA,NA,NA,NA,NA,NA,NA,NA,NA,2000-03-22,2023,NA,NA,NA,NA
"516","Lawrence Cager","WAS","TE","15041","robust",NA,NA,NA,NA,NA,NA,NA,NA,NA,NA,NA,NA,0,0,NA,NA,NA,NA,8.25,4.07715,85.5,42.2541,1.5,0.7413,NA,NA,NA,NA,NA,NA,NA,NA,NA,NA,NA,NA,1970-01-01,2020,NA,NA,NA,NA
"517","Jackson Hawes","BUF","TE","17213","robust",NA,NA,NA,NA,NA,NA,NA,NA,NA,NA,NA,NA,0,0,NA,NA,NA,NA,6.45,5.26323,70.4,60.19356,0.55,0.66717,NA,NA,NA,NA,NA,NA,NA,NA,NA,NA,NA,NA,2000-12-06,2025,NA,NA,NA,NA
"518","Robert Tonyan","KC","TE","13427","robust",NA,NA,NA,NA,NA,NA,0,0,0,0,0,NA,0,0,0,NA,0,NA,8.675,4.4478,86.325,20.7564,0.4,0.44478,0,NA,NA,NA,NA,NA,NA,NA,NA,NA,NA,NA,1994-04-30,2017,NA,NA,NA,NA
"519","Jaheim Bell","NE","TE","16646","robust",NA,NA,NA,NA,NA,NA,0,NA,0,0,0,0,0,0,0,NA,0,NA,7.7,0.44478,70,48.1845,0.5,0.7413,0,0,NA,NA,NA,NA,NA,NA,NA,NA,NA,NA,2001-06-14,2024,NA,NA,NA,NA
"520","Nick Vannett","MIN","TE","12680","robust",NA,NA,NA,NA,NA,NA,0,0,0,0,NA,NA,0,0,NA,NA,NA,NA,7,8.8956,60,74.13,1,1.4826,NA,NA,NA,NA,NA,NA,NA,NA,NA,NA,NA,NA,NA,2016,NA,NA,NA,NA
"521","Moliki Matavao","NO","TE","17259","robust",NA,NA,NA,NA,NA,NA,0,0,0,0,0,NA,0,0,0,NA,0,NA,8.75,0,86.75,7.413,0.875,0,0,NA,NA,NA,NA,NA,NA,NA,NA,NA,NA,NA,2003-03-17,2025,NA,NA,NA,NA
"522","Ben Sims","GB","TE","16483","robust",NA,NA,NA,NA,NA,NA,NA,NA,0,0,0,0,0,0,NA,NA,NA,NA,8.3,2.52042,73,42.9954,1.55,0.81543,0,0,NA,NA,NA,NA,NA,NA,NA,NA,NA,NA,2000-05-16,2023,NA,NA,NA,NA
"523","Irv Smith Jr.","HOU","TE","14141","robust",NA,NA,NA,NA,NA,NA,0,0,0,0,NA,NA,0,0,NA,NA,NA,NA,7.5,5.1891,65.9,47.59146,0.15,0.22239,NA,NA,NA,NA,NA,NA,NA,NA,NA,NA,NA,NA,1970-01-01,2019,NA,NA,NA,NA
"524","Eric Saubert","SEA","TE","13315","robust",NA,NA,NA,NA,NA,NA,0,NA,0,0,0,0,0,0,0,NA,0,NA,9.475,3.7065,69.725,1.63086,0.575,0.29652,0,0,NA,NA,NA,NA,NA,NA,NA,NA,NA,NA,1994-05-01,2017,NA,NA,NA,NA
"525","Chris Manhertz","NYG","TE","12955","robust",NA,NA,NA,NA,NA,NA,0,NA,0,0,0,0,0,0,0,NA,0,NA,5.85,3.40998,52.9,16.75338,0.6,0.14826,1,0,NA,NA,NA,NA,NA,NA,NA,NA,NA,NA,NA,NA,NA,NA,NA,NA
"526","Quintin Morris","JAC","TE","15341","robust",NA,NA,NA,NA,NA,NA,0,NA,0,0,0,0,0,0,0,NA,0,NA,6.725,4.74432,57.75,31.8759,0.575,0.29652,0,0,NA,NA,NA,NA,NA,NA,NA,NA,NA,NA,NA,2021,NA,NA,NA,NA
"527","Davis Allen","LAR","TE","16219","robust",NA,NA,NA,NA,NA,NA,NA,NA,0,0,0,0,0,0,NA,NA,NA,NA,7.45,4.96671,57.7,28.61418,0.35,0.22239,0,0,NA,NA,NA,NA,NA,NA,NA,NA,NA,NA,2001-02-03,2023,NA,NA,NA,NA
"528","Kenny Yeboah","DET","TE","15339","robust",NA,NA,NA,NA,NA,NA,NA,NA,0,0,0,0,0,0,NA,NA,NA,NA,5.1,1.33434,52.25,13.71405,0.4,0.14826,0,0,NA,NA,NA,NA,NA,NA,NA,NA,NA,NA,1970-01-01,2021,"IR","Undisclosed",2025,0
"529","Erick All","CIN","TE","16645","robust",NA,NA,NA,NA,NA,NA,NA,NA,0,0,0,0,0,0,NA,NA,NA,NA,4.15,2.59455,39.7,28.61418,0.1,0.14826,0,0,NA,NA,NA,NA,NA,NA,NA,NA,NA,NA,2000-09-13,2024,"O","Knee - ACL",2025,0
"530","Tanner Conner","MIA","TE","15991","robust",NA,NA,NA,NA,NA,NA,NA,NA,0,0,0,0,0,0,NA,NA,NA,NA,4.05,4.37367,29.65,42.47649,0.3,0.44478,0,0,NA,NA,NA,NA,NA,NA,NA,NA,NA,NA,1998-03-20,2022,NA,NA,NA,NA
"531","Feleipe Franks","ATL","TE","15244","robust",NA,NA,NA,NA,NA,NA,NA,NA,0,0,0,0,0,0,NA,NA,NA,NA,4,3.26172,36.85,28.39179,0.05,0.07413,0,0,NA,NA,NA,NA,NA,NA,NA,NA,NA,NA,NA,2021,NA,NA,NA,NA
"532","Tucker Fisk","LAC","TE","16557","robust",NA,NA,NA,NA,NA,NA,NA,NA,0,0,0,0,0,0,NA,NA,NA,NA,4.75,3.18759,36.3,15.86382,0.05,0.07413,0,0,NA,NA,NA,NA,NA,NA,NA,NA,NA,NA,1999-01-19,2022,NA,NA,NA,NA
"533","Jack Stoll","NO","TE","15541","robust",NA,NA,NA,NA,NA,NA,NA,NA,0,0,0,0,0,0,NA,NA,NA,NA,2.1,0.59304,18.85,7.19061,0,0,0,0,NA,NA,NA,NA,NA,NA,NA,NA,NA,NA,1998-01-28,2021,NA,NA,NA,NA
"534","David Martin-Robinson","TEN","TE","16831","robust",NA,NA,NA,NA,NA,NA,NA,NA,0,0,0,0,0,0,NA,NA,NA,NA,1,1.33434,9.8,13.04688,0.05,0.07413,0,0,NA,NA,NA,NA,NA,NA,NA,NA,NA,NA,1999-12-26,2024,NA,NA,NA,NA
"535","Maxx Crosby","LVR","DL","14225","robust",NA,NA,NA,NA,NA,NA,NA,NA,NA,NA,NA,NA,NA,NA,NA,NA,NA,NA,NA,NA,NA,NA,NA,NA,NA,NA,49.05,4.37367,NA,NA,0,0,4.75,1.11195,0,0,1970-01-01,2019,NA,NA,NA,NA
"536","T.J. Watt","PIT","DL","13214","robust",NA,NA,NA,NA,NA,NA,NA,NA,NA,NA,NA,NA,NA,NA,NA,NA,NA,NA,NA,NA,NA,NA,NA,NA,NA,NA,44.1,3.11346,NA,NA,0.8,0.29652,5.05,0.0741299999999997,0,0,1994-10-11,2017,NA,NA,NA,NA
"537","Andrew Van Ginkel","MIN","DL","14249","robust",NA,NA,NA,NA,NA,NA,NA,NA,NA,NA,NA,NA,NA,NA,NA,NA,NA,NA,NA,NA,NA,NA,NA,NA,NA,NA,44.55,0.815430000000001,NA,NA,0.8,0.29652,3.5,2.2239,0.6,0,NA,2019,NA,NA,NA,NA
"538","Derrick Brown","CAR","DL","14897","robust",NA,NA,NA,NA,NA,NA,NA,NA,NA,NA,NA,NA,NA,NA,NA,NA,NA,NA,NA,NA,NA,NA,NA,NA,NA,NA,42.4,3.85476,NA,NA,0.2,0.29652,4.55,0.66717,0,0,1998-04-15,2020,"Q","Oblique",2025,0
"539","Myles Garrett","CLE","DL","13198","robust",NA,NA,NA,NA,NA,NA,NA,NA,NA,NA,NA,NA,NA,NA,NA,NA,NA,NA,NA,NA,NA,NA,NA,NA,NA,NA,41.05,4.52193,NA,NA,0,0,2.15,0.22239,0,0,1995-12-29,2017,NA,NA,NA,NA
"540","Jonathan Greenard","MIN","DL","14882","robust",NA,NA,NA,NA,NA,NA,NA,NA,NA,NA,NA,NA,NA,NA,NA,NA,NA,NA,NA,NA,NA,NA,NA,NA,NA,NA,41.05,4.52193,NA,NA,0.2,0.29652,2.85,1.26021,0.4,0,1997-05-25,2020,NA,NA,NA,NA
"541","Anfernee Jennings","NE","DL","14894","robust",NA,NA,NA,NA,NA,NA,NA,NA,NA,NA,NA,NA,NA,NA,NA,NA,NA,NA,NA,NA,NA,NA,NA,NA,NA,NA,43.05,1.40847,NA,NA,0,0,1.65,0.96369,0,0,1997-05-01,2020,NA,NA,NA,NA
"542","AShawn Robinson","CAR","DL","12697","robust",NA,NA,NA,NA,NA,NA,NA,NA,NA,NA,NA,NA,NA,NA,NA,NA,NA,NA,NA,NA,NA,NA,NA,NA,NA,NA,37.85,8.67321,NA,NA,0,0,1.05,0.0741300000000001,0,0,1995-03-21,2016,NA,NA,NA,NA
"543","Nick Bosa","SF","DL","14147","robust",NA,NA,NA,NA,NA,NA,NA,NA,NA,NA,NA,NA,NA,NA,NA,NA,NA,NA,NA,NA,NA,NA,NA,NA,NA,NA,39.75,5.55975,NA,NA,0.8,0.29652,2.3,0.44478,0,0,1970-01-01,2019,NA,NA,NA,NA
"544","DeForest Buckner","IND","DL","12688","robust",NA,NA,NA,NA,NA,NA,NA,NA,NA,NA,NA,NA,NA,NA,NA,NA,NA,NA,NA,NA,NA,NA,NA,NA,NA,NA,38.35,6.89409,NA,NA,0,0,3.15,0.22239,0,0,1994-03-17,2016,"Q","Foot",2025,0
"545","Harold Landry","NE","DL","13700","robust",NA,NA,NA,NA,NA,NA,NA,NA,NA,NA,NA,NA,NA,NA,NA,NA,NA,NA,NA,NA,NA,NA,NA,NA,NA,NA,40.25,3.33585,NA,NA,0,0,1.8,0.29652,0,0,1996-06-05,2018,NA,NA,NA,NA
"546","Leonard Williams","SEA","DL","12225","robust",NA,NA,NA,NA,NA,NA,NA,NA,NA,NA,NA,NA,NA,NA,NA,NA,NA,NA,NA,NA,NA,NA,NA,NA,NA,NA,37.05,7.48713,NA,NA,0.1,0.14826,2.7,1.03782,0.2,0,1994-06-20,2015,NA,NA,NA,NA
"547","YaYa Diaby","TB","DL","16278","robust",NA,NA,NA,NA,NA,NA,NA,NA,NA,NA,NA,NA,NA,NA,NA,NA,NA,NA,NA,NA,NA,NA,NA,NA,NA,NA,36.55,8.22843,NA,NA,0,0,0,0,0,0,1999-05-30,2023,NA,NA,NA,NA
"548","Danielle Hunter","HOU","DL","12221","robust",NA,NA,NA,NA,NA,NA,NA,NA,NA,NA,NA,NA,NA,NA,NA,NA,NA,NA,NA,NA,NA,NA,NA,NA,NA,NA,38.45,3.78063,NA,NA,0,0,2.3,0.44478,0.8,0,1994-10-29,2015,NA,NA,NA,NA
"549","Carl Granderson","NO","DL","14405","robust",NA,NA,NA,NA,NA,NA,NA,NA,NA,NA,NA,NA,NA,NA,NA,NA,NA,NA,NA,NA,NA,NA,NA,NA,NA,NA,37.4,5.33736,NA,NA,0.2,0.29652,2.3,0.44478,0,0,1996-12-18,2019,NA,NA,NA,NA
"550","Alex Highsmith","PIT","DL","14940","robust",NA,NA,NA,NA,NA,NA,NA,NA,NA,NA,NA,NA,NA,NA,NA,NA,NA,NA,NA,NA,NA,NA,NA,NA,NA,NA,35.5,6.6717,NA,NA,0.9,0.14826,3.05,1.55673,0,0,1997-08-07,2020,"Q","Groin",2025,0
"551","Jeffery Simmons","TEN","DL","14163","robust",NA,NA,NA,NA,NA,NA,NA,NA,NA,NA,NA,NA,NA,NA,NA,NA,NA,NA,NA,NA,NA,NA,NA,NA,NA,NA,38.25,2.59455,NA,NA,0,0,3.75,0.37065,0,0,1970-01-01,2019,NA,NA,NA,NA
"552","Aidan Hutchinson","DET","DL","15805","robust",NA,NA,NA,NA,NA,NA,NA,NA,NA,NA,NA,NA,NA,NA,NA,NA,NA,NA,NA,NA,NA,NA,NA,NA,NA,NA,38.55,0.815430000000001,NA,NA,1,1.4826,4.55,0.66717,0,0,2000-08-09,2022,NA,NA,NA,NA
"553","Jaelan Phillips","MIA","DL","15349","robust",NA,NA,NA,NA,NA,NA,NA,NA,NA,NA,NA,NA,NA,NA,NA,NA,NA,NA,NA,NA,NA,NA,NA,NA,NA,NA,35.5,5.1891,NA,NA,0.35,0.51891,3.65,2.44629,0.4,0,1999-05-28,2021,"Q","Knee",2025,0
"554","D.J. Wonnum","CAR","DL","14947","robust",NA,NA,NA,NA,NA,NA,NA,NA,NA,NA,NA,NA,NA,NA,NA,NA,NA,NA,NA,NA,NA,NA,NA,NA,NA,NA,33.9,7.26474,NA,NA,0,0,2.35,0.51891,0,0,1997-10-31,2020,NA,NA,NA,NA
"555","Gregory Rousseau","BUF","DL","15346","robust",NA,NA,NA,NA,NA,NA,NA,NA,NA,NA,NA,NA,NA,NA,NA,NA,NA,NA,NA,NA,NA,NA,NA,NA,NA,NA,38.35,0.518910000000002,NA,NA,0,0,3.2,0.29652,0,0,2000-04-05,2021,NA,NA,NA,NA
"556","Kwity Paye","IND","DL","15345","robust",NA,NA,NA,NA,NA,NA,NA,NA,NA,NA,NA,NA,NA,NA,NA,NA,NA,NA,NA,NA,NA,NA,NA,NA,NA,NA,34.3,6.37518,NA,NA,0,0,2.15,1.70499,0,0,1998-11-19,2021,"Q","Groin",2025,0
"557","Micah Parsons","DAL","DL","15350","robust",NA,NA,NA,NA,NA,NA,NA,NA,NA,NA,NA,NA,NA,NA,NA,NA,NA,NA,NA,NA,NA,NA,NA,NA,NA,NA,37.45,0.815430000000001,NA,NA,0,0,1.55,0.66717,0,0,1999-05-26,2021,"Q","Back",2025,0
"558","Josh Allen","JAC","DL","14167","robust",NA,NA,NA,NA,NA,NA,NA,NA,NA,NA,NA,NA,NA,NA,NA,NA,NA,NA,NA,NA,NA,NA,NA,NA,NA,NA,37.55,0.667169999999999,NA,NA,0.8,0.29652,1.8,0.29652,0,0,1970-01-01,2019,NA,NA,NA,NA
"559","Bradley Chubb","MIA","DL","13681","robust",NA,NA,NA,NA,NA,NA,NA,NA,NA,NA,NA,NA,NA,NA,NA,NA,NA,NA,NA,NA,NA,NA,NA,NA,NA,NA,37.55,0.667169999999999,NA,NA,0.5,0.7413,3.55,2.29803,0.3,0,1996-06-24,2018,NA,NA,NA,NA
"560","Leonard Floyd","ATL","DL","12734","robust",NA,NA,NA,NA,NA,NA,NA,NA,NA,NA,NA,NA,NA,NA,NA,NA,NA,NA,NA,NA,NA,NA,NA,NA,NA,NA,27.4,15.41904,NA,NA,0,0,1.1,0.14826,0,0,1992-09-08,2016,NA,NA,NA,NA
"561","Will Anderson","HOU","DL","16223","robust",NA,NA,NA,NA,NA,NA,NA,NA,NA,NA,NA,NA,NA,NA,NA,NA,NA,NA,NA,NA,NA,NA,NA,NA,NA,NA,34.05,4.52193,NA,NA,0,0,3.9,2.81694,0,0,2001-09-02,2023,NA,NA,NA,NA
"562","Demarcus Lawrence","SEA","DL","11769","robust",NA,NA,NA,NA,NA,NA,NA,NA,NA,NA,NA,NA,NA,NA,NA,NA,NA,NA,NA,NA,NA,NA,NA,NA,NA,NA,31.05,8.96973,NA,NA,0,0,2.9,0.14826,0,0,1992-04-02,2014,NA,NA,NA,NA
"563","Brian Burns","NYG","DL","14171","robust",NA,NA,NA,NA,NA,NA,NA,NA,NA,NA,NA,NA,NA,NA,NA,NA,NA,NA,NA,NA,NA,NA,NA,NA,NA,NA,36.2,1.18608,NA,NA,0,0,4.9,1.33434,0,0,1970-01-01,2019,NA,NA,NA,NA
"564","Josh Sweat","ARI","DL","13690","robust",NA,NA,NA,NA,NA,NA,NA,NA,NA,NA,NA,NA,NA,NA,NA,NA,NA,NA,NA,NA,NA,NA,NA,NA,NA,NA,32.8,5.63388,NA,NA,0,0,2.45,0.66717,0,0,1997-03-29,2018,NA,NA,NA,NA
"565","George Karlaftis","KC","DL","15808","robust",NA,NA,NA,NA,NA,NA,NA,NA,NA,NA,NA,NA,NA,NA,NA,NA,NA,NA,NA,NA,NA,NA,NA,NA,NA,NA,29.55,9.71103,NA,NA,0,0,3.65,0.51891,0,0,2001-04-03,2022,NA,NA,NA,NA
"566","Cameron Heyward","PIT","DL","10266","robust",NA,NA,NA,NA,NA,NA,NA,NA,NA,NA,NA,NA,NA,NA,NA,NA,NA,NA,NA,NA,NA,NA,NA,NA,NA,NA,33.05,4.52193,NA,NA,0,0,7.75,2.59455,0,0,1989-05-06,2011,NA,NA,NA,NA
"567","Kobie Turner","LAR","DL","16282","robust",NA,NA,NA,NA,NA,NA,NA,NA,NA,NA,NA,NA,NA,NA,NA,NA,NA,NA,NA,NA,NA,NA,NA,NA,NA,NA,36,0,NA,NA,0,0,2.9,0.14826,0,0,1999-04-26,2023,"Q","Back",2025,0
"568","Jared Verse","LAR","DL","16653","robust",NA,NA,NA,NA,NA,NA,NA,NA,NA,NA,NA,NA,NA,NA,NA,NA,NA,NA,NA,NA,NA,NA,NA,NA,NA,NA,31.1,7.26474,NA,NA,0,0,1.85,0.22239,1.8,0,2000-11-04,2024,"Q","Knee",2025,0
"569","Malcolm Koonce","LVR","DL","15395","robust",NA,NA,NA,NA,NA,NA,NA,NA,NA,NA,NA,NA,NA,NA,NA,NA,NA,NA,NA,NA,NA,NA,NA,NA,NA,NA,31.65,5.41149,NA,NA,0,0,0.9,1.33434,0,0,1998-06-06,2021,NA,NA,NA,NA
"570","Khalil Mack","LAC","DL","11721","robust",NA,NA,NA,NA,NA,NA,NA,NA,NA,NA,NA,NA,NA,NA,NA,NA,NA,NA,NA,NA,NA,NA,NA,NA,NA,NA,35.05,0.0741300000000011,NA,NA,0,0,6.95,0.0741299999999997,0,0,1991-02-22,2014,NA,NA,NA,NA
"571","Joey Bosa","BUF","DL","12686","robust",NA,NA,NA,NA,NA,NA,NA,NA,NA,NA,NA,NA,NA,NA,NA,NA,NA,NA,NA,NA,NA,NA,NA,NA,NA,NA,25.7,12.89862,NA,NA,0,0,1.35,0.51891,0,0,1995-07-11,2016,NA,NA,NA,NA
"572","Adam Butler","LVR","DL","13448","robust",NA,NA,NA,NA,NA,NA,NA,NA,NA,NA,NA,NA,NA,NA,NA,NA,NA,NA,NA,NA,NA,NA,NA,NA,NA,NA,32.1,3.11346,NA,NA,0,0,1.1,1.33434,0,0,NA,NA,"Q","Personal",2025,0
"573","Zach Allen","DEN","DL","14153","robust",NA,NA,NA,NA,NA,NA,NA,NA,NA,NA,NA,NA,NA,NA,NA,NA,NA,NA,NA,NA,NA,NA,NA,NA,NA,NA,32.05,3.03933,NA,NA,0.15,0.22239,1.65,0.51891,0,0,1970-01-01,2019,NA,NA,NA,NA
"574","Cameron Jordan","NO","DL","10292","robust",NA,NA,NA,NA,NA,NA,NA,NA,NA,NA,NA,NA,NA,NA,NA,NA,NA,NA,NA,NA,NA,NA,NA,NA,NA,NA,30.5,5.1891,NA,NA,0.55,0.81543,3.25,0.37065,0,0,1989-07-10,2011,NA,NA,NA,NA
"575","Abdul Carter","NYG","DL","17112","robust",NA,NA,NA,NA,NA,NA,NA,NA,NA,NA,NA,NA,NA,NA,NA,NA,NA,NA,NA,NA,NA,NA,NA,NA,NA,NA,26,11.8608,NA,NA,0,0,1.7,1.03782,0,0,2004-01-02,2025,NA,NA,NA,NA
"576","Jonathon Cooper","DEN","DL","15484","robust",NA,NA,NA,NA,NA,NA,NA,NA,NA,NA,NA,NA,NA,NA,NA,NA,NA,NA,NA,NA,NA,NA,NA,NA,NA,NA,31.5,3.7065,NA,NA,0,0,1,1.4826,0,0,1998-01-08,2021,NA,NA,NA,NA
"577","Tuli Tuipulotu","LAC","DL","16266","robust",NA,NA,NA,NA,NA,NA,NA,NA,NA,NA,NA,NA,NA,NA,NA,NA,NA,NA,NA,NA,NA,NA,NA,NA,NA,NA,33.75,0.37065,NA,NA,0,0,3.2,1.77912,0,0,2002-09-03,2023,NA,NA,NA,NA
"578","Mykel Williams","SF","DL","17113","robust",NA,NA,NA,NA,NA,NA,NA,NA,NA,NA,NA,NA,NA,NA,NA,NA,NA,NA,NA,NA,NA,NA,NA,NA,NA,NA,26.4,10.97124,NA,NA,0,0,0.5,0.7413,0,0,2004-06-29,2025,"Q","Knee",2025,0
"579","Nik Bonitto","DEN","DL","15861","robust",NA,NA,NA,NA,NA,NA,NA,NA,NA,NA,NA,NA,NA,NA,NA,NA,NA,NA,NA,NA,NA,NA,NA,NA,NA,NA,32,1.4826,NA,NA,0.5,0.7413,3.2,1.77912,1.9,0,1999-09-26,2022,NA,NA,NA,NA
"580","Zach Sieler","MIA","DL","13839","robust",NA,NA,NA,NA,NA,NA,NA,NA,NA,NA,NA,NA,NA,NA,NA,NA,NA,NA,NA,NA,NA,NA,NA,NA,NA,NA,31.05,2.89107,NA,NA,0.45,0.66717,2.75,1.11195,0,0,1995-09-07,2018,NA,NA,NA,NA
"581","Byron Young","PHI","DL","16273","robust",NA,NA,NA,NA,NA,NA,NA,NA,NA,NA,NA,NA,NA,NA,NA,NA,NA,NA,NA,NA,NA,NA,NA,NA,NA,NA,18.15,22.01661,NA,NA,0,0,0.7,0.44478,0.5,0,2000-11-10,2023,"Q","Groin",2025,0
"582","Dexter Lawrence","NYG","DL","14159","robust",NA,NA,NA,NA,NA,NA,NA,NA,NA,NA,NA,NA,NA,NA,NA,NA,NA,NA,NA,NA,NA,NA,NA,NA,NA,NA,29.1,5.78214,NA,NA,0,0,1.45,0.81543,0,0,1970-01-01,2019,"Q","Elbow",2025,0
"583","Jonathan Allen","MIN","DL","13208","robust",NA,NA,NA,NA,NA,NA,NA,NA,NA,NA,NA,NA,NA,NA,NA,NA,NA,NA,NA,NA,NA,NA,NA,NA,NA,NA,29.05,5.85627,NA,NA,0,0,2.4,2.07564,0,0,1995-01-16,2017,NA,NA,NA,NA
"584","Dre'Mont Jones","TEN","DL","14164","robust",NA,NA,NA,NA,NA,NA,NA,NA,NA,NA,NA,NA,NA,NA,NA,NA,NA,NA,NA,NA,NA,NA,NA,NA,NA,NA,28.9,5.78214,NA,NA,0,0,1.85,1.26021,0,0,1970-01-01,2019,NA,NA,NA,NA
"585","Quinnen Williams","NYJ","DL","14157","robust",NA,NA,NA,NA,NA,NA,NA,NA,NA,NA,NA,NA,NA,NA,NA,NA,NA,NA,NA,NA,NA,NA,NA,NA,NA,NA,31.3,1.03782,NA,NA,0,0,1.45,0.81543,0,0,1970-01-01,2019,"Q","Calf",2025,0
"586","Arden Key","TEN","DL","13682","robust",NA,NA,NA,NA,NA,NA,NA,NA,NA,NA,NA,NA,NA,NA,NA,NA,NA,NA,NA,NA,NA,NA,NA,NA,NA,NA,27.45,6.59757,NA,NA,0,0,1.6,0.59304,0,0,1996-05-03,2018,NA,NA,NA,NA
"587","Nolan Smith","PHI","DL","16228","robust",NA,NA,NA,NA,NA,NA,NA,NA,NA,NA,NA,NA,NA,NA,NA,NA,NA,NA,NA,NA,NA,NA,NA,NA,NA,NA,24.85,10.15581,NA,NA,0,0,2.4,0.59304,0,0,2001-01-18,2023,"Q","Concussion",2025,0
"588","Laiatu Latu","IND","DL","16651","robust",NA,NA,NA,NA,NA,NA,NA,NA,NA,NA,NA,NA,NA,NA,NA,NA,NA,NA,NA,NA,NA,NA,NA,NA,NA,NA,27.85,5.70801,NA,NA,0,0,1.5,0.7413,0,0,2000-12-31,2024,NA,NA,NA,NA
"589","Dante Fowler","DAL","DL","12217","robust",NA,NA,NA,NA,NA,NA,NA,NA,NA,NA,NA,NA,NA,NA,NA,NA,NA,NA,NA,NA,NA,NA,NA,NA,NA,NA,23.35,12.37971,NA,NA,0.55,0.81543,2.15,0.22239,0.7,0,NA,NA,NA,NA,NA,NA
"590","Christian Barmore","NE","DL","15357","robust",NA,NA,NA,NA,NA,NA,NA,NA,NA,NA,NA,NA,NA,NA,NA,NA,NA,NA,NA,NA,NA,NA,NA,NA,NA,NA,30.25,1.85325,NA,NA,0,0,2.7,0.44478,0,0,1999-07-28,2021,NA,NA,NA,NA
"591","Trey Hendrickson","CIN","DL","13284","robust",NA,NA,NA,NA,NA,NA,NA,NA,NA,NA,NA,NA,NA,NA,NA,NA,NA,NA,NA,NA,NA,NA,NA,NA,NA,NA,30.8,0.296519999999999,NA,NA,0,0,4.95,1.40847,0,0,1994-12-05,2017,NA,NA,NA,NA
"592","Da'Ron Payne","WAS","DL","13723","robust",NA,NA,NA,NA,NA,NA,NA,NA,NA,NA,NA,NA,NA,NA,NA,NA,NA,NA,NA,NA,NA,NA,NA,NA,NA,NA,25.9,7.56126,NA,NA,0,0,2.95,0.0741300000000001,0,0,1997-05-27,2018,NA,NA,NA,NA
"593","Michael Danna","KC","DL","14978","robust",NA,NA,NA,NA,NA,NA,NA,NA,NA,NA,NA,NA,NA,NA,NA,NA,NA,NA,NA,NA,NA,NA,NA,NA,NA,NA,26.85,5.70801,NA,NA,0,0,2,1.4826,0,0,1997-12-04,2020,NA,NA,NA,NA
"594","Zaven Collins","ARI","DL","15352","robust",NA,NA,NA,NA,NA,NA,NA,NA,NA,NA,NA,NA,NA,NA,NA,NA,NA,NA,NA,NA,NA,NA,NA,NA,NA,NA,30.15,0.222390000000001,NA,NA,0,0,1.7,0.44478,0,0,1999-05-19,2021,NA,NA,NA,NA
"595","Jermaine Johnson","NYJ","DL","15809","robust",NA,NA,NA,NA,NA,NA,NA,NA,NA,NA,NA,NA,NA,NA,NA,NA,NA,NA,NA,NA,NA,NA,NA,NA,NA,NA,27.8,3.26172,NA,NA,0.4,0.59304,3.45,0.81543,0.8,0,1999-01-17,2022,"Q","Achilles",2025,0
"596","Rashan Gary","GB","DL","14149","robust",NA,NA,NA,NA,NA,NA,NA,NA,NA,NA,NA,NA,NA,NA,NA,NA,NA,NA,NA,NA,NA,NA,NA,NA,NA,NA,27,2.9652,NA,NA,0,0,1.2,0.29652,0,0,1970-01-01,2019,NA,NA,NA,NA
"597","Grady Jarrett","CHI","DL","12305","robust",NA,NA,NA,NA,NA,NA,NA,NA,NA,NA,NA,NA,NA,NA,NA,NA,NA,NA,NA,NA,NA,NA,NA,NA,NA,NA,28.5,0.7413,NA,NA,0,0,0.5,0.7413,0,0,1993-04-28,2015,NA,NA,NA,NA
"598","Travon Walker","JAC","DL","15815","robust",NA,NA,NA,NA,NA,NA,NA,NA,NA,NA,NA,NA,NA,NA,NA,NA,NA,NA,NA,NA,NA,NA,NA,NA,NA,NA,28.7,0.444780000000001,NA,NA,0,0,1.1,0.14826,0.7,0,2000-12-18,2022,NA,NA,NA,NA
"599","Jayson Oweh","BAL","DL","15378","robust",NA,NA,NA,NA,NA,NA,NA,NA,NA,NA,NA,NA,NA,NA,NA,NA,NA,NA,NA,NA,NA,NA,NA,NA,NA,NA,26.95,2.89107,NA,NA,0,0,0.7,0.44478,0,0,1998-12-15,2021,NA,NA,NA,NA
"600","Calijah Kancey","TB","DL","16254","robust",NA,NA,NA,NA,NA,NA,NA,NA,NA,NA,NA,NA,NA,NA,NA,NA,NA,NA,NA,NA,NA,NA,NA,NA,NA,NA,25.9,4.29954,NA,NA,0,0,0,0,0,0,2001-03-01,2023,NA,NA,NA,NA
"601","Haason Reddick","TB","DL","13245","robust",NA,NA,NA,NA,NA,NA,NA,NA,NA,NA,NA,NA,NA,NA,NA,NA,NA,NA,NA,NA,NA,NA,NA,NA,NA,NA,28.05,0.0741300000000011,NA,NA,0,0,1.35,0.51891,0,0,1994-09-22,2017,NA,NA,NA,NA
"602","Boye Mafe","SEA","DL","15853","robust",NA,NA,NA,NA,NA,NA,NA,NA,NA,NA,NA,NA,NA,NA,NA,NA,NA,NA,NA,NA,NA,NA,NA,NA,NA,NA,27.3,1.03782,NA,NA,0,0,1.95,1.55673,0,0,1998-11-30,2022,NA,NA,NA,NA
"603","Grover Stewart","IND","DL","13298","robust",NA,NA,NA,NA,NA,NA,NA,NA,NA,NA,NA,NA,NA,NA,NA,NA,NA,NA,NA,NA,NA,NA,NA,NA,NA,NA,27.8,0.296519999999999,NA,NA,0,0,2.15,0.22239,0,0,NA,2017,NA,NA,NA,NA
"604","Jalen Carter","PHI","DL","16233","robust",NA,NA,NA,NA,NA,NA,NA,NA,NA,NA,NA,NA,NA,NA,NA,NA,NA,NA,NA,NA,NA,NA,NA,NA,NA,NA,25.95,2.89107,NA,NA,0,0,4.3,0.44478,0,0,2001-04-04,2023,"Q","Shoulder",2025,0
"605","Chase Young","NO","DL","14877","robust",NA,NA,NA,NA,NA,NA,NA,NA,NA,NA,NA,NA,NA,NA,NA,NA,NA,NA,NA,NA,NA,NA,NA,NA,NA,NA,25.9,2.81694,NA,NA,0,0,2.05,0.0741300000000001,0,0,1999-04-14,2020,NA,NA,NA,NA
"606","Justin Madubuike","BAL","DL","14900","robust",NA,NA,NA,NA,NA,NA,NA,NA,NA,NA,NA,NA,NA,NA,NA,NA,NA,NA,NA,NA,NA,NA,NA,NA,NA,NA,26.3,1.92738,NA,NA,0,0,1.45,0.66717,0,0,1997-11-17,2020,NA,NA,NA,NA
"607","Will McDonald","NYJ","DL","16252","robust",NA,NA,NA,NA,NA,NA,NA,NA,NA,NA,NA,NA,NA,NA,NA,NA,NA,NA,NA,NA,NA,NA,NA,NA,NA,NA,22.25,7.78365,NA,NA,0,0,3.25,1.85325,0,0,1999-06-04,2023,NA,NA,NA,NA
"608","Osa Odighizuwa","DAL","DL","15393","robust",NA,NA,NA,NA,NA,NA,NA,NA,NA,NA,NA,NA,NA,NA,NA,NA,NA,NA,NA,NA,NA,NA,NA,NA,NA,NA,26,1.4826,NA,NA,0,0,0.85,0.22239,0,0,1998-08-13,2021,NA,NA,NA,NA
"609","B.J. Hill","CIN","DL","13742","robust",NA,NA,NA,NA,NA,NA,NA,NA,NA,NA,NA,NA,NA,NA,NA,NA,NA,NA,NA,NA,NA,NA,NA,NA,NA,NA,25.95,1.40847,NA,NA,0.5,0.7413,3.7,1.03782,0,0,1995-04-20,2018,"Q","Foot",2025,0
"610","Gervon Dexter","CHI","DL","16265","robust",NA,NA,NA,NA,NA,NA,NA,NA,NA,NA,NA,NA,NA,NA,NA,NA,NA,NA,NA,NA,NA,NA,NA,NA,NA,NA,23.95,4.37367,NA,NA,0,0,2.3,0.44478,0,0,2001-10-05,2023,NA,NA,NA,NA
"611","Baron Browning","ARI","DL","15356","robust",NA,NA,NA,NA,NA,NA,NA,NA,NA,NA,NA,NA,NA,NA,NA,NA,NA,NA,NA,NA,NA,NA,NA,NA,NA,NA,23.9,4.29954,NA,NA,0,0,1.75,1.85325,0,0,1999-02-19,2021,NA,NA,NA,NA
"612","Arnold Ebiketie","ATL","DL","15851","robust",NA,NA,NA,NA,NA,NA,NA,NA,NA,NA,NA,NA,NA,NA,NA,NA,NA,NA,NA,NA,NA,NA,NA,NA,NA,NA,25.65,0.96369,NA,NA,0,0,2.1,0.14826,0,0,1999-01-23,2022,NA,NA,NA,NA
"613","Jalon Walker","ATL","DL","17122","robust",NA,NA,NA,NA,NA,NA,NA,NA,NA,NA,NA,NA,NA,NA,NA,NA,NA,NA,NA,NA,NA,NA,NA,NA,NA,NA,24.1,3.11346,NA,NA,0,0,1.6,0.88956,0,0,2004-02-24,2025,NA,NA,NA,NA
"614","Derrick Harmon","PIT","DL","17137","robust",NA,NA,NA,NA,NA,NA,NA,NA,NA,NA,NA,NA,NA,NA,NA,NA,NA,NA,NA,NA,NA,NA,NA,NA,NA,NA,22.5,5.1891,NA,NA,0.45,0.66717,5.2,6.22692,0,0,2003-08-03,2025,NA,NA,NA,NA
"615","Vita Vea","TB","DL","13692","robust",NA,NA,NA,NA,NA,NA,NA,NA,NA,NA,NA,NA,NA,NA,NA,NA,NA,NA,NA,NA,NA,NA,NA,NA,NA,NA,25,1.4826,NA,NA,0,0,0.85,0.22239,0,0,1995-02-05,2018,NA,NA,NA,NA
"616","Montez Sweat","CHI","DL","14148","robust",NA,NA,NA,NA,NA,NA,NA,NA,NA,NA,NA,NA,NA,NA,NA,NA,NA,NA,NA,NA,NA,NA,NA,NA,NA,NA,25.45,0.667169999999999,NA,NA,0,0,3.05,0.0741300000000001,0,0,1970-01-01,2019,NA,NA,NA,NA
"617","John Franklin-Myers","DEN","DL","13770","robust",NA,NA,NA,NA,NA,NA,NA,NA,NA,NA,NA,NA,NA,NA,NA,NA,NA,NA,NA,NA,NA,NA,NA,NA,NA,NA,21.25,6.30105,NA,NA,0,0,1.65,0.51891,0,0,1996-09-26,2018,NA,NA,NA,NA
"618","Dorance Armstrong","WAS","DL","13759","robust",NA,NA,NA,NA,NA,NA,NA,NA,NA,NA,NA,NA,NA,NA,NA,NA,NA,NA,NA,NA,NA,NA,NA,NA,NA,NA,22.55,3.78063,NA,NA,0.15,0.22239,1.35,0.51891,0.3,0,NA,2018,NA,NA,NA,NA
"619","Emmanuel Ogbah","JAC","DL","12691","robust",NA,NA,NA,NA,NA,NA,NA,NA,NA,NA,NA,NA,NA,NA,NA,NA,NA,NA,NA,NA,NA,NA,NA,NA,NA,NA,25.05,0.0741300000000011,NA,NA,0.8,0.29652,1.7,0.44478,0,0,1993-11-06,2016,NA,NA,NA,NA
"620","Chop Robinson","MIA","DL","16655","robust",NA,NA,NA,NA,NA,NA,NA,NA,NA,NA,NA,NA,NA,NA,NA,NA,NA,NA,NA,NA,NA,NA,NA,NA,NA,NA,22.25,4.07715,NA,NA,0,0,2.75,0.37065,0,0,2003-01-02,2024,NA,NA,NA,NA
"621","Deatrich Wise","WAS","DL","13296","robust",NA,NA,NA,NA,NA,NA,NA,NA,NA,NA,NA,NA,NA,NA,NA,NA,NA,NA,NA,NA,NA,NA,NA,NA,NA,NA,22.55,2.29803,NA,NA,0,0,2.5,0.7413,0,0,1994-07-26,2017,NA,NA,NA,NA
"622","Kayvon Thibodeaux","NYG","DL","15806","robust",NA,NA,NA,NA,NA,NA,NA,NA,NA,NA,NA,NA,NA,NA,NA,NA,NA,NA,NA,NA,NA,NA,NA,NA,NA,NA,22.55,2.14977,NA,NA,0,0,3.25,0.37065,0,0,2000-12-15,2022,NA,NA,NA,NA
"623","David Onyemata","ATL","DL","12782","robust",NA,NA,NA,NA,NA,NA,NA,NA,NA,NA,NA,NA,NA,NA,NA,NA,NA,NA,NA,NA,NA,NA,NA,NA,NA,NA,23.45,0.815430000000001,NA,NA,0,0,1,0,0,0,NA,2016,NA,NA,NA,NA
"624","Devonte Wyatt","GB","DL","15819","robust",NA,NA,NA,NA,NA,NA,NA,NA,NA,NA,NA,NA,NA,NA,NA,NA,NA,NA,NA,NA,NA,NA,NA,NA,NA,NA,20.4,5.04084,NA,NA,0,0,1,0,0,0,1998-03-31,2022,NA,NA,NA,NA
"625","Kenny Clark","GB","DL","12739","robust",NA,NA,NA,NA,NA,NA,NA,NA,NA,NA,NA,NA,NA,NA,NA,NA,NA,NA,NA,NA,NA,NA,NA,NA,NA,NA,23.3,0.444780000000001,NA,NA,0,0,2.05,1.55673,0,0,1995-10-04,2016,NA,NA,NA,NA
"626","Chris Jones","KC","DL","12741","robust",NA,NA,NA,NA,NA,NA,NA,NA,NA,NA,NA,NA,NA,NA,NA,NA,NA,NA,NA,NA,NA,NA,NA,NA,NA,NA,22.5,0.7413,NA,NA,0,0,2.35,2.44629,0,0,1970-01-01,2016,NA,NA,NA,NA
"627","Javon Hargrave","MIN","DL","12764","robust",NA,NA,NA,NA,NA,NA,NA,NA,NA,NA,NA,NA,NA,NA,NA,NA,NA,NA,NA,NA,NA,NA,NA,NA,NA,NA,17.6,8.00604,NA,NA,0,0,1.2,1.18608,0,0,1993-02-07,2016,NA,NA,NA,NA
"628","Lukas Van Ness","GB","DL","16230","robust",NA,NA,NA,NA,NA,NA,NA,NA,NA,NA,NA,NA,NA,NA,NA,NA,NA,NA,NA,NA,NA,NA,NA,NA,NA,NA,22.6,0.59304,NA,NA,0,0,0.8,0.29652,0,0,2001-07-06,2023,NA,NA,NA,NA
"629","Milton Williams","NE","DL","15391","robust",NA,NA,NA,NA,NA,NA,NA,NA,NA,NA,NA,NA,NA,NA,NA,NA,NA,NA,NA,NA,NA,NA,NA,NA,NA,NA,21.25,1.85325,NA,NA,0,0,1.15,0.22239,0,0,1999-04-06,2021,NA,NA,NA,NA
"630","Maliek Collins","CLE","DL","12754","robust",NA,NA,NA,NA,NA,NA,NA,NA,NA,NA,NA,NA,NA,NA,NA,NA,NA,NA,NA,NA,NA,NA,NA,NA,NA,NA,21.55,0.815430000000001,NA,NA,0,0,0.75,0.37065,0,0,1995-04-08,2016,NA,NA,NA,NA
"631","Derek Barnett","HOU","DL","13201","robust",NA,NA,NA,NA,NA,NA,NA,NA,NA,NA,NA,NA,NA,NA,NA,NA,NA,NA,NA,NA,NA,NA,NA,NA,NA,NA,19.75,3.33585,NA,NA,0,0,1.25,1.11195,1.7,0,1996-06-25,2017,"O","Undisclosed",2025,0
"632","Ed Oliver","BUF","DL","14158","robust",NA,NA,NA,NA,NA,NA,NA,NA,NA,NA,NA,NA,NA,NA,NA,NA,NA,NA,NA,NA,NA,NA,NA,NA,NA,NA,21.4,0.889559999999999,NA,NA,0.45,0.66717,1.6,0.59304,0,0,1970-01-01,2019,NA,NA,NA,NA
"633","Dalvin Tomlinson","ARI","DL","13260","robust",NA,NA,NA,NA,NA,NA,NA,NA,NA,NA,NA,NA,NA,NA,NA,NA,NA,NA,NA,NA,NA,NA,NA,NA,NA,NA,18.4,5.33736,NA,NA,0,0,0.5,0.7413,0,0,1994-01-01,2017,NA,NA,NA,NA
"634","Dallas Turner","MIN","DL","16650","robust",NA,NA,NA,NA,NA,NA,NA,NA,NA,NA,NA,NA,NA,NA,NA,NA,NA,NA,NA,NA,NA,NA,NA,NA,NA,NA,17.65,4.96671,NA,NA,0.45,0.66717,1.25,0.37065,0,0,2003-02-02,2024,NA,NA,NA,NA
"635","Tyree Wilson","LVR","DL","16226","robust",NA,NA,NA,NA,NA,NA,NA,NA,NA,NA,NA,NA,NA,NA,NA,NA,NA,NA,NA,NA,NA,NA,NA,NA,NA,NA,18.9,3.11346,NA,NA,0,0,1.1,0.14826,0,0,2000-05-20,2023,NA,NA,NA,NA
"636","Travis Jones","BAL","DL","15863","robust",NA,NA,NA,NA,NA,NA,NA,NA,NA,NA,NA,NA,NA,NA,NA,NA,NA,NA,NA,NA,NA,NA,NA,NA,NA,NA,20.3,1.03782,NA,NA,0,0,0.5,0.7413,0,0,1999-10-15,2022,NA,NA,NA,NA
"637","Jalyx Hunt","PHI","DL","16712","robust",NA,NA,NA,NA,NA,NA,NA,NA,NA,NA,NA,NA,NA,NA,NA,NA,NA,NA,NA,NA,NA,NA,NA,NA,NA,NA,19.95,1.40847,NA,NA,0,0,1.8,0.29652,0,0,2001-03-13,2024,NA,NA,NA,NA
"638","Dayo Odeyingbo","CHI","DL","15386","robust",NA,NA,NA,NA,NA,NA,NA,NA,NA,NA,NA,NA,NA,NA,NA,NA,NA,NA,NA,NA,NA,NA,NA,NA,NA,NA,19.85,1.26021,NA,NA,0,0,0.8,0.29652,0,0,1999-09-24,2021,NA,NA,NA,NA
"639","Mason Graham","CLE","DL","17121","robust",NA,NA,NA,NA,NA,NA,NA,NA,NA,NA,NA,NA,NA,NA,NA,NA,NA,NA,NA,NA,NA,NA,NA,NA,NA,NA,20.3,0.444780000000001,NA,NA,0,0,1.85,1.70499,0,0,2003-09-02,2025,NA,NA,NA,NA
"640","Marcus Davenport","DET","DL","13688","robust",NA,NA,NA,NA,NA,NA,NA,NA,NA,NA,NA,NA,NA,NA,NA,NA,NA,NA,NA,NA,NA,NA,NA,NA,NA,NA,19.25,1.11195,NA,NA,0,0,0.75,0.37065,0,0,1996-09-04,2018,NA,NA,NA,NA
"641","Uchenna Nwosu","SEA","DL","13704","robust",NA,NA,NA,NA,NA,NA,NA,NA,NA,NA,NA,NA,NA,NA,NA,NA,NA,NA,NA,NA,NA,NA,NA,NA,NA,NA,19.25,0.37065,NA,NA,0,0,1.2,0.29652,0,0,1996-12-28,2018,"O","Knee",2025,0
"642","Alex Wright","CLE","DL","15864","robust",NA,NA,NA,NA,NA,NA,NA,NA,NA,NA,NA,NA,NA,NA,NA,NA,NA,NA,NA,NA,NA,NA,NA,NA,NA,NA,16.9,2.81694,NA,NA,0,0,2,0,0,0,2000-09-05,2022,NA,NA,NA,NA
"643","Byron Murphy","SEA","DL","16689","robust",NA,NA,NA,NA,NA,NA,NA,NA,NA,NA,NA,NA,NA,NA,NA,NA,NA,NA,NA,NA,NA,NA,NA,NA,NA,NA,16.2,1.77912,NA,NA,0,0,0.7,0.44478,0,0,2002-09-08,2024,NA,NA,NA,NA
"644","Marshawn Kneeland","DAL","DL","16699","robust",NA,NA,NA,NA,NA,NA,NA,NA,NA,NA,NA,NA,NA,NA,NA,NA,NA,NA,NA,NA,NA,NA,NA,NA,NA,NA,14.45,3.78063,NA,NA,0,0,1.4,0.59304,0,0,2001-07-08,2024,NA,NA,NA,NA
"645","Zaire Franklin","IND","LB","13837","robust",NA,NA,NA,NA,NA,NA,NA,NA,NA,NA,NA,NA,NA,NA,NA,NA,NA,NA,NA,NA,NA,NA,NA,NA,NA,NA,90.2,2.66868,NA,NA,1.2,0.29652,5.95,0.0741299999999997,0,0,1996-07-02,2018,"Q","Ankle",2025,0
"646","Foyesade Oluokun","JAC","LB","13813","robust",NA,NA,NA,NA,NA,NA,NA,NA,NA,NA,NA,NA,NA,NA,NA,NA,NA,NA,NA,NA,NA,NA,NA,NA,NA,NA,84.55,6.74583,NA,NA,0.95,0.07413,6.35,0.51891,0.3,0,1995-08-02,2018,NA,NA,NA,NA
"647","Zack Baun","PHI","LB","14893","robust",NA,NA,NA,NA,NA,NA,NA,NA,NA,NA,NA,NA,NA,NA,NA,NA,NA,NA,NA,NA,NA,NA,NA,NA,NA,NA,87.5,2.2239,NA,NA,2.35,2.00151,5.5,3.7065,0,0,1996-12-30,2020,"Q","Back",2025,0
"648","Jamien Sherwood","NYJ","LB","15428","robust",NA,NA,NA,NA,NA,NA,NA,NA,NA,NA,NA,NA,NA,NA,NA,NA,NA,NA,NA,NA,NA,NA,NA,NA,NA,NA,87.05,2.89107,NA,NA,0,0,2.4,0.59304,0,0,2000-01-12,2021,NA,NA,NA,NA
"649","Jordyn Brooks","MIA","LB","14892","robust",NA,NA,NA,NA,NA,NA,NA,NA,NA,NA,NA,NA,NA,NA,NA,NA,NA,NA,NA,NA,NA,NA,NA,NA,NA,NA,83.05,7.48713,NA,NA,0,0,3.95,0.0741300000000001,0,0,1997-10-21,2020,NA,NA,NA,NA
"650","Robert Spillane","NE","LB","13987","robust",NA,NA,NA,NA,NA,NA,NA,NA,NA,NA,NA,NA,NA,NA,NA,NA,NA,NA,NA,NA,NA,NA,NA,NA,NA,NA,80.55,6.59757,NA,NA,1,0,5.1,0.14826,0,0,1995-12-14,2018,NA,NA,NA,NA
"651","Daiyan Henley","LAC","LB","16280","robust",NA,NA,NA,NA,NA,NA,NA,NA,NA,NA,NA,NA,NA,NA,NA,NA,NA,NA,NA,NA,NA,NA,NA,NA,NA,NA,82.05,4.37367,NA,NA,0.7,1.03782,7.2,0.29652,0,0,1999-11-18,2023,NA,NA,NA,NA
"652","Bobby Okereke","NYG","LB","14218","robust",NA,NA,NA,NA,NA,NA,NA,NA,NA,NA,NA,NA,NA,NA,NA,NA,NA,NA,NA,NA,NA,NA,NA,NA,NA,NA,80.55,5.11497,NA,NA,1,0,6.2,0.29652,0,0,1970-01-01,2019,NA,NA,NA,NA
"653","Ernest Jones","SEA","LB","15404","robust",NA,NA,NA,NA,NA,NA,NA,NA,NA,NA,NA,NA,NA,NA,NA,NA,NA,NA,NA,NA,NA,NA,NA,NA,NA,NA,82.05,2.89107,NA,NA,1.15,0.22239,4.35,0.96369,0,0,1999-11-22,2021,NA,NA,NA,NA
"654","Alex Singleton","DEN","LB","14412","robust",NA,NA,NA,NA,NA,NA,NA,NA,NA,NA,NA,NA,NA,NA,NA,NA,NA,NA,NA,NA,NA,NA,NA,NA,NA,NA,83.5,0.7413,NA,NA,1.05,1.55673,4,2.9652,0.4,0,1993-12-07,2015,NA,NA,NA,NA
"655","Ivan Pace","MIN","LB","16383","robust",NA,NA,NA,NA,NA,NA,NA,NA,NA,NA,NA,NA,NA,NA,NA,NA,NA,NA,NA,NA,NA,NA,NA,NA,NA,NA,68.9,22.09074,NA,NA,1.45,0.66717,2.9,1.33434,0.8,0,2000-12-16,2023,NA,NA,NA,NA
"656","Nick Bolton","KC","LB","15355","robust",NA,NA,NA,NA,NA,NA,NA,NA,NA,NA,NA,NA,NA,NA,NA,NA,NA,NA,NA,NA,NA,NA,NA,NA,NA,NA,80.55,3.78063,NA,NA,0.95,0.07413,5.55,2.29803,0,0,2000-03-10,2021,NA,NA,NA,NA
"657","Roquan Smith","BAL","LB","13696","robust",NA,NA,NA,NA,NA,NA,NA,NA,NA,NA,NA,NA,NA,NA,NA,NA,NA,NA,NA,NA,NA,NA,NA,NA,NA,NA,82.4,0.889560000000002,NA,NA,1.05,0.0741300000000001,4.65,0.51891,0,0,1997-04-08,2018,NA,NA,NA,NA
"658","T.J. Edwards","CHI","LB","14322","robust",NA,NA,NA,NA,NA,NA,NA,NA,NA,NA,NA,NA,NA,NA,NA,NA,NA,NA,NA,NA,NA,NA,NA,NA,NA,NA,82.05,1.40847,NA,NA,1.55,0.81543,4.6,0.88956,0,0,NA,2019,NA,NA,NA,NA
"659","Bobby Wagner","WAS","LB","10775","robust",NA,NA,NA,NA,NA,NA,NA,NA,NA,NA,NA,NA,NA,NA,NA,NA,NA,NA,NA,NA,NA,NA,NA,NA,NA,NA,81,2.9652,NA,NA,0,0,2.85,0.22239,0,0,1990-06-27,2012,NA,NA,NA,NA
"660","Logan Wilson","CIN","LB","14928","robust",NA,NA,NA,NA,NA,NA,NA,NA,NA,NA,NA,NA,NA,NA,NA,NA,NA,NA,NA,NA,NA,NA,NA,NA,NA,NA,81.3,1.92738,NA,NA,2.15,0.22239,5.7,1.03782,0,0,1996-07-08,2020,NA,NA,NA,NA
"661","Fred Warner","SF","LB","13743","robust",NA,NA,NA,NA,NA,NA,NA,NA,NA,NA,NA,NA,NA,NA,NA,NA,NA,NA,NA,NA,NA,NA,NA,NA,NA,NA,80.65,0.518910000000002,NA,NA,2.05,0.0741300000000001,7.75,0.37065,0.6,0,1996-11-19,2018,NA,NA,NA,NA
"662","Kaden Elliss","ATL","LB","14303","robust",NA,NA,NA,NA,NA,NA,NA,NA,NA,NA,NA,NA,NA,NA,NA,NA,NA,NA,NA,NA,NA,NA,NA,NA,NA,NA,80.65,0.518910000000002,NA,NA,1,0,2.75,1.11195,0,0,1970-01-01,2019,NA,NA,NA,NA
"663","Alex Anzalone","DET","LB","13268","robust",NA,NA,NA,NA,NA,NA,NA,NA,NA,NA,NA,NA,NA,NA,NA,NA,NA,NA,NA,NA,NA,NA,NA,NA,NA,NA,79.05,2.89107,NA,NA,0,0,5.85,0.22239,0,0,1994-01-01,2017,NA,NA,NA,NA
"664","Dre Greenlaw","DEN","LB","14247","robust",NA,NA,NA,NA,NA,NA,NA,NA,NA,NA,NA,NA,NA,NA,NA,NA,NA,NA,NA,NA,NA,NA,NA,NA,NA,NA,53.3,39.58542,NA,NA,0.5,0.7413,2.3,1.03782,0,0,1970-01-01,2019,"Q","Quadriceps",2025,0
"665","Quincy Williams","NYJ","LB","14221","robust",NA,NA,NA,NA,NA,NA,NA,NA,NA,NA,NA,NA,NA,NA,NA,NA,NA,NA,NA,NA,NA,NA,NA,NA,NA,NA,78.2,1.77912,NA,NA,0,0,5.45,0.81543,0,0,1970-01-01,2019,NA,NA,NA,NA
"666","Quay Walker","GB","LB","15846","robust",NA,NA,NA,NA,NA,NA,NA,NA,NA,NA,NA,NA,NA,NA,NA,NA,NA,NA,NA,NA,NA,NA,NA,NA,NA,NA,73.15,9.11799,NA,NA,0,0,3.2,1.18608,0,0,2000-05-08,2022,"Q","Ankle",2025,0
"667","Azeez Al-Shaair","HOU","LB","14590","robust",NA,NA,NA,NA,NA,NA,NA,NA,NA,NA,NA,NA,NA,NA,NA,NA,NA,NA,NA,NA,NA,NA,NA,NA,NA,NA,78.05,1.55673,NA,NA,0,0,3.55,0.66717,0,0,1997-08-04,2019,NA,NA,NA,NA
"668","Lavonte David","TB","LB","10768","robust",NA,NA,NA,NA,NA,NA,NA,NA,NA,NA,NA,NA,NA,NA,NA,NA,NA,NA,NA,NA,NA,NA,NA,NA,NA,NA,76.3,4.00302,NA,NA,0.85,0.22239,5.2,0.29652,0,0,1990-01-23,2012,NA,NA,NA,NA
"669","Edgerrin Cooper","GB","LB","16696","robust",NA,NA,NA,NA,NA,NA,NA,NA,NA,NA,NA,NA,NA,NA,NA,NA,NA,NA,NA,NA,NA,NA,NA,NA,NA,NA,70.55,11.04537,NA,NA,0.75,0.37065,3.75,1.85325,0,0,2001-11-17,2024,NA,NA,NA,NA
"670","Terrel Bernard","BUF","LB","15869","robust",NA,NA,NA,NA,NA,NA,NA,NA,NA,NA,NA,NA,NA,NA,NA,NA,NA,NA,NA,NA,NA,NA,NA,NA,NA,NA,70.85,9.11799,NA,NA,1.85,0.22239,3.65,0.51891,0,0,1999-05-07,2022,"Q","Hamstring",2025,0
"671","Christian Rozeboom","CAR","LB","15076","robust",NA,NA,NA,NA,NA,NA,NA,NA,NA,NA,NA,NA,NA,NA,NA,NA,NA,NA,NA,NA,NA,NA,NA,NA,NA,NA,68.45,11.04537,NA,NA,0.55,0.81543,4.15,1.70499,0,0,1997-01-30,2020,NA,NA,NA,NA
"672","Nakobe Dean","PHI","LB","15821","robust",NA,NA,NA,NA,NA,NA,NA,NA,NA,NA,NA,NA,NA,NA,NA,NA,NA,NA,NA,NA,NA,NA,NA,NA,NA,NA,61.05,20.83053,NA,NA,1.15,0.22239,2.55,2.29803,0,0,2000-12-13,2022,"O","Knee",2025,0
"673","Demario Davis","NO","LB","10816","robust",NA,NA,NA,NA,NA,NA,NA,NA,NA,NA,NA,NA,NA,NA,NA,NA,NA,NA,NA,NA,NA,NA,NA,NA,NA,NA,67.05,8.96972999999999,NA,NA,0.45,0.66717,5.6,0.88956,0,0,1989-01-11,2012,NA,NA,NA,NA
"674","Devin Lloyd","JAC","LB","15822","robust",NA,NA,NA,NA,NA,NA,NA,NA,NA,NA,NA,NA,NA,NA,NA,NA,NA,NA,NA,NA,NA,NA,NA,NA,NA,NA,72.6,0.593039999999998,NA,NA,1.5,0.7413,6,0,0,0,1998-09-30,2022,NA,NA,NA,NA
"675","Carson Schwesinger","CLE","LB","17147","robust",NA,NA,NA,NA,NA,NA,NA,NA,NA,NA,NA,NA,NA,NA,NA,NA,NA,NA,NA,NA,NA,NA,NA,NA,NA,NA,65.55,11.04537,NA,NA,0,0,3.2,1.77912,0,0,2003-02-24,2025,NA,NA,NA,NA
"676","Tyrel Dodson","MIA","LB","14472","robust",NA,NA,NA,NA,NA,NA,NA,NA,NA,NA,NA,NA,NA,NA,NA,NA,NA,NA,NA,NA,NA,NA,NA,NA,NA,NA,71.05,1.55673,NA,NA,2.45,2.14977,5.35,3.48411,0,0,1998-06-25,2019,NA,NA,NA,NA
"677","Jack Campbell","DET","LB","16239","robust",NA,NA,NA,NA,NA,NA,NA,NA,NA,NA,NA,NA,NA,NA,NA,NA,NA,NA,NA,NA,NA,NA,NA,NA,NA,NA,70.55,0.815429999999996,NA,NA,0,0,3.7,1.03782,0,0,2000-08-22,2023,NA,NA,NA,NA
"678","Tyrice Knight","SEA","LB","16722","robust",NA,NA,NA,NA,NA,NA,NA,NA,NA,NA,NA,NA,NA,NA,NA,NA,NA,NA,NA,NA,NA,NA,NA,NA,NA,NA,65.15,7.19061,NA,NA,0,0,2.5,0.7413,0,0,2000-12-20,2024,"Q","Knee",2025,0
"679","Patrick Queen","PIT","LB","14896","robust",NA,NA,NA,NA,NA,NA,NA,NA,NA,NA,NA,NA,NA,NA,NA,NA,NA,NA,NA,NA,NA,NA,NA,NA,NA,NA,68.9,1.33434,NA,NA,0.75,0.37065,6.4,0.59304,0,0,1999-08-13,2020,NA,NA,NA,NA
"680","Jaylon Carlies","IND","LB","16738","robust",NA,NA,NA,NA,NA,NA,NA,NA,NA,NA,NA,NA,NA,NA,NA,NA,NA,NA,NA,NA,NA,NA,NA,NA,NA,NA,68.55,0.815429999999996,NA,NA,0.5,0.7413,3.45,0.66717,0,0,2001-09-13,2024,"Q","Ankle",2025,0
"681","Elandon Roberts","LVR","LB","12831","robust",NA,NA,NA,NA,NA,NA,NA,NA,NA,NA,NA,NA,NA,NA,NA,NA,NA,NA,NA,NA,NA,NA,NA,NA,NA,NA,62.2,10.08168,NA,NA,0.35,0.51891,2.05,1.55673,0,0,1994-04-22,2016,NA,NA,NA,NA
"682","Blake Cashman","MIN","LB","14251","robust",NA,NA,NA,NA,NA,NA,NA,NA,NA,NA,NA,NA,NA,NA,NA,NA,NA,NA,NA,NA,NA,NA,NA,NA,NA,NA,67.05,1.55673,NA,NA,0,0,4.95,0.0741299999999997,0,0,1970-01-01,2019,NA,NA,NA,NA
"683","Nate Landman","LAR","LB","16013","robust",NA,NA,NA,NA,NA,NA,NA,NA,NA,NA,NA,NA,NA,NA,NA,NA,NA,NA,NA,NA,NA,NA,NA,NA,NA,NA,45.85,32.83959,NA,NA,0.5,0.7413,3.05,0.0741300000000001,0,0,1998-11-19,2022,"Q","Calf",2025,0
"684","Pete Werner","NO","LB","15387","robust",NA,NA,NA,NA,NA,NA,NA,NA,NA,NA,NA,NA,NA,NA,NA,NA,NA,NA,NA,NA,NA,NA,NA,NA,NA,NA,62.8,7.11648,NA,NA,0.3,0.44478,1.65,0.96369,0,0,1999-06-05,2021,"Q","Concussion",2025,0
"685","Cody Barton","TEN","LB","14217","robust",NA,NA,NA,NA,NA,NA,NA,NA,NA,NA,NA,NA,NA,NA,NA,NA,NA,NA,NA,NA,NA,NA,NA,NA,NA,NA,65.55,0.667170000000004,NA,NA,1.6,0.88956,4.8,1.18608,0.7,0,NA,2019,NA,NA,NA,NA
"686","Jerome Baker","CLE","LB","13706","robust",NA,NA,NA,NA,NA,NA,NA,NA,NA,NA,NA,NA,NA,NA,NA,NA,NA,NA,NA,NA,NA,NA,NA,NA,NA,NA,60.95,7.33887,NA,NA,0.5,0.7413,5.05,1.55673,0,0,1996-12-25,2018,NA,NA,NA,NA
"687","Micah McFadden","NYG","LB","15890","robust",NA,NA,NA,NA,NA,NA,NA,NA,NA,NA,NA,NA,NA,NA,NA,NA,NA,NA,NA,NA,NA,NA,NA,NA,NA,NA,63.8,2.66868,NA,NA,0.3,0.44478,2.6,0.88956,0,0,2000-01-03,2022,NA,NA,NA,NA
"688","Tremaine Edmunds","CHI","LB","13697","robust",NA,NA,NA,NA,NA,NA,NA,NA,NA,NA,NA,NA,NA,NA,NA,NA,NA,NA,NA,NA,NA,NA,NA,NA,NA,NA,64.75,0.37065,NA,NA,1.75,1.11195,8.15,1.70499,0.6,0,1998-05-02,2018,NA,NA,NA,NA
"689","Christian Elliss","NE","LB","15681","robust",NA,NA,NA,NA,NA,NA,NA,NA,NA,NA,NA,NA,NA,NA,NA,NA,NA,NA,NA,NA,NA,NA,NA,NA,NA,NA,54.05,14.90013,NA,NA,1.05,1.55673,5,4.4478,0,0,1999-01-02,2021,NA,NA,NA,NA
"690","Henry To'oTo'o","HOU","LB","16236","robust",NA,NA,NA,NA,NA,NA,NA,NA,NA,NA,NA,NA,NA,NA,NA,NA,NA,NA,NA,NA,NA,NA,NA,NA,NA,NA,58,8.8956,NA,NA,1,0,2.6,0.88956,0,0,2001-01-05,2023,NA,NA,NA,NA
"691","Trevin Wallace","CAR","LB","16704","robust",NA,NA,NA,NA,NA,NA,NA,NA,NA,NA,NA,NA,NA,NA,NA,NA,NA,NA,NA,NA,NA,NA,NA,NA,NA,NA,55.6,10.97124,NA,NA,0,0,2.55,0.81543,0,0,2003-02-22,2024,NA,NA,NA,NA
"692","Germaine Pratt","LVR","LB","14210","robust",NA,NA,NA,NA,NA,NA,NA,NA,NA,NA,NA,NA,NA,NA,NA,NA,NA,NA,NA,NA,NA,NA,NA,NA,NA,NA,46.55,23.05443,NA,NA,1.25,0.37065,3.25,1.85325,0,0,1970-01-01,2019,NA,NA,NA,NA
"693","Kenneth Murray","DAL","LB","14889","robust",NA,NA,NA,NA,NA,NA,NA,NA,NA,NA,NA,NA,NA,NA,NA,NA,NA,NA,NA,NA,NA,NA,NA,NA,NA,NA,54.55,9.71103,NA,NA,0.8,0.29652,2.75,1.11195,0,0,1998-11-16,2020,NA,NA,NA,NA
"694","Jack Sanborn","DAL","LB","15975","robust",NA,NA,NA,NA,NA,NA,NA,NA,NA,NA,NA,NA,NA,NA,NA,NA,NA,NA,NA,NA,NA,NA,NA,NA,NA,NA,52.1,13.19514,NA,NA,0.55,0.81543,2.35,2.00151,0.5,0,2000-07-29,2022,NA,NA,NA,NA
"695","Frankie Luvu","WAS","LB","13952","robust",NA,NA,NA,NA,NA,NA,NA,NA,NA,NA,NA,NA,NA,NA,NA,NA,NA,NA,NA,NA,NA,NA,NA,NA,NA,NA,57.55,3.78063,NA,NA,1.05,0.0741300000000001,6.05,0.0741299999999997,0,0,1970-01-01,2018,NA,NA,NA,NA
"696","Dorian Williams","BUF","LB","16284","robust",NA,NA,NA,NA,NA,NA,NA,NA,NA,NA,NA,NA,NA,NA,NA,NA,NA,NA,NA,NA,NA,NA,NA,NA,NA,NA,46.35,19.79271,NA,NA,0,0,0.5,0.7413,0,0,2001-06-08,2023,NA,NA,NA,NA
"697","E.J. Speed","HOU","LB","14257","robust",NA,NA,NA,NA,NA,NA,NA,NA,NA,NA,NA,NA,NA,NA,NA,NA,NA,NA,NA,NA,NA,NA,NA,NA,NA,NA,47.05,17.86533,NA,NA,0.35,0.51891,2.3,1.92738,0,0,NA,2019,NA,NA,NA,NA
"698","Payton Wilson","PIT","LB","16716","robust",NA,NA,NA,NA,NA,NA,NA,NA,NA,NA,NA,NA,NA,NA,NA,NA,NA,NA,NA,NA,NA,NA,NA,NA,NA,NA,52.8,9.19212,NA,NA,1.1,0.14826,2.25,0.37065,1.1,0,2000-04-21,2024,NA,NA,NA,NA
"699","Akeem Davis-Gaither","ARI","LB","14943","robust",NA,NA,NA,NA,NA,NA,NA,NA,NA,NA,NA,NA,NA,NA,NA,NA,NA,NA,NA,NA,NA,NA,NA,NA,NA,NA,51.3,9.34038,NA,NA,1.05,0.0741300000000001,4,1.4826,0,0,1997-09-21,2020,NA,NA,NA,NA
"700","Cedric Gray","TEN","LB","16667","robust",NA,NA,NA,NA,NA,NA,NA,NA,NA,NA,NA,NA,NA,NA,NA,NA,NA,NA,NA,NA,NA,NA,NA,NA,NA,NA,38.25,27.79875,NA,NA,0,0,1.5,2.2239,0,0,2002-10-30,2024,NA,NA,NA,NA
"701","Demetrius Knight","CIN","LB","17125","robust",NA,NA,NA,NA,NA,NA,NA,NA,NA,NA,NA,NA,NA,NA,NA,NA,NA,NA,NA,NA,NA,NA,NA,NA,NA,NA,55.05,0.0741300000000011,NA,NA,0.25,0.37065,3.1,1.63086,0,0,2000-01-04,2025,NA,NA,NA,NA
"702","Drue Tranquill","KC","LB","14235","robust",NA,NA,NA,NA,NA,NA,NA,NA,NA,NA,NA,NA,NA,NA,NA,NA,NA,NA,NA,NA,NA,NA,NA,NA,NA,NA,54,1.4826,NA,NA,0,0,1.4,0.59304,0,0,1970-01-01,2019,"Q","Back",2025,0
"703","Nick Martin","SF","LB","17159","robust",NA,NA,NA,NA,NA,NA,NA,NA,NA,NA,NA,NA,NA,NA,NA,NA,NA,NA,NA,NA,NA,NA,NA,NA,NA,NA,53.95,1.55673,NA,NA,0.75,0.37065,3,1.4826,0,0,2002-10-13,2025,NA,NA,NA,NA
"704","Divine Deablo","ATL","LB","15396","robust",NA,NA,NA,NA,NA,NA,NA,NA,NA,NA,NA,NA,NA,NA,NA,NA,NA,NA,NA,NA,NA,NA,NA,NA,NA,NA,52.95,3.03933,NA,NA,0.5,0.7413,2.55,0.81543,0,0,1998-08-17,2021,NA,NA,NA,NA
"705","Devin White","LVR","LB","14168","robust",NA,NA,NA,NA,NA,NA,NA,NA,NA,NA,NA,NA,NA,NA,NA,NA,NA,NA,NA,NA,NA,NA,NA,NA,NA,NA,37.5,25.9455,NA,NA,0,0,1,1.4826,0,0,1970-01-01,2019,NA,NA,NA,NA
"706","Omar Speights","LAR","LB","16870","robust",NA,NA,NA,NA,NA,NA,NA,NA,NA,NA,NA,NA,NA,NA,NA,NA,NA,NA,NA,NA,NA,NA,NA,NA,NA,NA,53.95,1.40847,NA,NA,0,0,2.5,0.7413,0,0,2001-03-02,2024,NA,NA,NA,NA
"707","Matt Milano","BUF","LB","13307","robust",NA,NA,NA,NA,NA,NA,NA,NA,NA,NA,NA,NA,NA,NA,NA,NA,NA,NA,NA,NA,NA,NA,NA,NA,NA,NA,43.7,12.89862,NA,NA,0.7,0.44478,2.05,0.0741300000000001,0,0,NA,2017,NA,NA,NA,NA
"708","Jahlani Tavai","NE","LB","14200","robust",NA,NA,NA,NA,NA,NA,NA,NA,NA,NA,NA,NA,NA,NA,NA,NA,NA,NA,NA,NA,NA,NA,NA,NA,NA,NA,45.2,10.08168,NA,NA,0.65,0.51891,3.35,0.96369,0,0,NA,2019,NA,NA,NA,NA
"709","Junior Colson","LAC","LB","16665","robust",NA,NA,NA,NA,NA,NA,NA,NA,NA,NA,NA,NA,NA,NA,NA,NA,NA,NA,NA,NA,NA,NA,NA,NA,NA,NA,51.35,0.518910000000002,NA,NA,0,0,2.5,0.7413,0,0,2002-12-06,2024,NA,NA,NA,NA
"710","Mack Wilson","ARI","LB","14169","robust",NA,NA,NA,NA,NA,NA,NA,NA,NA,NA,NA,NA,NA,NA,NA,NA,NA,NA,NA,NA,NA,NA,NA,NA,NA,NA,45.25,7.04235,NA,NA,0.85,0.22239,4.8,1.18608,0,0,1970-01-01,2019,NA,NA,NA,NA
"711","Trenton Simpson","BAL","LB","16234","robust",NA,NA,NA,NA,NA,NA,NA,NA,NA,NA,NA,NA,NA,NA,NA,NA,NA,NA,NA,NA,NA,NA,NA,NA,NA,NA,48.15,2.74281,NA,NA,0,0,3.1,0.14826,0,0,2001-06-14,2023,NA,NA,NA,NA
"712","Isaiah McDuffie","GB","LB","15473","robust",NA,NA,NA,NA,NA,NA,NA,NA,NA,NA,NA,NA,NA,NA,NA,NA,NA,NA,NA,NA,NA,NA,NA,NA,NA,NA,45,2.9652,NA,NA,0.2,0.29652,2.35,0.51891,0,0,1999-07-21,2021,NA,NA,NA,NA
"713","DeMarvion Overshown","DAL","LB","16283","robust",NA,NA,NA,NA,NA,NA,NA,NA,NA,NA,NA,NA,NA,NA,NA,NA,NA,NA,NA,NA,NA,NA,NA,NA,NA,NA,41.5,6.6717,NA,NA,0,0,2.4,0.59304,0,0,2000-08-13,2023,"O","Knee - ACL + MCL",2025,0
"714","Jack Gibbens","NE","LB","16009","robust",NA,NA,NA,NA,NA,NA,NA,NA,NA,NA,NA,NA,NA,NA,NA,NA,NA,NA,NA,NA,NA,NA,NA,NA,NA,NA,29.3,21.79422,NA,NA,0,0,0.5,0.7413,0,0,1998-11-24,2022,NA,NA,NA,NA
"715","Leo Chenal","KC","LB","15831","robust",NA,NA,NA,NA,NA,NA,NA,NA,NA,NA,NA,NA,NA,NA,NA,NA,NA,NA,NA,NA,NA,NA,NA,NA,NA,NA,38.8,3.26172,NA,NA,0.5,0.7413,2.25,0.37065,0,0,2000-10-26,2022,NA,NA,NA,NA
"716","Jihaad Campbell","PHI","LB","17123","robust",NA,NA,NA,NA,NA,NA,NA,NA,NA,NA,NA,NA,NA,NA,NA,NA,NA,NA,NA,NA,NA,NA,NA,NA,NA,NA,20.55,27.35397,NA,NA,0,0,0.7,0.44478,0,0,2004-02-24,2025,NA,NA,NA,NA
"717","Troy Andersen","ATL","LB","15858","robust",NA,NA,NA,NA,NA,NA,NA,NA,NA,NA,NA,NA,NA,NA,NA,NA,NA,NA,NA,NA,NA,NA,NA,NA,NA,NA,31.15,8.67321,NA,NA,0.2,0.29652,1.2,1.18608,0.4,0,1999-04-23,2022,"O","Knee",2025,0
"718","Cody Simon","ARI","LB","17178","robust",NA,NA,NA,NA,NA,NA,NA,NA,NA,NA,NA,NA,NA,NA,NA,NA,NA,NA,NA,NA,NA,NA,NA,NA,NA,NA,17.7,10.82298,NA,NA,0,0,1.8,0.29652,0,0,2002-04-01,2025,NA,NA,NA,NA
"719","DeShon Elliott","PIT","DB","13806","robust",NA,NA,NA,NA,NA,NA,NA,NA,NA,NA,NA,NA,NA,NA,NA,NA,NA,NA,NA,NA,NA,NA,NA,NA,NA,NA,82.65,21.72009,NA,NA,1.35,0.51891,6.9,1.33434,0,0,1997-01-01,2018,NA,NA,NA,NA
"720","Budda Baker","ARI","DB","13251","robust",NA,NA,NA,NA,NA,NA,NA,NA,NA,NA,NA,NA,NA,NA,NA,NA,NA,NA,NA,NA,NA,NA,NA,NA,NA,NA,90.75,4.07715,NA,NA,0.65,0.51891,3.6,0.88956,0,0,1996-01-10,2017,NA,NA,NA,NA
"721","Brian Branch","DET","DB","16244","robust",NA,NA,NA,NA,NA,NA,NA,NA,NA,NA,NA,NA,NA,NA,NA,NA,NA,NA,NA,NA,NA,NA,NA,NA,NA,NA,83.2,7.70952,NA,NA,3.9,1.33434,14.25,1.11195,0,0,2001-10-22,2023,NA,NA,NA,NA
"722","Kevin Byard","CHI","DB","12752","robust",NA,NA,NA,NA,NA,NA,NA,NA,NA,NA,NA,NA,NA,NA,NA,NA,NA,NA,NA,NA,NA,NA,NA,NA,NA,NA,79.05,11.93493,NA,NA,1.75,0.37065,7.15,1.70499,0,0,1993-08-17,2016,NA,NA,NA,NA
"723","Brandon Jones","DEN","DB","14910","robust",NA,NA,NA,NA,NA,NA,NA,NA,NA,NA,NA,NA,NA,NA,NA,NA,NA,NA,NA,NA,NA,NA,NA,NA,NA,NA,76.55,15.64143,NA,NA,1.8,0.29652,6.2,0.29652,0,0,1998-04-02,2020,NA,NA,NA,NA
"724","Jaquan Brisker","CHI","DB","15835","robust",NA,NA,NA,NA,NA,NA,NA,NA,NA,NA,NA,NA,NA,NA,NA,NA,NA,NA,NA,NA,NA,NA,NA,NA,NA,NA,75.05,14.90013,NA,NA,1.8,1.18608,6.65,3.92889,0,0,1999-04-20,2022,NA,NA,NA,NA
"725","Antoine Winfield","TB","DB","14909","robust",NA,NA,NA,NA,NA,NA,NA,NA,NA,NA,NA,NA,NA,NA,NA,NA,NA,NA,NA,NA,NA,NA,NA,NA,NA,NA,76.05,8.96972999999999,NA,NA,2.05,0.0741300000000001,8.05,0.0741299999999997,0,0,1998-08-16,2020,NA,NA,NA,NA
"726","Kyle Hamilton","BAL","DB","15834","robust",NA,NA,NA,NA,NA,NA,NA,NA,NA,NA,NA,NA,NA,NA,NA,NA,NA,NA,NA,NA,NA,NA,NA,NA,NA,NA,79.55,2.29803,NA,NA,2.4,0.59304,10.75,1.11195,0.6,0,2001-03-16,2022,"Q","Groin",2025,0
"727","Julian Love","SEA","DB","14179","robust",NA,NA,NA,NA,NA,NA,NA,NA,NA,NA,NA,NA,NA,NA,NA,NA,NA,NA,NA,NA,NA,NA,NA,NA,NA,NA,78.55,2.14977,NA,NA,3.3,0.44478,12.4,2.07564,0,0,1970-01-01,2019,NA,NA,NA,NA
"728","Josh Metellus","MIN","DB","14995","robust",NA,NA,NA,NA,NA,NA,NA,NA,NA,NA,NA,NA,NA,NA,NA,NA,NA,NA,NA,NA,NA,NA,NA,NA,NA,NA,61.7,26.24202,NA,NA,2.3,1.92738,6.2,4.74432,0,0,1998-01-21,2020,NA,NA,NA,NA
"729","Coby Bryant","SEA","DB","15872","robust",NA,NA,NA,NA,NA,NA,NA,NA,NA,NA,NA,NA,NA,NA,NA,NA,NA,NA,NA,NA,NA,NA,NA,NA,NA,NA,63.55,23.05443,NA,NA,3.35,2.00151,8.2,6.22692,1.4,0,1999-03-29,2022,NA,NA,NA,NA
"730","Will Harris","WAS","DB","14213","robust",NA,NA,NA,NA,NA,NA,NA,NA,NA,NA,NA,NA,NA,NA,NA,NA,NA,NA,NA,NA,NA,NA,NA,NA,NA,NA,63.05,22.31313,NA,NA,1.55,0.81543,9.5,9.6369,0,0,NA,2019,NA,NA,NA,NA
"731","Grant Delpit","CLE","DB","14907","robust",NA,NA,NA,NA,NA,NA,NA,NA,NA,NA,NA,NA,NA,NA,NA,NA,NA,NA,NA,NA,NA,NA,NA,NA,NA,NA,74.05,6.00453,NA,NA,1.35,0.96369,3.3,1.03782,0.6,0,1998-09-20,2020,NA,NA,NA,NA
"732","Jessie Bates","ATL","DB","13737","robust",NA,NA,NA,NA,NA,NA,NA,NA,NA,NA,NA,NA,NA,NA,NA,NA,NA,NA,NA,NA,NA,NA,NA,NA,NA,NA,73.25,4.81845,NA,NA,4.05,0.0741299999999997,9.8,0.29652,1.5,0,1997-02-26,2018,NA,NA,NA,NA
"733","Quentin Lake","LAR","DB","15923","robust",NA,NA,NA,NA,NA,NA,NA,NA,NA,NA,NA,NA,NA,NA,NA,NA,NA,NA,NA,NA,NA,NA,NA,NA,NA,NA,73.7,4.00302,NA,NA,0.15,0.22239,6.9,2.81694,0,0,1999-01-29,2022,NA,NA,NA,NA
"734","Tyler Nubin","NYG","DB","16679","robust",NA,NA,NA,NA,NA,NA,NA,NA,NA,NA,NA,NA,NA,NA,NA,NA,NA,NA,NA,NA,NA,NA,NA,NA,NA,NA,72.1,6.07866,NA,NA,1.1,0.14826,3.2,1.77912,0,0,2001-06-14,2024,NA,NA,NA,NA
"735","Devon Witherspoon","SEA","DB","16241","robust",NA,NA,NA,NA,NA,NA,NA,NA,NA,NA,NA,NA,NA,NA,NA,NA,NA,NA,NA,NA,NA,NA,NA,NA,NA,NA,68.1,12.00906,NA,NA,0.5,0.7413,11.6,0.59304,0,0,2000-12-11,2023,NA,NA,NA,NA
"736","Derwin James","LAC","DB","13714","robust",NA,NA,NA,NA,NA,NA,NA,NA,NA,NA,NA,NA,NA,NA,NA,NA,NA,NA,NA,NA,NA,NA,NA,NA,NA,NA,74.05,1.55673,NA,NA,1.25,0.37065,7.25,0.37065,0,0,1996-08-03,2018,NA,NA,NA,NA
"737","Kerby Joseph","DET","DB","15871","robust",NA,NA,NA,NA,NA,NA,NA,NA,NA,NA,NA,NA,NA,NA,NA,NA,NA,NA,NA,NA,NA,NA,NA,NA,NA,NA,68.85,8.67321,NA,NA,6.05,0.0741299999999997,11.5,0.7413,1.1,0,2000-11-14,2022,NA,NA,NA,NA
"738","Nick Cross","IND","DB","15839","robust",NA,NA,NA,NA,NA,NA,NA,NA,NA,NA,NA,NA,NA,NA,NA,NA,NA,NA,NA,NA,NA,NA,NA,NA,NA,NA,72.2,3.26172,NA,NA,3.65,2.44629,5.05,1.55673,0,0,2001-09-10,2022,"Q","Hip",2025,0
"739","Trevon Moehrig","CAR","DB","15365","robust",NA,NA,NA,NA,NA,NA,NA,NA,NA,NA,NA,NA,NA,NA,NA,NA,NA,NA,NA,NA,NA,NA,NA,NA,NA,NA,69.05,7.48713,NA,NA,2.25,0.37065,10,1.4826,0,0,1999-06-16,2021,NA,NA,NA,NA
"740","Jeremy Chinn","LVR","DB","14927","robust",NA,NA,NA,NA,NA,NA,NA,NA,NA,NA,NA,NA,NA,NA,NA,NA,NA,NA,NA,NA,NA,NA,NA,NA,NA,NA,74.05,0.0741299999999958,NA,NA,1.35,0.51891,6.55,2.29803,0,0,1998-02-26,2020,NA,NA,NA,NA
"741","Jaden Hicks","KC","DB","16727","robust",NA,NA,NA,NA,NA,NA,NA,NA,NA,NA,NA,NA,NA,NA,NA,NA,NA,NA,NA,NA,NA,NA,NA,NA,NA,NA,59.55,21.57183,NA,NA,4,0,7.95,2.89107,0,0,2002-08-16,2024,NA,NA,NA,NA
"742","Evan Williams","GB","DB","16719","robust",NA,NA,NA,NA,NA,NA,NA,NA,NA,NA,NA,NA,NA,NA,NA,NA,NA,NA,NA,NA,NA,NA,NA,NA,NA,NA,62.7,15.86382,NA,NA,3.65,2.44629,7.3,3.40998,0.4,0,2001-07-28,2024,NA,NA,NA,NA
"743","Jalen Thompson","ARI","DB","14518","robust",NA,NA,NA,NA,NA,NA,NA,NA,NA,NA,NA,NA,NA,NA,NA,NA,NA,NA,NA,NA,NA,NA,NA,NA,NA,NA,66.05,8.96972999999999,NA,NA,0.7,1.03782,3.95,2.89107,0,0,1998-07-18,2019,NA,NA,NA,NA
"744","Kyle Dugger","NE","DB","14921","robust",NA,NA,NA,NA,NA,NA,NA,NA,NA,NA,NA,NA,NA,NA,NA,NA,NA,NA,NA,NA,NA,NA,NA,NA,NA,NA,71.05,1.55673,NA,NA,1.15,0.22239,6.2,1.77912,0,0,1996-03-22,2020,NA,NA,NA,NA
"745","Amani Hooker","TEN","DB","14182","robust",NA,NA,NA,NA,NA,NA,NA,NA,NA,NA,NA,NA,NA,NA,NA,NA,NA,NA,NA,NA,NA,NA,NA,NA,NA,NA,56.85,22.01661,NA,NA,3.7,1.03782,7.6,0.889559999999999,0,0,1970-01-01,2019,NA,NA,NA,NA
"746","Talanoa Hufanga","DEN","DB","15452","robust",NA,NA,NA,NA,NA,NA,NA,NA,NA,NA,NA,NA,NA,NA,NA,NA,NA,NA,NA,NA,NA,NA,NA,NA,NA,NA,61.8,14.52948,NA,NA,2.25,0.37065,6.65,2.44629,1.1,0,1999-02-02,2021,NA,NA,NA,NA
"747","Darnell Savage","JAC","DB","14197","robust",NA,NA,NA,NA,NA,NA,NA,NA,NA,NA,NA,NA,NA,NA,NA,NA,NA,NA,NA,NA,NA,NA,NA,NA,NA,NA,58.25,19.64445,NA,NA,1.3,0.44478,5.9,2.81694,0,0,NA,2019,NA,NA,NA,NA
"748","Xavier Woods","TEN","DB","13325","robust",NA,NA,NA,NA,NA,NA,NA,NA,NA,NA,NA,NA,NA,NA,NA,NA,NA,NA,NA,NA,NA,NA,NA,NA,NA,NA,68.55,2.29803,NA,NA,2.1,0.14826,5.65,0.51891,0,0,1995-07-26,2017,NA,NA,NA,NA
"749","Camryn Bynum","IND","DB","15418","robust",NA,NA,NA,NA,NA,NA,NA,NA,NA,NA,NA,NA,NA,NA,NA,NA,NA,NA,NA,NA,NA,NA,NA,NA,NA,NA,67.05,4.37367,NA,NA,3.15,1.70499,9.4,0.59304,0.5,0,1998-07-19,2021,NA,NA,NA,NA
"750","Jordan Battle","CIN","DB","16245","robust",NA,NA,NA,NA,NA,NA,NA,NA,NA,NA,NA,NA,NA,NA,NA,NA,NA,NA,NA,NA,NA,NA,NA,NA,NA,NA,68.75,1.85325,NA,NA,2.55,0.81543,6.65,3.92889,0.7,0,2000-12-14,2023,NA,NA,NA,NA
"751","Jalen Pitre","HOU","DB","15850","robust",NA,NA,NA,NA,NA,NA,NA,NA,NA,NA,NA,NA,NA,NA,NA,NA,NA,NA,NA,NA,NA,NA,NA,NA,NA,NA,61.95,11.93493,NA,NA,1.5,0.7413,8.05,1.55673,0,0,1999-06-03,2022,NA,NA,NA,NA
"752","Tony Adams","NYJ","DB","16014","robust",NA,NA,NA,NA,NA,NA,NA,NA,NA,NA,NA,NA,NA,NA,NA,NA,NA,NA,NA,NA,NA,NA,NA,NA,NA,NA,51.9,25.05594,NA,NA,2.6,2.37216,7.8,5.63388,0,0,1999-01-24,2022,NA,NA,NA,NA
"753","Cole Bishop","BUF","DB","16700","robust",NA,NA,NA,NA,NA,NA,NA,NA,NA,NA,NA,NA,NA,NA,NA,NA,NA,NA,NA,NA,NA,NA,NA,NA,NA,NA,49.1,28.31766,NA,NA,1.4,0.59304,3.9,2.81694,1,0,2002-10-24,2024,"Q","Quadriceps",2025,0
"754","Keisean Nixon","GB","DB","14669","robust",NA,NA,NA,NA,NA,NA,NA,NA,NA,NA,NA,NA,NA,NA,NA,NA,NA,NA,NA,NA,NA,NA,NA,NA,NA,NA,63.55,5.26323,NA,NA,0.85,0.22239,5.9,0.14826,0,0,1997-06-22,2019,NA,NA,NA,NA
"755","Justin Reid","NO","DB","13717","robust",NA,NA,NA,NA,NA,NA,NA,NA,NA,NA,NA,NA,NA,NA,NA,NA,NA,NA,NA,NA,NA,NA,NA,NA,NA,NA,65.25,1.85325,NA,NA,2.3,0.44478,9.75,2.59455,0,0,1997-02-15,2018,NA,NA,NA,NA
"756","Xavier McKinney","GB","DB","14908","robust",NA,NA,NA,NA,NA,NA,NA,NA,NA,NA,NA,NA,NA,NA,NA,NA,NA,NA,NA,NA,NA,NA,NA,NA,NA,NA,65.05,1.55673,NA,NA,4.9,0.14826,9.25,2.59455,0,0,1999-08-09,2020,"Q","Calf",2025,0
"757","Damar Hamlin","BUF","DB","15469","robust",NA,NA,NA,NA,NA,NA,NA,NA,NA,NA,NA,NA,NA,NA,NA,NA,NA,NA,NA,NA,NA,NA,NA,NA,NA,NA,55.55,15.64143,NA,NA,1.55,0.81543,4.9,1.33434,0,0,1998-03-24,2021,NA,NA,NA,NA
"758","Reed Blankenship","PHI","DB","16018","robust",NA,NA,NA,NA,NA,NA,NA,NA,NA,NA,NA,NA,NA,NA,NA,NA,NA,NA,NA,NA,NA,NA,NA,NA,NA,NA,64.55,2.14977,NA,NA,4.7,2.52042,9.2,1.77912,1.9,0,1999-03-02,2022,NA,NA,NA,NA
"759","Kamren Curl","LAR","DB","15001","robust",NA,NA,NA,NA,NA,NA,NA,NA,NA,NA,NA,NA,NA,NA,NA,NA,NA,NA,NA,NA,NA,NA,NA,NA,NA,NA,59.6,9.48864,NA,NA,0.65,0.51891,8,2.9652,0.7,0,1999-03-31,2020,"Q","Ankle",2025,0
"760","Isaiah Pola-Mao","LVR","DB","16102","robust",NA,NA,NA,NA,NA,NA,NA,NA,NA,NA,NA,NA,NA,NA,NA,NA,NA,NA,NA,NA,NA,NA,NA,NA,NA,NA,59.6,8.30256,NA,NA,0.9,0.14826,5.95,2.89107,0,0,1999-06-30,2022,NA,NA,NA,NA
"761","Taron Johnson","BUF","DB","13764","robust",NA,NA,NA,NA,NA,NA,NA,NA,NA,NA,NA,NA,NA,NA,NA,NA,NA,NA,NA,NA,NA,NA,NA,NA,NA,NA,64.95,0.0741299999999958,NA,NA,1.8,0.29652,7.5,0.7413,0.9,0,1996-07-27,2018,NA,NA,NA,NA
"762","Tyson Campbell","JAC","DB","15380","robust",NA,NA,NA,NA,NA,NA,NA,NA,NA,NA,NA,NA,NA,NA,NA,NA,NA,NA,NA,NA,NA,NA,NA,NA,NA,NA,54.6,14.23296,NA,NA,0,0,9.55,2.14977,0,0,2000-03-17,2021,NA,NA,NA,NA
"763","Mike Sainristil","WAS","DB","16698","robust",NA,NA,NA,NA,NA,NA,NA,NA,NA,NA,NA,NA,NA,NA,NA,NA,NA,NA,NA,NA,NA,NA,NA,NA,NA,NA,58.3,8.45082,NA,NA,2.95,1.40847,14,0,0,0,NA,2024,NA,NA,NA,NA
"764","Malaki Starks","BAL","DB","17132","robust",NA,NA,NA,NA,NA,NA,NA,NA,NA,NA,NA,NA,NA,NA,NA,NA,NA,NA,NA,NA,NA,NA,NA,NA,NA,NA,55.75,11.49015,NA,NA,2.15,1.70499,8.9,4.29954,1,0,2003-11-13,2025,NA,NA,NA,NA
"765","Harrison Smith","MIN","DB","10783","robust",NA,NA,NA,NA,NA,NA,NA,NA,NA,NA,NA,NA,NA,NA,NA,NA,NA,NA,NA,NA,NA,NA,NA,NA,NA,NA,62.05,1.40847,NA,NA,2.15,0.22239,8.55,2.29803,0,0,1989-02-02,2012,NA,NA,NA,NA
"766","Eric Murray","JAC","DB","12772","robust",NA,NA,NA,NA,NA,NA,NA,NA,NA,NA,NA,NA,NA,NA,NA,NA,NA,NA,NA,NA,NA,NA,NA,NA,NA,NA,55.45,11.04537,NA,NA,1.3,0.44478,7.6,5.33736,0,0,1994-01-07,2016,NA,NA,NA,NA
"767","Byron Murphy","MIN","DB","14180","robust",NA,NA,NA,NA,NA,NA,NA,NA,NA,NA,NA,NA,NA,NA,NA,NA,NA,NA,NA,NA,NA,NA,NA,NA,NA,NA,59.35,4.96671,NA,NA,4.5,0.7413,11.95,1.55673,0,0,1970-01-01,2019,NA,NA,NA,NA
"768","Jabrill Peppers","NE","DB","13231","robust",NA,NA,NA,NA,NA,NA,NA,NA,NA,NA,NA,NA,NA,NA,NA,NA,NA,NA,NA,NA,NA,NA,NA,NA,NA,NA,54.2,12.15732,NA,NA,1.4,0.59304,5.85,1.26021,0,0,1995-10-04,2017,NA,NA,NA,NA
"769","Kenny Moore","IND","DB","13470","robust",NA,NA,NA,NA,NA,NA,NA,NA,NA,NA,NA,NA,NA,NA,NA,NA,NA,NA,NA,NA,NA,NA,NA,NA,NA,NA,59.15,4.67019,NA,NA,3.25,0.37065,6.9,1.33434,1.2,0,1995-08-23,2017,"Q","Knee",2025,0
"770","Minkah Fitzpatrick","MIA","DB","13713","robust",NA,NA,NA,NA,NA,NA,NA,NA,NA,NA,NA,NA,NA,NA,NA,NA,NA,NA,NA,NA,NA,NA,NA,NA,NA,NA,58.6,5.33736,NA,NA,1.65,0.51891,6.45,2.14977,0,0,1996-11-17,2018,NA,NA,NA,NA
"771","Alontae Taylor","NO","DB","15856","robust",NA,NA,NA,NA,NA,NA,NA,NA,NA,NA,NA,NA,NA,NA,NA,NA,NA,NA,NA,NA,NA,NA,NA,NA,NA,NA,59.6,3.55824,NA,NA,1.95,0.0741300000000001,14.4,0.59304,0,0,1998-12-03,2022,NA,NA,NA,NA
"772","Jevon Holland","NYG","DB","15366","robust",NA,NA,NA,NA,NA,NA,NA,NA,NA,NA,NA,NA,NA,NA,NA,NA,NA,NA,NA,NA,NA,NA,NA,NA,NA,NA,59.6,0.593039999999998,NA,NA,0.9,0.14826,5.35,2.00151,0,0,2000-03-03,2021,NA,NA,NA,NA
"773","Tyrique Stevenson","CHI","DB","16267","robust",NA,NA,NA,NA,NA,NA,NA,NA,NA,NA,NA,NA,NA,NA,NA,NA,NA,NA,NA,NA,NA,NA,NA,NA,NA,NA,57.25,3.33585,NA,NA,3.2,0.29652,13.6,0.889559999999999,0.7,0,2000-05-26,2023,NA,NA,NA,NA
"774","Darius Slay","PIT","DB","11348","robust",NA,NA,NA,NA,NA,NA,NA,NA,NA,NA,NA,NA,NA,NA,NA,NA,NA,NA,NA,NA,NA,NA,NA,NA,NA,NA,48.35,15.34491,NA,NA,1.25,1.11195,13.2,0.29652,0,0,1991-01-01,2013,NA,NA,NA,NA
"775","Bryan Cook","KC","DB","15860","robust",NA,NA,NA,NA,NA,NA,NA,NA,NA,NA,NA,NA,NA,NA,NA,NA,NA,NA,NA,NA,NA,NA,NA,NA,NA,NA,56.2,3.26172,NA,NA,3.15,1.70499,6.1,3.11346,0,0,1999-09-07,2022,NA,NA,NA,NA
"776","Javon Bullard","GB","DB","16677","robust",NA,NA,NA,NA,NA,NA,NA,NA,NA,NA,NA,NA,NA,NA,NA,NA,NA,NA,NA,NA,NA,NA,NA,NA,NA,NA,50.2,12.15732,NA,NA,1,1.4826,2.55,0.81543,0,0,2002-09-05,2024,NA,NA,NA,NA
"777","Kyler Gordon","CHI","DB","15852","robust",NA,NA,NA,NA,NA,NA,NA,NA,NA,NA,NA,NA,NA,NA,NA,NA,NA,NA,NA,NA,NA,NA,NA,NA,NA,NA,52,8.8956,NA,NA,1.5,0.7413,6.55,0.81543,0,0,1999-12-17,2022,"Q","Hamstring",2025,0
"778","Calen Bullock","HOU","DB","16705","robust",NA,NA,NA,NA,NA,NA,NA,NA,NA,NA,NA,NA,NA,NA,NA,NA,NA,NA,NA,NA,NA,NA,NA,NA,NA,NA,57.65,0.518910000000002,NA,NA,4.95,1.40847,13,1.4826,0.8,0,2003-04-30,2024,NA,NA,NA,NA
"779","Taylor Rapp","BUF","DB","14186","robust",NA,NA,NA,NA,NA,NA,NA,NA,NA,NA,NA,NA,NA,NA,NA,NA,NA,NA,NA,NA,NA,NA,NA,NA,NA,NA,54.45,5.11497,NA,NA,2.35,2.00151,6.4,2.07564,0,0,1970-01-01,2019,"Q","Knee",2025,0
"780","Andre Cisco","NYJ","DB","15364","robust",NA,NA,NA,NA,NA,NA,NA,NA,NA,NA,NA,NA,NA,NA,NA,NA,NA,NA,NA,NA,NA,NA,NA,NA,NA,NA,53.8,5.63388,NA,NA,1.85,1.70499,7.25,1.85325,0,0,2000-03-23,2021,NA,NA,NA,NA
"781","Deommodore Lenoir","SF","DB","15445","robust",NA,NA,NA,NA,NA,NA,NA,NA,NA,NA,NA,NA,NA,NA,NA,NA,NA,NA,NA,NA,NA,NA,NA,NA,NA,NA,56.25,1.85325,NA,NA,1.6,0.59304,8.05,0.0741299999999997,1.2,0,1999-10-06,2021,"Q","Hip",2025,0
"782","Zyon McCollum","TB","DB","15895","robust",NA,NA,NA,NA,NA,NA,NA,NA,NA,NA,NA,NA,NA,NA,NA,NA,NA,NA,NA,NA,NA,NA,NA,NA,NA,NA,55.7,2.52042,NA,NA,0.95,0.07413,14.95,1.40847,0,0,1999-05-03,2022,NA,NA,NA,NA
"783","Donovan Wilson","DAL","DB","14283","robust",NA,NA,NA,NA,NA,NA,NA,NA,NA,NA,NA,NA,NA,NA,NA,NA,NA,NA,NA,NA,NA,NA,NA,NA,NA,NA,53.8,4.74432,NA,NA,1.1,0.14826,3.8,1.18608,0.3,0,1970-01-01,2019,NA,NA,NA,NA
"784","Terrion Arnold","DET","DB","16671","robust",NA,NA,NA,NA,NA,NA,NA,NA,NA,NA,NA,NA,NA,NA,NA,NA,NA,NA,NA,NA,NA,NA,NA,NA,NA,NA,55.35,2.00151,NA,NA,1,1.4826,10.15,1.26021,0,0,2003-03-22,2024,"Q","Hamstring",2025,0
"785","Michael Jackson","CAR","DB","14252","robust",NA,NA,NA,NA,NA,NA,NA,NA,NA,NA,NA,NA,NA,NA,NA,NA,NA,NA,NA,NA,NA,NA,NA,NA,NA,NA,55.15,1.70499,NA,NA,1.35,0.51891,14.2,1.77912,0,0,NA,2019,NA,NA,NA,NA
"786","Jarvis Brownlee","TEN","DB","16736","robust",NA,NA,NA,NA,NA,NA,NA,NA,NA,NA,NA,NA,NA,NA,NA,NA,NA,NA,NA,NA,NA,NA,NA,NA,NA,NA,49.55,8.22843,NA,NA,1.3,1.03782,6.2,1.18608,0,0,2001-07-13,2024,NA,NA,NA,NA
"787","Daxton Hill","CIN","DB","15836","robust",NA,NA,NA,NA,NA,NA,NA,NA,NA,NA,NA,NA,NA,NA,NA,NA,NA,NA,NA,NA,NA,NA,NA,NA,NA,NA,45.65,13.86231,NA,NA,1.4,0.88956,5.8,3.26172,0.5,0,2000-09-29,2022,"Q","Knee",2025,0
"788","L'Jarius Sneed","TEN","DB","14956","robust",NA,NA,NA,NA,NA,NA,NA,NA,NA,NA,NA,NA,NA,NA,NA,NA,NA,NA,NA,NA,NA,NA,NA,NA,NA,NA,47.4,11.26776,NA,NA,1.2,1.18608,7.35,5.41149,0,0,1997-01-21,2020,"O","Quadriceps",2025,0
"789","Christian Gonzalez","NE","DB","16251","robust",NA,NA,NA,NA,NA,NA,NA,NA,NA,NA,NA,NA,NA,NA,NA,NA,NA,NA,NA,NA,NA,NA,NA,NA,NA,NA,51.45,5.26323,NA,NA,1.65,0.51891,11.1,1.33434,1,0,2002-06-28,2023,"Q","Leg",2025,0
"790","D.J. Reed","DET","DB","13774","robust",NA,NA,NA,NA,NA,NA,NA,NA,NA,NA,NA,NA,NA,NA,NA,NA,NA,NA,NA,NA,NA,NA,NA,NA,NA,NA,48.15,10.15581,NA,NA,0.5,0.7413,9.35,0.96369,0,0,1996-11-11,2018,NA,NA,NA,NA
"791","Jamel Dean","TB","DB","14219","robust",NA,NA,NA,NA,NA,NA,NA,NA,NA,NA,NA,NA,NA,NA,NA,NA,NA,NA,NA,NA,NA,NA,NA,NA,NA,NA,48.85,8.67321,NA,NA,1.65,0.51891,9,2.9652,0,0,1970-01-01,2019,NA,NA,NA,NA
"792","Alohi Gilman","LAC","DB","14982","robust",NA,NA,NA,NA,NA,NA,NA,NA,NA,NA,NA,NA,NA,NA,NA,NA,NA,NA,NA,NA,NA,NA,NA,NA,NA,NA,47.25,10.74885,NA,NA,3.3,1.92738,8.45,2.14977,0.9,0,1997-09-17,2020,NA,NA,NA,NA
"793","Chauncey Gardner-Johnson","HOU","DB","14224","robust",NA,NA,NA,NA,NA,NA,NA,NA,NA,NA,NA,NA,NA,NA,NA,NA,NA,NA,NA,NA,NA,NA,NA,NA,NA,NA,50.55,5.26323,NA,NA,5.15,3.18759,13.2,6.22692,1.4,0,1970-01-01,2019,"Q","Knee",2025,0
"794","Jaycee Horn","CAR","DB","15361","robust",NA,NA,NA,NA,NA,NA,NA,NA,NA,NA,NA,NA,NA,NA,NA,NA,NA,NA,NA,NA,NA,NA,NA,NA,NA,NA,53.05,1.55673,NA,NA,1.35,0.96369,12.6,0.889559999999999,0,0,1999-11-26,2021,"Q","Thumb",2025,0
"795","Paulson Adebo","NYG","DB","15394","robust",NA,NA,NA,NA,NA,NA,NA,NA,NA,NA,NA,NA,NA,NA,NA,NA,NA,NA,NA,NA,NA,NA,NA,NA,NA,NA,47.2,10.08168,NA,NA,2.2,1.18608,11.05,4.37367,0,0,1999-07-03,2021,NA,NA,NA,NA
"796","DaRon Bland","DAL","DB","15904","robust",NA,NA,NA,NA,NA,NA,NA,NA,NA,NA,NA,NA,NA,NA,NA,NA,NA,NA,NA,NA,NA,NA,NA,NA,NA,NA,47.85,8.67321,NA,NA,3.05,1.40847,9.65,0.518909999999999,0,0,1999-07-12,2022,NA,NA,NA,NA
"797","Cam Taylor-Britt","CIN","DB","15859","robust",NA,NA,NA,NA,NA,NA,NA,NA,NA,NA,NA,NA,NA,NA,NA,NA,NA,NA,NA,NA,NA,NA,NA,NA,NA,NA,51.75,2.59455,NA,NA,2.45,0.81543,14.35,2.00151,0.7,0,1999-10-15,2022,NA,NA,NA,NA
"798","Jason Pinnock","SF","DB","15448","robust",NA,NA,NA,NA,NA,NA,NA,NA,NA,NA,NA,NA,NA,NA,NA,NA,NA,NA,NA,NA,NA,NA,NA,NA,NA,NA,48.35,6.89409,NA,NA,0.5,0.7413,1.55,2.14977,0,0,1999-06-30,2021,NA,NA,NA,NA
"799","Trent McDuffie","KC","DB","15845","robust",NA,NA,NA,NA,NA,NA,NA,NA,NA,NA,NA,NA,NA,NA,NA,NA,NA,NA,NA,NA,NA,NA,NA,NA,NA,NA,51.95,1.40847,NA,NA,1.9,0.14826,13.7,2.52042,0,0,2000-09-13,2022,NA,NA,NA,NA
"800","Ji'Ayir Brown","SF","DB","16281","robust",NA,NA,NA,NA,NA,NA,NA,NA,NA,NA,NA,NA,NA,NA,NA,NA,NA,NA,NA,NA,NA,NA,NA,NA,NA,NA,49.95,4.37367,NA,NA,1.25,0.37065,5.25,0.37065,0,0,2000-01-25,2023,"Q","Ankle",2025,0
"801","Christian Benford","BUF","DB","15913","robust",NA,NA,NA,NA,NA,NA,NA,NA,NA,NA,NA,NA,NA,NA,NA,NA,NA,NA,NA,NA,NA,NA,NA,NA,NA,NA,49.85,4.22541,NA,NA,2.4,0.59304,11.2,1.77912,0.2,0,2000-09-21,2022,NA,NA,NA,NA
"802","Mike Hughes","ATL","DB","13731","robust",NA,NA,NA,NA,NA,NA,NA,NA,NA,NA,NA,NA,NA,NA,NA,NA,NA,NA,NA,NA,NA,NA,NA,NA,NA,NA,51.05,1.55673,NA,NA,0.5,0.7413,7,0,0,0,1970-01-01,2018,NA,NA,NA,NA
"803","Jartavius Martin","WAS","DB","16263","robust",NA,NA,NA,NA,NA,NA,NA,NA,NA,NA,NA,NA,NA,NA,NA,NA,NA,NA,NA,NA,NA,NA,NA,NA,NA,NA,48.55,5.11497,NA,NA,2.2,0.29652,4.1,0.14826,1,0,2000-04-17,2023,NA,NA,NA,NA
"804","Kamari Lassiter","HOU","DB","16672","robust",NA,NA,NA,NA,NA,NA,NA,NA,NA,NA,NA,NA,NA,NA,NA,NA,NA,NA,NA,NA,NA,NA,NA,NA,NA,NA,50.2,2.66868,NA,NA,3.6,0.88956,13.3,1.92738,0,0,2003-01-23,2024,NA,NA,NA,NA
"805","A.J. Terrell","ATL","DB","14918","robust",NA,NA,NA,NA,NA,NA,NA,NA,NA,NA,NA,NA,NA,NA,NA,NA,NA,NA,NA,NA,NA,NA,NA,NA,NA,NA,47.8,6.22692,NA,NA,1.45,0.81543,8.55,0.81543,0,0,1998-09-23,2020,NA,NA,NA,NA
"806","Deonte Banks","NYG","DB","16255","robust",NA,NA,NA,NA,NA,NA,NA,NA,NA,NA,NA,NA,NA,NA,NA,NA,NA,NA,NA,NA,NA,NA,NA,NA,NA,NA,47.35,6.44931,NA,NA,1.5,0.7413,12.25,1.85325,0.3,0,2001-03-03,2023,NA,NA,NA,NA
"807","Andru Phillips","NYG","DB","16703","robust",NA,NA,NA,NA,NA,NA,NA,NA,NA,NA,NA,NA,NA,NA,NA,NA,NA,NA,NA,NA,NA,NA,NA,NA,NA,NA,45.7,8.45082,NA,NA,1.2,0.29652,3.6,0.59304,0,0,2001-11-30,2024,"Q","Undisclosed",2025,0
"808","Geno Stone","CIN","DB","15003","robust",NA,NA,NA,NA,NA,NA,NA,NA,NA,NA,NA,NA,NA,NA,NA,NA,NA,NA,NA,NA,NA,NA,NA,NA,NA,NA,48.05,4.37367,NA,NA,4,0,6.05,0.0741299999999997,1,0,1999-04-19,2020,"Q","Undisclosed",2025,0
"809","Nate Hobbs","GB","DB","15441","robust",NA,NA,NA,NA,NA,NA,NA,NA,NA,NA,NA,NA,NA,NA,NA,NA,NA,NA,NA,NA,NA,NA,NA,NA,NA,NA,38.15,19.05141,NA,NA,0.5,0.7413,5.15,2.74281,0,0,1999-06-24,2021,"Q","Knee",2025,0
"810","Tarheeb Still","LAC","DB","16729","robust",NA,NA,NA,NA,NA,NA,NA,NA,NA,NA,NA,NA,NA,NA,NA,NA,NA,NA,NA,NA,NA,NA,NA,NA,NA,NA,48.05,2.89107,NA,NA,2.55,0.66717,10.4,2.37216,0.3,0,2002-06-09,2024,NA,NA,NA,NA
"811","Tykee Smith","TB","DB","16708","robust",NA,NA,NA,NA,NA,NA,NA,NA,NA,NA,NA,NA,NA,NA,NA,NA,NA,NA,NA,NA,NA,NA,NA,NA,NA,NA,47.75,3.33585,NA,NA,2.05,0.0741300000000001,8.35,0.96369,0,0,2001-02-18,2024,NA,NA,NA,NA
"812","Xavier Watts","ATL","DB","17131","robust",NA,NA,NA,NA,NA,NA,NA,NA,NA,NA,NA,NA,NA,NA,NA,NA,NA,NA,NA,NA,NA,NA,NA,NA,NA,NA,25,37.065,NA,NA,0.5,0.7413,2.05,2.89107,0,0,2001-11-22,2025,NA,NA,NA,NA
"813","Patrick Surtain II","DEN","DB","15362","robust",NA,NA,NA,NA,NA,NA,NA,NA,NA,NA,NA,NA,NA,NA,NA,NA,NA,NA,NA,NA,NA,NA,NA,NA,NA,NA,44.15,7.63539,NA,NA,2.5,0.7413,10.55,2.14977,0.3,0,2000-04-14,2021,NA,NA,NA,NA
"814","Malik Hooker","DAL","DB","13228","robust",NA,NA,NA,NA,NA,NA,NA,NA,NA,NA,NA,NA,NA,NA,NA,NA,NA,NA,NA,NA,NA,NA,NA,NA,NA,NA,47.2,1.77912,NA,NA,2.2,0.29652,4.7,1.03782,0.3,0,1996-04-02,2017,NA,NA,NA,NA
"815","Cooper DeJean","PHI","DB","16675","robust",NA,NA,NA,NA,NA,NA,NA,NA,NA,NA,NA,NA,NA,NA,NA,NA,NA,NA,NA,NA,NA,NA,NA,NA,NA,NA,47.65,0.963689999999998,NA,NA,1.1,0.14826,9.9,2.81694,0.8,0,2003-02-08,2024,NA,NA,NA,NA
"816","Joey Porter Jr.","PIT","DB","16240","robust",NA,NA,NA,NA,NA,NA,NA,NA,NA,NA,NA,NA,NA,NA,NA,NA,NA,NA,NA,NA,NA,NA,NA,NA,NA,NA,47.15,1.70499,NA,NA,1.2,0.29652,8.15,1.26021,0,0,2000-07-26,2023,"Q","Hand",2025,0
"817","Marlon Humphrey","BAL","DB","13223","robust",NA,NA,NA,NA,NA,NA,NA,NA,NA,NA,NA,NA,NA,NA,NA,NA,NA,NA,NA,NA,NA,NA,NA,NA,NA,NA,47.1,1.33434,NA,NA,3.2,0.29652,12.8,0.29652,0.7,0,1996-07-08,2017,NA,NA,NA,NA
"818","Theo Jackson","MIN","DB","15921","robust",NA,NA,NA,NA,NA,NA,NA,NA,NA,NA,NA,NA,NA,NA,NA,NA,NA,NA,NA,NA,NA,NA,NA,NA,NA,NA,31.3,24.75942,NA,NA,1.2,1.18608,5.65,3.48411,0,0,1998-10-02,2022,NA,NA,NA,NA
"819","Marshon Lattimore","WAS","DB","13224","robust",NA,NA,NA,NA,NA,NA,NA,NA,NA,NA,NA,NA,NA,NA,NA,NA,NA,NA,NA,NA,NA,NA,NA,NA,NA,NA,43.9,5.78214,NA,NA,0.7,0.44478,9.6,5.33736,0,0,1996-05-19,2017,NA,NA,NA,NA
"820","Kool-Aid McKinstry","NO","DB","16670","robust",NA,NA,NA,NA,NA,NA,NA,NA,NA,NA,NA,NA,NA,NA,NA,NA,NA,NA,NA,NA,NA,NA,NA,NA,NA,NA,43.8,5.63388,NA,NA,0.85,0.22239,9.6,0.59304,0,0,2002-09-30,2024,NA,NA,NA,NA
"821","Storm Duck","MIA","DB","16889","robust",NA,NA,NA,NA,NA,NA,NA,NA,NA,NA,NA,NA,NA,NA,NA,NA,NA,NA,NA,NA,NA,NA,NA,NA,NA,NA,42.7,6.96822,NA,NA,0.85,0.22239,6.3,3.40998,0,0,2000-12-15,2024,NA,NA,NA,NA
"822","Denzel Ward","CLE","DB","13707","robust",NA,NA,NA,NA,NA,NA,NA,NA,NA,NA,NA,NA,NA,NA,NA,NA,NA,NA,NA,NA,NA,NA,NA,NA,NA,NA,43.15,6.15279,NA,NA,2.7,0.44478,14.55,0.66717,0,0,1997-04-28,2018,NA,NA,NA,NA
"823","Quinyon Mitchell","PHI","DB","16690","robust",NA,NA,NA,NA,NA,NA,NA,NA,NA,NA,NA,NA,NA,NA,NA,NA,NA,NA,NA,NA,NA,NA,NA,NA,NA,NA,43.5,5.1891,NA,NA,2.6,0.88956,13.25,0.37065,0,0,2001-07-18,2024,NA,NA,NA,NA
"824","Jalen Ramsey","PIT","DB","12711","robust",NA,NA,NA,NA,NA,NA,NA,NA,NA,NA,NA,NA,NA,NA,NA,NA,NA,NA,NA,NA,NA,NA,NA,NA,NA,NA,43.65,4.96671,NA,NA,2.55,0.66717,11.5,3.7065,0,0,1994-10-24,2016,NA,NA,NA,NA
"825","Derek Stingley Jr.","HOU","DB","15832","robust",NA,NA,NA,NA,NA,NA,NA,NA,NA,NA,NA,NA,NA,NA,NA,NA,NA,NA,NA,NA,NA,NA,NA,NA,NA,NA,43.85,4.22541,NA,NA,5.45,3.63237,20.55,5.26323,0,0,2001-06-20,2022,NA,NA,NA,NA
"826","Darious Williams","LAR","DB","13959","robust",NA,NA,NA,NA,NA,NA,NA,NA,NA,NA,NA,NA,NA,NA,NA,NA,NA,NA,NA,NA,NA,NA,NA,NA,NA,NA,43.3,4.89258,NA,NA,1.95,0.0741300000000001,12.3,2.52042,0,0,1993-03-15,2018,NA,NA,NA,NA
"827","Charvarius Ward","IND","DB","13920","robust",NA,NA,NA,NA,NA,NA,NA,NA,NA,NA,NA,NA,NA,NA,NA,NA,NA,NA,NA,NA,NA,NA,NA,NA,NA,NA,45.8,1.18608,NA,NA,1.75,1.85325,9.85,6.15279,0,0,1970-01-01,2018,"Q","Leg",2025,0
"828","Trevon Diggs","DAL","DB","14903","robust",NA,NA,NA,NA,NA,NA,NA,NA,NA,NA,NA,NA,NA,NA,NA,NA,NA,NA,NA,NA,NA,NA,NA,NA,NA,NA,42.65,4.96671,NA,NA,2.1,1.33434,13.5,3.7065,0,0,1998-09-20,2020,"O","Knee",2025,0
"829","Ahmad Gardner","NYJ","DB","15833","robust",NA,NA,NA,NA,NA,NA,NA,NA,NA,NA,NA,NA,NA,NA,NA,NA,NA,NA,NA,NA,NA,NA,NA,NA,NA,NA,42.55,3.78063,NA,NA,1.55,0.66717,14.5,2.2239,0,0,2001-08-31,2022,NA,NA,NA,NA
"830","Malachi Moore","NYJ","DB","17186","robust",NA,NA,NA,NA,NA,NA,NA,NA,NA,NA,NA,NA,NA,NA,NA,NA,NA,NA,NA,NA,NA,NA,NA,NA,NA,NA,27.65,25.72311,NA,NA,1,1.4826,2.85,3.18759,0,0,2001-09-13,2025,"Q","Oblique",2025,0
"831","Carlton Davis","NE","DB","13710","robust",NA,NA,NA,NA,NA,NA,NA,NA,NA,NA,NA,NA,NA,NA,NA,NA,NA,NA,NA,NA,NA,NA,NA,NA,NA,NA,41.25,5.55975,NA,NA,1,1.4826,10.65,0.96369,0,0,1996-12-31,2018,NA,NA,NA,NA
"832","DJ Turner","CIN","DB","16268","robust",NA,NA,NA,NA,NA,NA,NA,NA,NA,NA,NA,NA,NA,NA,NA,NA,NA,NA,NA,NA,NA,NA,NA,NA,NA,NA,41.95,4.37367,NA,NA,1.1,0.14826,11.1,4.59606,0,0,2000-11-09,2023,NA,NA,NA,NA
"833","Nate Wiggins","BAL","DB","16673","robust",NA,NA,NA,NA,NA,NA,NA,NA,NA,NA,NA,NA,NA,NA,NA,NA,NA,NA,NA,NA,NA,NA,NA,NA,NA,NA,40.35,3.48411,NA,NA,2.95,0.0741300000000001,13.35,2.00151,1.9,0,2003-08-28,2024,NA,NA,NA,NA
"834","Jourdan Lewis","JAC","DB","13227","robust",NA,NA,NA,NA,NA,NA,NA,NA,NA,NA,NA,NA,NA,NA,NA,NA,NA,NA,NA,NA,NA,NA,NA,NA,NA,NA,40.6,0.593039999999998,NA,NA,0.7,0.44478,8.4,0.59304,0,0,1995-08-31,2017,NA,NA,NA,NA
"835","Tariq Woolen","SEA","DB","15894","robust",NA,NA,NA,NA,NA,NA,NA,NA,NA,NA,NA,NA,NA,NA,NA,NA,NA,NA,NA,NA,NA,NA,NA,NA,NA,NA,39.6,0.593039999999998,NA,NA,2.95,0.0741300000000001,14.65,2.44629,0,0,1999-05-02,2022,NA,NA,NA,NA
"836","Mike Edwards","KC","DB","14222","robust",NA,NA,NA,NA,NA,NA,NA,NA,NA,NA,NA,NA,NA,NA,NA,NA,NA,NA,NA,NA,NA,NA,NA,NA,NA,NA,21.9,26.83506,NA,NA,1,1.4826,2.55,2.14977,0,0,NA,2019,NA,NA,NA,NA
"837","Lathan Ransom","CAR","DB","17181","robust",NA,NA,NA,NA,NA,NA,NA,NA,NA,NA,NA,NA,NA,NA,NA,NA,NA,NA,NA,NA,NA,NA,NA,NA,NA,NA,21.45,24.53703,NA,NA,1,1.4826,1.7,0.44478,0,0,2002-07-16,2025,NA,NA,NA,NA
"838","Max Melton","ARI","DB","16695","robust",NA,NA,NA,NA,NA,NA,NA,NA,NA,NA,NA,NA,NA,NA,NA,NA,NA,NA,NA,NA,NA,NA,NA,NA,NA,NA,33.8,6.22692,NA,NA,1.3,1.03782,7.2,0.29652,0,0,2002-04-15,2024,NA,NA,NA,NA
"839","Jaylon Johnson","CHI","DB","14924","robust",NA,NA,NA,NA,NA,NA,NA,NA,NA,NA,NA,NA,NA,NA,NA,NA,NA,NA,NA,NA,NA,NA,NA,NA,NA,NA,36.1,1.33434,NA,NA,2.65,0.51891,9.5,2.2239,0.4,0,1999-04-19,2020,"O","Leg",2025,0
"840","Eric Stokes","LVR","DB","15377","robust",NA,NA,NA,NA,NA,NA,NA,NA,NA,NA,NA,NA,NA,NA,NA,NA,NA,NA,NA,NA,NA,NA,NA,NA,NA,NA,36.7,0.444780000000001,NA,NA,1.3,0.44478,7.05,1.40847,0,0,1999-03-01,2021,NA,NA,NA,NA
"841","Ifeatu Melifonwu","MIA","DB","15363","robust",NA,NA,NA,NA,NA,NA,NA,NA,NA,NA,NA,NA,NA,NA,NA,NA,NA,NA,NA,NA,NA,NA,NA,NA,NA,NA,17.8,25.50072,NA,NA,1,1.4826,2,2.9652,0,0,1999-05-02,2021,NA,NA,NA,NA
"842","Sydney Brown","PHI","DB","16271","robust",NA,NA,NA,NA,NA,NA,NA,NA,NA,NA,NA,NA,NA,NA,NA,NA,NA,NA,NA,NA,NA,NA,NA,NA,NA,NA,25.75,13.71405,NA,NA,1.65,0.96369,4.1,0.14826,1.3,0,2000-03-21,2023,NA,NA,NA,NA
