"player","team","position","id","avg_type","pass_yds","pass_yds_sd","pass_tds","pass_tds_sd","pass_int","pass_int_sd","rush_att","rush_att_sd","rush_yds","rush_yds_sd","rush_tds","rush_tds_sd","fumbles_lost","fumbles_lost_sd","two_pts","two_pts_sd","return_tds","return_tds_sd","rec","rec_sd","rec_yds","rec_yds_sd","rec_tds","rec_tds_sd","return_yds","return_yds_sd","idp_solo","idp_solo_sd","idp_sack","idp_sack_sd","idp_int","idp_int_sd","idp_pd","idp_pd_sd","idp_td","idp_td_sd","draft_year","birthdate","injury_status","injury_details","season_year","week"
"Jared Goff","DET","QB","12611","robust",4409,259.455,34,2.9652,10,0,26,4.4478,51,2.9652,0,0,3.25,0,0,NA,0,NA,NA,NA,NA,NA,NA,NA,NA,NA,NA,NA,NA,NA,NA,NA,NA,NA,NA,NA,2016,1994-10-14,NA,NA,NA,NA
"Dak Prescott","DAL","QB","12620","robust",4335.75,55.1527199999997,31.725,1.33434,11.275,0.444780000000001,48,2.81694,173.225,18.23598,1.75,0.44478,2.4,0.59304,0,NA,0,NA,NA,NA,NA,NA,NA,NA,NA,NA,NA,NA,NA,NA,NA,NA,NA,NA,NA,NA,2016,1993-07-29,NA,NA,NA,NA
"Joe Burrow","CIN","QB","14777","robust",4194.45,69.3856800000003,33.825,0.444779999999996,10.8,1.4826,49.9,5.48562,179.8,10.52646,1.4,0.59304,1.8125,0.259455,0,NA,0,NA,NA,NA,NA,NA,NA,NA,NA,NA,NA,NA,NA,NA,NA,NA,NA,NA,NA,NA,2020,1996-12-10,NA,NA,NA,NA
"Matthew Stafford","LAR","QB","9431","robust",4272.5,59.304,35,1.4826,9,1.4826,27,4.4478,38.5,1.4826,0,0,1.85,0,0,NA,0,NA,NA,NA,NA,NA,NA,NA,NA,NA,NA,NA,NA,NA,NA,NA,NA,NA,NA,NA,2009,1988-02-07,NA,NA,NA,NA
"Matthew Stafford","LAR","QB","9431","robust",4272.5,59.304,35,1.4826,9,1.4826,27,4.4478,38.5,1.4826,0,0,1.85,0,0,NA,0,NA,NA,NA,NA,NA,NA,NA,NA,NA,NA,NA,NA,NA,NA,NA,NA,NA,NA,NA,2009,2003-05-23,NA,NA,NA,NA
"Justin Herbert","LAC","QB","14779","robust",3918,106.7472,28,2.9652,10.75,2.9652,79,5.9304,444,81.543,2.15,0,2.35,0,0,NA,0,NA,NA,NA,NA,NA,NA,NA,NA,NA,NA,NA,NA,NA,NA,NA,NA,NA,NA,NA,2020,1998-03-10,NA,NA,NA,NA
"Josh Allen","BUF","QB","13589","robust",3814,154.1904,28.1,2.07564,10.5,2.66868,115.025,4.4478,574.5,17.7912,12,0.296519999999999,3.925,0.222390000000001,0,NA,0,NA,NA,NA,NA,NA,NA,NA,NA,NA,NA,NA,NA,NA,NA,NA,NA,NA,NA,NA,2018,1996-05-21,NA,NA,NA,NA
"Brock Purdy","SF","QB","15698","robust",4145.95,23.5733399999995,28.35,1.92738,14.15,1.03782,67.75,4.89258,295.05,14.826,3.85,1.03782,4.2125,0.259455,0,NA,0,NA,NA,NA,NA,NA,NA,NA,NA,NA,NA,NA,NA,NA,NA,NA,NA,NA,NA,NA,2022,1999-12-27,NA,NA,NA,NA
"Drake Maye","NE","QB","16580","robust",4071.925,46.4053800000003,28.575,1.03782,10.4,0.889559999999999,98.15,5.48562,510.25,31.8759,3.95,0.44478,5.95,0.0741300000000011,0,NA,0,NA,NA,NA,NA,NA,NA,NA,NA,NA,NA,NA,NA,NA,NA,NA,NA,NA,NA,NA,2024,2002-08-30,NA,NA,NA,NA
"Sam Darnold","SEA","QB","13592","robust",4065.5,35.5824,29,4.4478,12,1.4826,41.1,4.29954,135,28.1694,0.5,0,4.6,0,0,NA,0,NA,NA,NA,NA,NA,NA,NA,NA,NA,NA,NA,NA,NA,NA,NA,NA,NA,NA,NA,2018,1997-06-05,NA,NA,NA,NA
"Baker Mayfield","TB","QB","13590","robust",3900,106.7472,28.8,5.9304,12,1.18608,58,4.4478,361,45.9606,1.5,0.7413,3.1,0,0,NA,0,NA,NA,NA,NA,NA,NA,NA,NA,NA,NA,NA,NA,NA,NA,NA,NA,NA,NA,NA,2018,1995-04-14,NA,NA,NA,NA
"Trevor Lawrence","JAC","QB","15237","robust",3896.25,80.0604,28.15,2.37216,12.45,1.63086,72.125,0.7413,321.1,19.12554,5.45,1.4826,3,0,0,NA,0,NA,NA,NA,NA,NA,NA,NA,NA,NA,NA,NA,NA,NA,NA,NA,NA,NA,NA,NA,2021,1999-10-06,NA,NA,NA,NA
"Caleb Williams","CHI","QB","16579","robust",3866,63.7518,29,2.9652,9.4,1.18608,79,4.59605999999999,418.5,40.0302,2,0,2.2,0,0,NA,0,NA,NA,NA,NA,NA,NA,NA,NA,NA,NA,NA,NA,NA,NA,NA,NA,NA,NA,NA,2024,2001-11-18,NA,NA,NA,NA
"Tyler Shough","NO","QB","17039","robust",3891,163.086,24,2.9652,10.5,1.4826,70.5,7.413,313,25.2042,4,0,3.55,0,0,NA,0,NA,NA,NA,NA,NA,NA,NA,NA,NA,NA,NA,NA,NA,NA,NA,NA,NA,NA,NA,2025,1999-09-28,NA,NA,NA,NA
"Bo Nix","DEN","QB","16582","robust",3799.5,183.8424,28,1.4826,10.75,1.4826,81.5,3.11345999999999,361,7.413,3.8,1.4826,1.3,0,0,NA,0,NA,NA,NA,NA,NA,NA,NA,NA,NA,NA,NA,NA,NA,NA,NA,NA,NA,NA,NA,2024,2000-02-25,NA,NA,NA,NA
"Jordan Love","GB","QB","14782","robust",3890,81.543,27.5,2.9652,9.55,1.4826,47.5,3.85476,200,19.2738,1,0,1.55,0,0,NA,0,NA,NA,NA,NA,NA,NA,NA,NA,NA,NA,NA,NA,NA,NA,NA,NA,NA,NA,NA,2020,1998-11-02,NA,NA,NA,NA
"Patrick Mahomes","KC","QB","13116","robust",3831,209.0466,29,2.9652,11,1.4826,57.35,2.52042,333.5,34.0998,3.5,0,0.9,0,0,NA,0,NA,NA,NA,NA,NA,NA,NA,NA,NA,NA,NA,NA,NA,NA,NA,NA,NA,NA,NA,2017,1995-09-17,"Q","Knee - ACL",2026,0
"C.J. Stroud","HOU","QB","16150","robust",3852.5,69.6822,25,5.9304,11,0.7413,54,3.11346,233.5,11.8608,1,0,3,0,0,NA,0,NA,NA,NA,NA,NA,NA,NA,NA,NA,NA,NA,NA,NA,NA,NA,NA,NA,NA,NA,2023,2001-10-03,NA,NA,NA,NA
"Lamar Jackson","BAL","QB","13593","robust",3654.7,83.4703800000003,28.3,3.40998,8.975,2.07564,119.525,5.48562,657.075,37.065,3.8,0.29652,3.95,0.148259999999999,0,NA,0,NA,NA,NA,NA,NA,NA,NA,NA,NA,NA,NA,NA,NA,NA,NA,NA,NA,NA,NA,2018,1997-01-07,NA,NA,NA,NA
"Jayden Daniels","WAS","QB","16581","robust",3712.7,84.9529800000003,24.55,1.63086,10.15,0.59304,131.025,1.4826,692.65,23.12856,4.775,0.44478,2.5,0.14826,0,NA,0,NA,NA,NA,NA,NA,NA,NA,NA,NA,NA,NA,NA,NA,NA,NA,NA,NA,NA,NA,2024,2000-12-18,NA,NA,NA,NA
"Daniel Jones","IND","QB","14059","robust",3527,243.1464,21,9.48864,11,0,52,31.1346,197.5,139.3644,3.5,2.9652,3.65,0,0,NA,0,NA,NA,NA,NA,NA,NA,NA,NA,NA,NA,NA,NA,NA,NA,NA,NA,NA,NA,NA,2019,1997-05-27,NA,NA,NA,NA
"Geno Smith","NYJ","QB","11150","robust",3279,539.6664,22.5,2.9652,14,0,57,1.18608,203,47.4432,1,0,1.3,0,0,NA,0,NA,NA,NA,NA,NA,NA,NA,NA,NA,NA,NA,NA,NA,NA,NA,NA,NA,NA,NA,2013,1990-10-10,NA,NA,NA,NA
"Jalen Hurts","PHI","QB","14783","robust",3563.95,222.53826,25.05,1.77912,7.4,0.59304,112.45,2.52042,473.5,34.24806,8.75,0.59304,3.875,0.37065,0,NA,0,NA,NA,NA,NA,NA,NA,NA,NA,NA,NA,NA,NA,NA,NA,NA,NA,NA,NA,NA,2020,1998-08-07,NA,NA,NA,NA
"Jacoby Brissett","ARI","QB","12616","robust",3602,192.738,24,7.413,10,0,44.9,3.11346,199,47.4432,1.05,0,4.95,0,0,NA,0,NA,NA,NA,NA,NA,NA,NA,NA,NA,NA,NA,NA,NA,NA,NA,NA,NA,NA,NA,2016,1992-12-11,NA,NA,NA,NA
"Aaron Rodgers","PIT","QB","7836","robust",3584,143.8122,24,2.9652,9.35,1.4826,29.5,2.9652,93,19.2738,1,0,2.35,0,0,NA,0,NA,NA,NA,NA,NA,NA,NA,NA,NA,NA,NA,NA,NA,NA,NA,NA,NA,NA,NA,2005,1983-12-02,NA,NA,NA,NA
"Cam Ward","TEN","QB","17030","robust",3545.5,136.3992,24,7.413,10,0.7413,47,2.9652,196,65.2344,2,0,5.75,0,0,NA,0,NA,NA,NA,NA,NA,NA,NA,NA,NA,NA,NA,NA,NA,NA,NA,NA,NA,NA,NA,2025,2002-05-25,NA,NA,NA,NA
"Jaxson Dart","NYG","QB","17032","robust",3569,37.9545599999999,24.15,3.85476,10.05,1.63086,100.925,2.81694000000001,550.3,21.64596,7,0.7413,2.7875,0.333585,0,NA,0,NA,NA,NA,NA,NA,NA,NA,NA,NA,NA,NA,NA,NA,NA,NA,NA,NA,NA,NA,2025,2003-05-13,NA,NA,NA,NA
"Kyler Murray","MIN","QB","14056","robust",3502.5,206.0814,25.5,5.9304,11.8,2.66868,77.5,2.9652,467.5,34.0998,3.5,0,3.05,0,0,NA,0,NA,NA,NA,NA,NA,NA,NA,NA,NA,NA,NA,NA,NA,NA,NA,NA,NA,NA,NA,2019,1997-08-07,NA,NA,NA,NA
"Bryce Young","CAR","QB","16148","robust",3421.5,207.564,24.5,4.4478,11.2,1.77912,57.55,4.4478,270.5,2.9652,3,1.4826,2.65,0,0,NA,0,NA,NA,NA,NA,NA,NA,NA,NA,NA,NA,NA,NA,NA,NA,NA,NA,NA,NA,NA,2023,2001-07-25,NA,NA,NA,NA
"Malik Willis","MIA","QB","15694","robust",3426,35.5824,21.3,10.3782,10,1.4826,106,26.6868,545,166.0512,4,1.4826,3.95,0,0,NA,0,NA,NA,NA,NA,NA,NA,NA,NA,NA,NA,NA,NA,NA,NA,NA,NA,NA,NA,NA,2022,1999-05-25,NA,NA,NA,NA
"Tua Tagovailoa","ATL","QB","14778","robust",2171,662.7222,12.6,3.85476,6.5,4.4478,17.4,2.07564,50.5,10.3782,0,0,1,0,0,NA,0,NA,NA,NA,NA,NA,NA,NA,NA,NA,NA,NA,NA,NA,NA,NA,NA,NA,NA,NA,2020,1998-03-02,"Q","Back",2026,0
"Fernando Mendoza","LVR","QB","17462","robust",2843,511.497,17,3.40998,10,0,44,5.9304,180,31.1346,1,0,1.75,0,0,NA,0,NA,NA,NA,NA,NA,NA,NA,NA,NA,NA,NA,NA,NA,NA,NA,NA,NA,NA,NA,2026,2003-10-01,NA,NA,NA,NA
"Michael Penix Jr.","ATL","QB","16583","robust",1886,942.9336,11,5.9304,5,1.4826,21.5,19.2738,77,65.2344,0.9,1.18608,1.25,0,0,NA,0,NA,NA,NA,NA,NA,NA,NA,NA,NA,NA,NA,NA,NA,NA,NA,NA,NA,NA,NA,2024,2000-05-08,"Q","Knee - ACL",2026,0
"Deshaun Watson","CLE","QB","13113","robust",1660.5,732.4044,8,4.4478,7,2.9652,32.5,8.74734,161.5,83.0256,1,0,2.6,0,0,NA,0,NA,NA,NA,NA,NA,NA,NA,NA,NA,NA,NA,NA,NA,NA,NA,NA,NA,NA,NA,2017,1995-09-14,NA,NA,NA,NA
"Shedeur Sanders","CLE","QB","17031","robust",1798,458.1234,11,4.4478,7,1.4826,28.75,7.413,177,78.5778,1,0,1.2,0,0,NA,0,NA,NA,NA,NA,NA,NA,NA,NA,NA,NA,NA,NA,NA,NA,NA,NA,NA,NA,NA,2025,2002-02-07,NA,NA,NA,NA
"Kirk Cousins","LVR","QB","10700","robust",833,20.7564,5,1.4826,4,1.4826,6,2.9652,9,2.9652,0,0,0.9,0,0,NA,0,NA,NA,NA,NA,NA,NA,NA,NA,NA,NA,NA,NA,NA,NA,NA,NA,NA,NA,NA,2012,1988-08-19,NA,NA,NA,NA
"J.J. McCarthy","MIN","QB","16584","robust",588.5,464.0538,3.5,2.9652,2.5,1.4826,10,8.8956,44,37.065,0.5,0,0.45,0,0,NA,0,NA,NA,NA,NA,NA,NA,NA,NA,NA,NA,NA,NA,NA,NA,NA,NA,NA,NA,NA,2024,2003-01-20,NA,NA,NA,NA
"Spencer Rattler","NO","QB","16586","robust",513.75,398.8194,4.175,1.4826,1.9,0,9.8,7.413,51.25,42.9954,0,0,1.4,2.07564,0,NA,0,NA,NA,NA,NA,NA,NA,NA,NA,NA,NA,NA,NA,NA,NA,NA,NA,NA,NA,NA,2024,2000-09-28,NA,NA,NA,NA
"Riley Leonard","IND","QB","17035","robust",370.5,339.5154,2.6,2.37216,1.375,0.7413,4.7,1.77912,23.75,8.8956,0.3,0.14826,0.2,0,0,NA,0,NA,NA,NA,NA,NA,NA,NA,NA,NA,NA,NA,NA,NA,NA,NA,NA,NA,NA,NA,2025,2002-09-13,NA,NA,NA,NA
"Dillon Gabriel","CLE","QB","17037","robust",456.5,587.8509,2.45,2.29803,0.6,0.59304,4.55,5.11497,21.5,28.9107,0,0,0,0,NA,NA,NA,NA,NA,NA,NA,NA,NA,NA,NA,NA,NA,NA,NA,NA,NA,NA,NA,NA,NA,NA,2025,2000-12-28,NA,NA,NA,NA
"Marcus Mariota","WAS","QB","12141","robust",597,177.912,4.2,1.4826,1.85,0.59304,11.5,11.8608,65.25,69.6822,0.7,0.14826,0.4,0.59304,0,NA,0,NA,NA,NA,NA,NA,NA,NA,NA,NA,NA,NA,NA,NA,NA,NA,NA,NA,NA,NA,2015,1993-10-30,NA,NA,NA,NA
"Justin Fields","KC","QB","15238","robust",237,131.9514,2.5,0,1,0,12.35,1.4826,56.5,8.8956,0.3,0,0.35,0,0,NA,0,NA,NA,NA,NA,NA,NA,NA,NA,NA,NA,NA,NA,NA,NA,NA,NA,NA,NA,NA,2021,1999-03-05,NA,NA,NA,NA
"Quinn Ewers","MIA","QB","17034","robust",316.75,165.3099,2.975,2.14977,1.875,1.11195,6.3,2.37216,17.75,5.1891,0,0,0.25,0.185325,0,NA,0,NA,NA,NA,NA,NA,NA,NA,NA,NA,NA,NA,NA,NA,NA,NA,NA,NA,NA,NA,2025,2003-03-15,NA,NA,NA,NA
"Joe Flacco","CIN","QB","9064","robust",391,243.1464,3.15,2.9652,1.45,0.44478,4.4,3.40998,11.75,10.3782,0,0,0.65,0.259455,0,NA,0,NA,NA,NA,NA,NA,NA,NA,NA,NA,NA,NA,NA,NA,NA,NA,NA,NA,NA,NA,2008,1985-01-16,NA,NA,NA,NA
"Jameis Winston","NYG","QB","12140","robust",323.5,197.1858,2,1.4826,1.65,0.44478,5,4.4478,15,8.8956,0,0,1.05,0,0,NA,0,NA,NA,NA,NA,NA,NA,NA,NA,NA,NA,NA,NA,NA,NA,NA,NA,NA,NA,NA,2015,1994-01-06,NA,NA,NA,NA
"Mason Rudolph","PIT","QB","13595","robust",344.25,203.1162,3.125,1.4826,0.85,0.59304,8.55,1.4826,23.75,1.4826,0,0,0,0,0,NA,0,NA,NA,NA,NA,NA,NA,NA,NA,NA,NA,NA,NA,NA,NA,NA,NA,NA,NA,NA,2018,1995-07-17,NA,NA,NA,NA
"Mac Jones","SF","QB","15241","robust",382,32.6172,3,0,1,0.7413,9,5.9304,18,19.2738,0,0,0.55,0,0,NA,0,NA,NA,NA,NA,NA,NA,NA,NA,NA,NA,NA,NA,NA,NA,NA,NA,NA,NA,NA,2021,1998-09-05,NA,NA,NA,NA
"Davis Mills","HOU","QB","15252","robust",239,60.0453,1.75,0.7413,1,0.7413,5,2.2239,18.25,11.1195,0,0,0,0,0,NA,0,NA,NA,NA,NA,NA,NA,NA,NA,NA,NA,NA,NA,NA,NA,NA,NA,NA,NA,NA,2021,1998-10-21,NA,NA,NA,NA
"Ty Simpson","LAR","QB","17463","robust",316.5,170.499,2.95,0.88956,1.375,0,4.5,2.9652,16.75,14.826,0,0,0.15,0.22239,0,NA,0,NA,NA,NA,NA,NA,NA,NA,NA,NA,NA,NA,NA,NA,NA,NA,NA,NA,NA,NA,2026,2002-12-21,NA,NA,NA,NA
"Carson Beck","ARI","QB","17466","robust",365.25,1.4826,2.5,0,1.5,0,5.75,0,21,7.413,0,0,0,0,0,NA,0,NA,NA,NA,NA,NA,NA,NA,NA,NA,NA,NA,NA,NA,NA,NA,NA,NA,NA,NA,2026,2001-11-19,NA,NA,NA,NA
"Tyrod Taylor","GB","QB","10413","robust",283.5,44.478,2.575,1.4826,2,1.4826,6.575,2.9652,30.75,16.3086,0.1,0,0,0,0,NA,0,NA,NA,NA,NA,NA,NA,NA,NA,NA,NA,NA,NA,NA,NA,NA,NA,NA,NA,NA,2011,1989-08-03,NA,NA,NA,NA
"Joe Milton","DAL","QB","16585","robust",242.5,5.9304,2.075,0,1.475,1.4826,7.025,1.4826,37.5,1.4826,0,0,0.95,1.40847,0,NA,0,NA,NA,NA,NA,NA,NA,NA,NA,NA,NA,NA,NA,NA,NA,NA,NA,NA,NA,NA,2024,2000-03-06,NA,NA,NA,NA
"Gardner Minshew","ARI","QB","14067","robust",319.75,111.195,2.4,0.29652,0.975,1.33434,7.775,2.9652,16.25,0,0,0,0,0,0,NA,0,NA,NA,NA,NA,NA,NA,NA,NA,NA,NA,NA,NA,NA,NA,NA,NA,NA,NA,NA,2019,1996-05-16,NA,NA,NA,NA
"Kenny Pickett","CAR","QB","15692","robust",219,83.0256,1.925,0,1.3,0,5,1.4826,19.75,5.9304,0,0,0,0,0,NA,0,NA,NA,NA,NA,NA,NA,NA,NA,NA,NA,NA,NA,NA,NA,NA,NA,NA,NA,NA,2022,1998-06-06,NA,NA,NA,NA
"Anthony Richardson","IND","QB","16152","robust",318.75,5.9304,2.55,0,1.875,0.7413,13.375,2.9652,59,29.652,0.6,0.44478,0.25,0.37065,0,NA,0,NA,NA,NA,NA,NA,NA,NA,NA,NA,NA,NA,NA,NA,NA,NA,NA,NA,NA,NA,2023,2002-05-22,NA,NA,NA,NA
"Andy Dalton","PHI","QB","10313","robust",199.25,41.5128,1.35,0,0.45,0.59304,6.575,1.4826,12.75,11.8608,0,0,0.5,0.7413,0,NA,0,NA,NA,NA,NA,NA,NA,NA,NA,NA,NA,NA,NA,NA,NA,NA,NA,NA,NA,NA,2011,1987-10-29,NA,NA,NA,NA
"Tyler Huntley","BAL","QB","14789","robust",212.25,94.8864,1.825,0.44478,0.6,0.44478,10.5,5.9304,29.5,28.1694,0,0,0.15,0.22239,0,NA,0,NA,NA,NA,NA,NA,NA,NA,NA,NA,NA,NA,NA,NA,NA,NA,NA,NA,NA,NA,2020,1998-02-03,NA,NA,NA,NA
"Tanner McKee","PHI","QB","15702","robust",149.75,152.7078,1.075,1.03782,0.025,0,3.875,1.4826,7.25,7.413,0,0,0,0,0,NA,0,NA,NA,NA,NA,NA,NA,NA,NA,NA,NA,NA,NA,NA,NA,NA,NA,NA,NA,NA,2023,2000-04-27,NA,NA,NA,NA
"Jake Browning","TB","QB","14358","robust",257,31.1346,2.2,1.4826,1.425,0,6.2,1.4826,23.25,1.4826,0,0,0,0,0,NA,0,NA,NA,NA,NA,NA,NA,NA,NA,NA,NA,NA,NA,NA,NA,NA,NA,NA,NA,NA,2019,1996-04-11,NA,NA,NA,NA
"Carson Wentz","MIN","QB","12610","robust",209.5,52.6323,1.55,0.81543,0.85,0.22239,4,1.4826,16,7.413,0,0,0,0,NA,NA,NA,NA,NA,NA,NA,NA,NA,NA,NA,NA,NA,NA,NA,NA,NA,NA,NA,NA,NA,NA,2016,1992-12-30,NA,NA,NA,NA
"Trey Lance","LAC","QB","15240","robust",175,10.3782,0.95,1.18608,0.9,0,9.6,5.9304,31.75,16.3086,0,0,0,0,0,NA,0,NA,NA,NA,NA,NA,NA,NA,NA,NA,NA,NA,NA,NA,NA,NA,NA,NA,NA,NA,2021,2000-05-09,NA,NA,NA,NA
"Cade Klubnik","NYJ","QB","17467","robust",163,45.9606,1.475,0,1.3,1.4826,4.025,0,22,0,0,0,0.9,1.33434,0,NA,0,NA,NA,NA,NA,NA,NA,NA,NA,NA,NA,NA,NA,NA,NA,NA,NA,NA,NA,NA,2026,2003-10-10,NA,NA,NA,NA
"Tyson Bagent","CHI","QB","16384","robust",144.25,62.2692,0.9,0,0.05,0,5.85,4.4478,7.25,4.4478,0,0,0,0,0,NA,0,NA,NA,NA,NA,NA,NA,NA,NA,NA,NA,NA,NA,NA,NA,NA,NA,NA,NA,NA,2023,2000-06-08,NA,NA,NA,NA
"Will Howard","PIT","QB","17036","robust",143.5,63.0105,1,0,0.5,0.7413,2,0,7.5,0.7413,0,0,0,0,NA,NA,NA,NA,NA,NA,NA,NA,NA,NA,NA,NA,NA,NA,NA,NA,NA,NA,NA,NA,NA,NA,2025,2001-09-24,NA,NA,NA,NA
"Kyle Allen","BUF","QB","13879","robust",93.5,126.021,0.75,0,0.25,0,2.2,0.29652,4.75,1.4826,0,0,0,0,0,NA,0,NA,NA,NA,NA,NA,NA,NA,NA,NA,NA,NA,NA,NA,NA,NA,NA,NA,NA,NA,2018,1996-03-08,NA,NA,NA,NA
"Mitchell Trubisky","TEN","QB","13115","robust",106.5,66.717,0.8,0,0.025,0,4.125,5.1891,9.5,8.8956,0,0,0,0,0,NA,0,NA,NA,NA,NA,NA,NA,NA,NA,NA,NA,NA,NA,NA,NA,NA,NA,NA,NA,NA,2017,1994-08-20,NA,NA,NA,NA
"Teddy Bridgewater","DET","QB","11640","robust",87,115.6428,0.65,0.51891,0.05,0.07413,3.7,1.92738,6.5,9.6369,0,0,0,0,NA,NA,NA,NA,NA,NA,NA,NA,NA,NA,NA,NA,NA,NA,NA,NA,NA,NA,NA,NA,NA,NA,2014,1992-11-10,NA,NA,NA,NA
"Joshua Dobbs","FA","QB","13119","robust",147.5,21.4977,1,0,0,0,5,0,12.5,3.7065,0,0,0,0,NA,NA,NA,NA,NA,NA,NA,NA,NA,NA,NA,NA,NA,NA,NA,NA,NA,NA,NA,NA,NA,NA,2017,1995-01-26,NA,NA,NA,NA
"Drew Lock","SEA","QB","14057","robust",114,66.717,1.15,0.22239,0.75,0.37065,9.8,7.11648,12,13.3434,0,0,0.1,0.14826,NA,NA,NA,NA,NA,NA,NA,NA,NA,NA,NA,NA,NA,NA,NA,NA,NA,NA,NA,NA,NA,NA,2019,1996-11-10,NA,NA,NA,NA
"Shane Buechele","BUF","QB","15248","robust",76.5,108.9711,0.5,0.7413,0,0,2,2.9652,10,14.826,0,0,0,0,NA,NA,NA,NA,NA,NA,NA,NA,NA,NA,NA,NA,NA,NA,NA,NA,NA,NA,NA,NA,NA,NA,2021,1998-01-08,NA,NA,NA,NA
"Will Levis","TEN","QB","16149","robust",129.5,11.1195,1.15,0.22239,0.2,0.29652,3.3,1.03782,13,8.8956,0,0,0.15,0.22239,NA,NA,NA,NA,NA,NA,NA,NA,NA,NA,NA,NA,NA,NA,NA,NA,NA,NA,NA,NA,NA,NA,2023,1999-06-27,NA,NA,NA,NA
"Brady Cook","NYJ","QB","17040","robust",63,84.5082,0.55,0.66717,0.55,0.66717,2.05,2.89107,10,14.826,0,0,0,0,NA,NA,NA,NA,NA,NA,NA,NA,NA,NA,NA,NA,NA,NA,NA,NA,NA,NA,NA,NA,NA,NA,2025,2001-10-12,NA,NA,NA,NA
"Nick Mullens","JAC","QB","13968","robust",70,45.9606,0.7,0.44478,0.05,0.07413,14.05,13.41753,3,1.4826,0,0,0,0,NA,NA,NA,NA,NA,NA,NA,NA,NA,NA,NA,NA,NA,NA,NA,NA,NA,NA,NA,NA,NA,NA,2017,1995-03-21,NA,NA,NA,NA
"Jalen Milroe","SEA","QB","17033","robust",45,66.717,0.5,0.7413,0,0,4.35,0.96369,12.5,2.2239,0,0,0,0,NA,NA,NA,NA,NA,NA,NA,NA,NA,NA,NA,NA,NA,NA,NA,NA,NA,NA,NA,NA,NA,NA,2025,2002-12-13,NA,NA,NA,NA
"Derrick Henry","BAL","RB","12626","robust",NA,NA,NA,NA,NA,NA,306.5,10.3782,1528,121.5732,13.4,0.59304,1.875,0.185325,0,NA,0,NA,16.9,2.66868,162.25,16.3086,0.525,0.44478,0,0,NA,NA,NA,NA,NA,NA,NA,NA,NA,NA,2016,1994-01-04,NA,NA,NA,NA
"Jonathan Taylor","IND","RB","14802","robust",NA,NA,NA,NA,NA,NA,327.525,13.3434,1509.4,52.7805599999999,13.475,1.33434,1.6875,0.0370649999999999,0,NA,0,NA,45.1,4.29954,338.2,63.45528,1.5,0.7413,5,0,NA,NA,NA,NA,NA,NA,NA,NA,NA,NA,2020,1999-01-19,NA,NA,NA,NA
"Bijan Robinson","ATL","RB","16161","robust",NA,NA,NA,NA,NA,NA,291.75,6.37517999999993,1439.925,38.1028200000001,10.025,1.63086,1.825,0.0741300000000001,0,NA,0,NA,77.5,4.4478,708,42.9954,3.4,0.29652,0,0,NA,NA,NA,NA,NA,NA,NA,NA,NA,NA,2023,2002-01-30,NA,NA,NA,NA
"James Cook","BUF","RB","15715","robust",NA,NA,NA,NA,NA,NA,287.075,0.444780000000017,1412.3,29.3554799999999,11,1.03782,2.65,0.22239,0,NA,0,NA,33.975,1.92738,282.675,9.93341999999998,1.95,0,0,0,NA,NA,NA,NA,NA,NA,NA,NA,NA,NA,2022,1999-09-25,NA,NA,NA,NA
"Jahmyr Gibbs","DET","RB","16162","robust",NA,NA,NA,NA,NA,NA,273.35,6.81996000000003,1379.55,49.5188400000001,13.85,0.296520000000002,1.05,0.0741300000000001,0,NA,0,NA,70.9,3.11345999999999,577.15,12.75036,4.075,0.148259999999999,0,0,NA,NA,NA,NA,NA,NA,NA,NA,NA,NA,2023,2002-03-20,"Q","Back",2026,0
"Saquon Barkley","PHI","RB","13604","robust",NA,NA,NA,NA,NA,NA,295.9,14.97426,1310.35,33.0619799999999,8.6,0.7413,1,0,0,NA,0,NA,41.5,1.4826,316.7,25.79724,2,0,0,0,NA,NA,NA,NA,NA,NA,NA,NA,NA,NA,2018,1997-02-09,NA,NA,NA,NA
"Ashton Jeanty","LVR","RB","17042","robust",NA,NA,NA,NA,NA,NA,284.9,10.3782,1114.625,43.7367,8,1.4826,0.925,0.22239,0,NA,0,NA,61.525,5.48562,418.8,14.52948,3.275,1.77912,6,0,NA,NA,NA,NA,NA,NA,NA,NA,NA,NA,2025,2003-12-02,NA,NA,NA,NA
"Devon Achane","MIA","RB","16167","robust",NA,NA,NA,NA,NA,NA,232.45,14.67774,1183.3,53.6701200000001,6.25,0.7413,0.9,0.29652,0,NA,0,NA,65.3,3.26171999999999,493.2,47.29494,4,0.148259999999999,0,0,NA,NA,NA,NA,NA,NA,NA,NA,NA,NA,2023,2001-10-13,NA,NA,NA,NA
"Javonte Williams","DAL","RB","15256","robust",NA,NA,NA,NA,NA,NA,256.8,16.3086,1172.5,75.6126,10.5,0.7413,1.8,0,0,NA,0,NA,35,5.04084,188,20.7564,1.5,0.14826,0,0,NA,NA,NA,NA,NA,NA,NA,NA,NA,NA,2021,2000-04-25,NA,NA,NA,NA
"Quinshon Judkins","CLE","RB","17051","robust",NA,NA,NA,NA,NA,NA,278,13.3434,1070,210.5292,7.55,1.33434,0.5,0,0,NA,0,NA,36.15,2.9652,241.5,23.7216,1,1.18608,92,0,NA,NA,NA,NA,NA,NA,NA,NA,NA,NA,2025,2003-10-29,NA,NA,NA,NA
"Josh Jacobs","GB","RB","14073","robust",NA,NA,NA,NA,NA,NA,284,4.4478,1155,121.5732,12.5,0.59304,1.45,0,0,NA,0,NA,36,1.4826,285.5,19.2738,1.05,0,50,0,NA,NA,NA,NA,NA,NA,NA,NA,NA,NA,2019,1998-02-11,NA,NA,NA,NA
"Kenneth Walker III","KC","RB","15711","robust",NA,NA,NA,NA,NA,NA,257.5,19.2738,1160,83.0256,8.8,2.9652,0.7,0,0,NA,0,NA,43.55,2.9652,334,17.7912,1.8,0,67,0,NA,NA,NA,NA,NA,NA,NA,NA,NA,NA,2022,2000-10-20,NA,NA,NA,NA
"Omarion Hampton","LAC","RB","17044","robust",NA,NA,NA,NA,NA,NA,257,19.2738,1085,154.1904,9.95,1.4826,0.5,0,0,NA,0,NA,52.05,5.9304,342.5,40.0302,2,0,49,0,NA,NA,NA,NA,NA,NA,NA,NA,NA,NA,2025,2003-03-16,NA,NA,NA,NA
"Jeremiyah Love","ARI","RB","17472","robust",NA,NA,NA,NA,NA,NA,234.5,31.1346,1071,102.2994,7.25,1.4826,1.85,0,0,NA,0,NA,54,4.4478,408.5,23.7216,2,0,21,0,NA,NA,NA,NA,NA,NA,NA,NA,NA,NA,2026,2005-05-31,NA,NA,NA,NA
"Travis Etienne","NO","RB","15253","robust",NA,NA,NA,NA,NA,NA,251.5,12.00906,1047.5,142.3296,6,1.4826,0.65,0,0,NA,0,NA,43,2.9652,332,34.0998,2.3,0,0,0,NA,NA,NA,NA,NA,NA,NA,NA,NA,NA,2021,1999-01-26,NA,NA,NA,NA
"Kyren Williams","LAR","RB","15710","robust",NA,NA,NA,NA,NA,NA,245.1,8.8956,1144,8.8956,10,0,1.95,0,0,NA,0,NA,33.2,1.4826,237,13.3434,2.4,0,0,0,NA,NA,NA,NA,NA,NA,NA,NA,NA,NA,2022,2000-08-26,NA,NA,NA,NA
"Breece Hall","NYJ","RB","15708","robust",NA,NA,NA,NA,NA,NA,251,14.826,1130,16.3086,6.5,1.4826,1.7,0,0,NA,0,NA,47,7.413,415.5,22.239,2,0,0,0,NA,NA,NA,NA,NA,NA,NA,NA,NA,NA,2022,2001-05-31,NA,NA,NA,NA
"Christian McCaffrey","SF","RB","13130","robust",NA,NA,NA,NA,NA,NA,265.2,12.45384,1093.6,55.4492400000001,8.7,0.444780000000001,0.975,0.0741299999999999,0,NA,0,NA,78.4,0.889559999999991,691.025,13.49166,4.8,0.59304,0,0,NA,NA,NA,NA,NA,NA,NA,NA,NA,NA,2017,1996-06-07,NA,NA,NA,NA
"Chase Brown","CIN","RB","16181","robust",NA,NA,NA,NA,NA,NA,239.55,3.85475999999999,1041.875,37.8063,7.5,0.7413,0.9625,0.111195,0,NA,0,NA,64.7,1.03782,432.375,6.6717,4,0.14826,0,0,NA,NA,NA,NA,NA,NA,NA,NA,NA,NA,2023,2000-03-21,NA,NA,NA,NA
"Bucky Irving","TB","RB","16598","robust",NA,NA,NA,NA,NA,NA,252,13.3434,1025,45.9606,6,1.4826,1,0,0,NA,0,NA,42.5,6.07866,358,74.13,2.15,0,80,0,NA,NA,NA,NA,NA,NA,NA,NA,NA,NA,2024,2002-08-19,NA,NA,NA,NA
"D'Andre Swift","CHI","RB","14797","robust",NA,NA,NA,NA,NA,NA,222.9,14.97426,1003,68.1996,7.9,1.33434,0.8,0,0,NA,0,NA,32.65,1.4826,286.5,19.2738,1,0,0,0,NA,NA,NA,NA,NA,NA,NA,NA,NA,NA,2020,1999-01-14,NA,NA,NA,NA
"Tony Pollard","TEN","RB","14085","robust",NA,NA,NA,NA,NA,NA,237,21.34944,1034,63.7518,5.5,0.59304,2.6,0,0,NA,0,NA,32,2.9652,204,23.7216,0,0,0,0,NA,NA,NA,NA,NA,NA,NA,NA,NA,NA,2019,1997-04-30,NA,NA,NA,NA
"Jadarian Price","SEA","RB","17473","robust",NA,NA,NA,NA,NA,NA,211.5,41.5128,907.5,127.5036,8,1.4826,1.7,0,0,NA,0,NA,24.5,3.7065,192.5,20.7564,0.5,0,56,0,NA,NA,NA,NA,NA,NA,NA,NA,NA,NA,2026,2003-10-09,NA,NA,NA,NA
"J.K. Dobbins","DEN","RB","14800","robust",NA,NA,NA,NA,NA,NA,203.35,34.0998,954.5,108.2298,6,1.4826,0.7,0,0,NA,0,NA,21.65,5.9304,119.5,45.9606,0.5,0.7413,0,0,NA,NA,NA,NA,NA,NA,NA,NA,NA,NA,2020,1998-12-17,NA,NA,NA,NA
"TreVeyon Henderson","NE","RB","17043","robust",NA,NA,NA,NA,NA,NA,195.25,3.7065,902,19.2738,7.5,0.7413,0.75,0,0,NA,0,NA,39.5,2.9652,276,37.065,1.5,0.14826,205,0,NA,NA,NA,NA,NA,NA,NA,NA,NA,NA,2025,2002-10-22,NA,NA,NA,NA
"Cam Skattebo","NYG","RB","17045","robust",NA,NA,NA,NA,NA,NA,234.5,19.2738,1000.5,28.1694,8,1.4826,1.85,0,0,NA,0,NA,47,3.55824,379.5,5.9304,2.75,0,68,0,NA,NA,NA,NA,NA,NA,NA,NA,NA,NA,2025,2002-02-05,NA,NA,NA,NA
"Bhayshul Tuten","JAC","RB","17052","robust",NA,NA,NA,NA,NA,NA,232.5,10.3782,967.5,90.4386,8.05,1.4826,1.65,0,0,NA,0,NA,32,10.3782,235.5,99.3342,2.3,1.4826,91,0,NA,NA,NA,NA,NA,NA,NA,NA,NA,NA,2025,2002-02-14,NA,NA,NA,NA
"David Montgomery","HOU","RB","14071","robust",NA,NA,NA,NA,NA,NA,230,5.1891,939,19.2738,7.5,0.44478,0.85,0,0,NA,0,NA,31,0.444780000000001,231,19.2738,1,0,0,0,NA,NA,NA,NA,NA,NA,NA,NA,NA,NA,2019,1997-06-07,NA,NA,NA,NA
"Rico Dowdle","PIT","RB","14823","robust",NA,NA,NA,NA,NA,NA,204.5,22.239,887,72.6474,5.5,0.889559999999999,1.2,0,0,NA,0,NA,33.5,5.48562,248,56.3388,1.5,0.29652,354,0,NA,NA,NA,NA,NA,NA,NA,NA,NA,NA,2020,1998-06-14,NA,NA,NA,NA
"Jordan Mason","MIN","RB","15972","robust",NA,NA,NA,NA,NA,NA,171,29.652,808.5,111.195,6,1.03782,0.75,0,0,NA,0,NA,15.5,3.85476,82,29.652,0,0,0,0,NA,NA,NA,NA,NA,NA,NA,NA,NA,NA,2022,1999-05-24,NA,NA,NA,NA
"Jaylen Warren","PIT","RB","15742","robust",NA,NA,NA,NA,NA,NA,187,9.19211999999998,822,66.717,4.8,0.889559999999999,0.5,0,0,NA,0,NA,43.4,2.9652,324,7.413,1.65,0,219,0,NA,NA,NA,NA,NA,NA,NA,NA,NA,NA,2022,1998-11-01,NA,NA,NA,NA
"Chuba Hubbard","CAR","RB","15261","robust",NA,NA,NA,NA,NA,NA,200.5,13.78818,821,22.239,5.7,1.4826,1.65,0,0,NA,0,NA,34.5,1.4826,239,23.7216,1.5,0,28,0,NA,NA,NA,NA,NA,NA,NA,NA,NA,NA,2021,1999-06-11,NA,NA,NA,NA
"Jacory Croskey-Merritt","WAS","RB","17256","robust",NA,NA,NA,NA,NA,NA,176,11.8608,794,77.0952,7,1.18608,1.6,0,0,NA,0,NA,12.1,1.63086,82,7.413,0,0,40,0,NA,NA,NA,NA,NA,NA,NA,NA,NA,NA,2025,2001-04-12,NA,NA,NA,NA
"Kyle Monangai","CHI","RB","17066","robust",NA,NA,NA,NA,NA,NA,184,11.8608,802,35.5824,4.95,1.4826,0.5,0,0,NA,0,NA,23.3,4.4478,201,20.7564,0.5,0,0,0,NA,NA,NA,NA,NA,NA,NA,NA,NA,NA,2025,2002-06-06,NA,NA,NA,NA
"Jonathon Brooks","CAR","RB","16597","robust",NA,NA,NA,NA,NA,NA,156,12.15732,696.5,155.673,4,0,1.95,0,0,NA,0,NA,26.65,9.34038,189,20.7564,0.5,0,332,0,NA,NA,NA,NA,NA,NA,NA,NA,NA,NA,2024,2003-07-21,NA,NA,NA,NA
"Blake Corum","LAR","RB","16593","robust",NA,NA,NA,NA,NA,NA,161.3,3.40998000000002,778,47.4432,6,1.4826,0.5,0,0,NA,0,NA,13,2.52042,89,16.3086,0,0,258,0,NA,NA,NA,NA,NA,NA,NA,NA,NA,NA,2024,2000-11-25,NA,NA,NA,NA
"Rhamondre Stevenson","NE","RB","15259","robust",NA,NA,NA,NA,NA,NA,168,6.52344000000001,733,19.2738,6.5,0.44478,2.65,0,0,NA,0,NA,36.55,1.4826,308,45.9606,2,0,20,0,NA,NA,NA,NA,NA,NA,NA,NA,NA,NA,2021,1998-02-23,NA,NA,NA,NA
"Aaron Jones","MIN","RB","13319","robust",NA,NA,NA,NA,NA,NA,156.5,9.93341999999998,671,65.2344,3.3,1.03782,1.85,0,0,NA,0,NA,37,5.78214,268,77.0952,1.5,0.14826,0,0,NA,NA,NA,NA,NA,NA,NA,NA,NA,NA,2017,1994-12-02,NA,NA,NA,NA
"RJ Harvey","DEN","RB","17068","robust",NA,NA,NA,NA,NA,NA,135,34.24806,528,74.13,5,1.33434,0.8,0,0,NA,0,NA,47.35,2.9652,347.5,29.652,3.8,0,321,0,NA,NA,NA,NA,NA,NA,NA,NA,NA,NA,2025,2001-02-04,NA,NA,NA,NA
"Woody Marks","HOU","RB","17053","robust",NA,NA,NA,NA,NA,NA,144.5,10.3782,569,25.2042,2.65,0,0.95,0,0,NA,0,NA,24,4.4478,201,34.0998,1.5,0.7413,0,0,NA,NA,NA,NA,NA,NA,NA,NA,NA,NA,2025,2000-12-29,NA,NA,NA,NA
"Rachaad White","WAS","RB","15721","robust",NA,NA,NA,NA,NA,NA,136.8,7.413,567,17.7912,4.2,1.4826,0.7,0,0,NA,0,NA,38.2,7.413,247,87.4734,1.5,0,7,0,NA,NA,NA,NA,NA,NA,NA,NA,NA,NA,2022,1999-01-12,NA,NA,NA,NA
"Chris Rodriguez","JAC","RB","16174","robust",NA,NA,NA,NA,NA,NA,117,21.34944,514,78.5778,4,1.4826,0.5,0,0,NA,0,NA,7,2.9652,50,19.2738,0,0,276,0,NA,NA,NA,NA,NA,NA,NA,NA,NA,NA,2023,1999-09-26,NA,NA,NA,NA
"Isiah Pacheco","DET","RB","15749","robust",NA,NA,NA,NA,NA,NA,134.5,7.70952,554.5,62.2692,3,1.18608,0.5,0,0,NA,0,NA,21.5,4.4478,139,31.1346,0.75,0,0,0,NA,NA,NA,NA,NA,NA,NA,NA,NA,NA,2022,1999-03-02,NA,NA,NA,NA
"Zach Charbonnet","SEA","RB","16169","robust",NA,NA,NA,NA,NA,NA,128.35,13.3434,537,44.478,6.35,2.9652,0.5,0,0,NA,0,NA,19,1.4826,145,23.7216,0,0,0,0,NA,NA,NA,NA,NA,NA,NA,NA,NA,NA,2023,2001-01-08,"O","Knee - ACL",2026,0
"Tyrone Tracy","NYG","RB","16747","robust",NA,NA,NA,NA,NA,NA,127,4.4478,517.5,28.1694,2.5,0.44478,0.55,0,0,NA,0,NA,28,5.9304,216,42.9954,1.5,0.29652,65,0,NA,NA,NA,NA,NA,NA,NA,NA,NA,NA,2024,1999-11-23,NA,NA,NA,NA
"Emari Demercado","KC","RB","16385","robust",NA,NA,NA,NA,NA,NA,51,10.67472,241,29.652,1,0,1.75,0,0,NA,0,NA,15.5,2.9652,108,32.6172,0.5,0.44478,185,0,NA,NA,NA,NA,NA,NA,NA,NA,NA,NA,2023,1999-01-20,NA,NA,NA,NA
"Kaelon Black","SF","RB","17485","robust",NA,NA,NA,NA,NA,NA,59.5,32.91372,250.5,130.4688,1.5,1.4826,1,0,0,NA,0,NA,7.5,5.9304,54.5,41.5128,0,0,226,0,NA,NA,NA,NA,NA,NA,NA,NA,NA,NA,2026,2001-10-17,"Q","Thigh",2026,0
"Brian Robinson","ATL","RB","15716","robust",NA,NA,NA,NA,NA,NA,116,5.33735999999999,497,51.891,4,1.4826,0.8,0,0,NA,0,NA,9,1.77912,58,5.9304,0,0,225,0,NA,NA,NA,NA,NA,NA,NA,NA,NA,NA,2022,1999-03-22,NA,NA,NA,NA
"Malik Davis","DAL","RB","15738","robust",NA,NA,NA,NA,NA,NA,69.7,32.46894,324.5,149.7426,2.3,1.63086,0.3,0.22239,0,NA,0,NA,6.35,4.74432,44.25,32.6172,0,0,16,0,NA,NA,NA,NA,NA,NA,NA,NA,NA,NA,2022,1998-11-26,NA,NA,NA,NA
"Alvin Kamara","NO","RB","13132","robust",NA,NA,NA,NA,NA,NA,121,11.8608,464,57.8214,2,0,1.3,0,0,NA,0,NA,33,2.9652,213.5,44.478,1,0,119,0,NA,NA,NA,NA,NA,NA,NA,NA,NA,NA,2017,1995-07-25,NA,NA,NA,NA
"Chris Brooks","GB","RB","16387","robust",NA,NA,NA,NA,NA,NA,37.3,22.68378,162,93.4038,1,0,0.95,0,0,NA,0,NA,13.75,1.4826,97,14.826,0,0,28,0,NA,NA,NA,NA,NA,NA,NA,NA,NA,NA,2023,2000-01-11,"O","Hamstring",2026,0
"Kenneth Gainwell","TB","RB","15255","robust",NA,NA,NA,NA,NA,NA,109,12.00906,480.5,51.891,3.5,0.7413,0.8,0,0,NA,0,NA,48.5,11.8608,342,99.3342,2,0,413,0,NA,NA,NA,NA,NA,NA,NA,NA,NA,NA,2021,1999-03-14,NA,NA,NA,NA
"Emanuel Wilson","SEA","RB","16432","robust",NA,NA,NA,NA,NA,NA,69.5,37.95456,290,189.7728,1.3,1.92738,0.5,0,0,NA,0,NA,7.5,2.9652,52,29.652,0,0,241,0,NA,NA,NA,NA,NA,NA,NA,NA,NA,NA,2023,1999-05-08,NA,NA,NA,NA
"Kimani Vidal","LAC","RB","16757","robust",NA,NA,NA,NA,NA,NA,76.5,26.6868,310.5,90.4386,2,0,0,0,0,NA,0,NA,12.5,3.40998,105,42.9954,0.1,0,225,0,NA,NA,NA,NA,NA,NA,NA,NA,NA,NA,2024,2001-08-28,NA,NA,NA,NA
"AJ Dillon","CAR","RB","14805","robust",NA,NA,NA,NA,NA,NA,62.2,80.35692,257,324.6894,1.75,1.4826,2.8,3.26172,0,NA,0,NA,8.75,10.3782,75.75,84.5082,0.25,0,77,0,NA,NA,NA,NA,NA,NA,NA,NA,NA,NA,2020,1998-05-02,NA,NA,NA,NA
"Keaton Mitchell","LAC","RB","16178","robust",NA,NA,NA,NA,NA,NA,73.5,24.90768,345,189.7728,2,0,0.5,0,0,NA,0,NA,13.5,2.81694,97.5,44.478,0,0,411,0,NA,NA,NA,NA,NA,NA,NA,NA,NA,NA,2023,2002-01-17,NA,NA,NA,NA
"Jordan James","SF","RB","17055","robust",NA,NA,NA,NA,NA,NA,68,13.3434,290,51.891,1.5,0.44478,1,0,0,NA,0,NA,15.2,10.67472,119,83.0256,0.5,0,129,0,NA,NA,NA,NA,NA,NA,NA,NA,NA,NA,2025,2004-03-29,"Q","Ribs",2026,0
"Tank Bigsby","PHI","RB","16164","robust",NA,NA,NA,NA,NA,NA,92.5,7.413,425,31.1346,3,0,0.3,0,0,NA,0,NA,6,2.9652,47.5,2.9652,0,0,158,0,NA,NA,NA,NA,NA,NA,NA,NA,NA,NA,2023,2002-08-30,NA,NA,NA,NA
"Tyler Allgeier","ARI","RB","15712","robust",NA,NA,NA,NA,NA,NA,111.5,14.826,428.5,59.304,4,1.33434,0.5,0,0,NA,0,NA,19.5,2.9652,134.5,28.1694,0,0,64,0,NA,NA,NA,NA,NA,NA,NA,NA,NA,NA,2022,2000-04-15,NA,NA,NA,NA
"George Holani","SEA","RB","16608","robust",NA,NA,NA,NA,NA,NA,53.25,26.83506,215.75,117.8667,2,0.7413,0.7,0,0,NA,0,NA,8.75,2.2239,65,11.8608,0,0,370,0,NA,NA,NA,NA,NA,NA,NA,NA,NA,NA,2024,1999-12-16,NA,NA,NA,NA
"Samaje Perine","CIN","RB","13133","robust",NA,NA,NA,NA,NA,NA,83,12.45384,361.5,37.065,2.5,0.59304,2.25,0,0,NA,0,NA,17.9,1.63086,129,16.3086,0.5,0,346,0,NA,NA,NA,NA,NA,NA,NA,NA,NA,NA,2017,1995-09-16,NA,NA,NA,NA
"Adam Randall","BAL","RB","17652","robust",NA,NA,NA,NA,NA,NA,39.05,30.98634,164.5,130.4688,1,0.7413,0.5,0.37065,0,NA,0,NA,9,9.6369,83,91.1799,0.75,0.7413,316,0,NA,NA,NA,NA,NA,NA,NA,NA,NA,NA,2026,2004-07-14,NA,NA,NA,NA
"Braelon Allen","NYJ","RB","16596","robust",NA,NA,NA,NA,NA,NA,91,11.8608,372,35.5824,3,1.4826,1.65,0,0,NA,0,NA,13,0.59304,98,11.8608,0.1,0,93,0,NA,NA,NA,NA,NA,NA,NA,NA,NA,NA,2024,2004-01-20,NA,NA,NA,NA
"Jonah Coleman","DEN","RB","17477","robust",NA,NA,NA,NA,NA,NA,56.05,25.2042,255,111.195,1,0,0.3,0,0,NA,0,NA,10.4,10.08168,84.5,94.8864,0,0,248,0,NA,NA,NA,NA,NA,NA,NA,NA,NA,NA,2026,2003-08-20,NA,NA,NA,NA
"Kaleb Johnson","PIT","RB","17048","robust",NA,NA,NA,NA,NA,NA,31.625,17.42055,104.5,55.5975,0,0,0,0,0,NA,0,NA,5.15,2.79223,33,18.0383,0,0,225,0,NA,NA,NA,NA,NA,NA,NA,NA,NA,NA,2025,2003-08-14,NA,NA,NA,NA
"Devin Singletary","NYG","RB","14080","robust",NA,NA,NA,NA,NA,NA,66.35,55.89402,246.5,189.7728,2.375,1.4826,0,0,0,NA,0,NA,10.55,8.8956,80.75,60.7866,0,0,402,0,NA,NA,NA,NA,NA,NA,NA,NA,NA,NA,2019,1997-09-03,NA,NA,NA,NA
"Tyjae Spears","TEN","RB","16165","robust",NA,NA,NA,NA,NA,NA,93,7.413,377.5,42.9954,3,1.4826,0.5,0,0,NA,0,NA,48.5,4.4478,317.5,13.3434,1,0,132,0,NA,NA,NA,NA,NA,NA,NA,NA,NA,NA,2023,2001-06-15,NA,NA,NA,NA
"James Conner","ARI","RB","13146","robust",NA,NA,NA,NA,NA,NA,63,NA,307,66.717,1.9836643463209,0.568820759855373,0.25,0,0,NA,0,NA,19.65,11.34189,142.25,77.46585,0.7,0.899699930441373,25,0,NA,NA,NA,NA,NA,NA,NA,NA,NA,NA,2017,1995-05-05,"Q","Foot",2026,0
"Nicholas Singleton","TEN","RB","17476","robust",NA,NA,NA,NA,NA,NA,19,9.34038,78.25,48.9258,0.75,0.7413,0,0,0,NA,0,NA,3.5,2.9652,25.25,22.239,0,0,163,0,NA,NA,NA,NA,NA,NA,NA,NA,NA,NA,2026,2004-01-06,NA,NA,NA,NA
"Sean Tucker","TB","RB","16166","robust",NA,NA,NA,NA,NA,NA,58.9,22.09074,237,80.0604,3,0,0,0,0,NA,0,NA,6.6,6.81996,55,63.7518,0,0,399,0,NA,NA,NA,NA,NA,NA,NA,NA,NA,NA,2023,2001-10-25,NA,NA,NA,NA
"Jaylen Wright","MIA","RB","16610","robust",NA,NA,NA,NA,NA,NA,80,27.57636,319.5,37.065,2,0,1.6,0,0,NA,0,NA,9,2.9652,73,28.1694,0,0,11,0,NA,NA,NA,NA,NA,NA,NA,NA,NA,NA,2024,2003-04-01,NA,NA,NA,NA
"Jawhar Jordan","HOU","RB","16773","robust",NA,NA,NA,NA,NA,NA,43.8,28.46592,149.5,85.9908,0,0,0.5,0.37065,0,NA,0,NA,9.15,5.38678,63,42.007,0.10645472061657,0.105219845857418,124,0,NA,NA,NA,NA,NA,NA,NA,NA,NA,NA,2024,1999-08-18,NA,NA,NA,NA
"Mike Washington Jr.","LVR","RB","17482","robust",NA,NA,NA,NA,NA,NA,88,4.4478,349,22.239,2,0,0.95,0,0,NA,0,NA,17.6,14.826,121.5,87.4734,0,0,962,0,NA,NA,NA,NA,NA,NA,NA,NA,NA,NA,2026,2003-07-03,NA,NA,NA,NA
"Alexander Mattison","MIA","RB","14223","robust",NA,NA,NA,NA,NA,NA,59.65,50.92731,212,231.2856,1,1.4826,0,0,NA,NA,NA,NA,12.95,7.48713,93,59.304,0,0,0,0,NA,NA,NA,NA,NA,NA,NA,NA,NA,NA,2019,NA,NA,NA,NA,NA
"Justice Hill","BAL","RB","14086","robust",NA,NA,NA,NA,NA,NA,51.85,7.413,243,32.6172,2,0.88956,0,0,0,NA,0,NA,29,1.4826,240.5,50.4084,1.5,0.44478,190,0,NA,NA,NA,NA,NA,NA,NA,NA,NA,NA,2019,1997-11-14,NA,NA,NA,NA
"Emmett Johnson","KC","RB","17474","robust",NA,NA,NA,NA,NA,NA,49,28.1694,205,117.1254,1,0,0,0,0,NA,0,NA,10,2.9652,74,22.239,0,0,51,0,NA,NA,NA,NA,NA,NA,NA,NA,NA,NA,2026,2003-10-10,NA,NA,NA,NA
"MarShawn Lloyd","GB","RB","16604","robust",NA,NA,NA,NA,NA,NA,53.5,14.826,225,48.9258,1.5,0,0,0,0,NA,0,NA,7.1,4.4478,48.5,40.0302,0,0,165,0,NA,NA,NA,NA,NA,NA,NA,NA,NA,NA,2024,2001-01-05,NA,NA,NA,NA
"Ray Davis","BUF","RB","16603","robust",NA,NA,NA,NA,NA,NA,62.1,2.2239,281.75,5.1891,1.525,0.66717,0,0,0,NA,0,NA,13.3,3.85476,115,56.3388,0.6,0.7413,1769,0,NA,NA,NA,NA,NA,NA,NA,NA,NA,NA,2024,1999-11-20,NA,NA,NA,NA
"Trey Benson","ARI","RB","16594","robust",NA,NA,NA,NA,NA,NA,42,25.2042,206.75,90.4386,0.25,0,0,0,0,NA,0,NA,9.25,1.4826,52.75,32.6172,0,0,30,0,NA,NA,NA,NA,NA,NA,NA,NA,NA,NA,2024,2002-07-23,NA,NA,NA,NA
"Dylan Sampson","CLE","RB","17047","robust",NA,NA,NA,NA,NA,NA,61.75,11.1195,237,26.6868,1,1.4826,1.6,0,0,NA,0,NA,33,3.55824,261.5,47.4432,2,0.88956,254,0,NA,NA,NA,NA,NA,NA,NA,NA,NA,NA,2025,2004-09-14,NA,NA,NA,NA
"DJ Giddens","IND","RB","17060","robust",NA,NA,NA,NA,NA,NA,40.75,8.45082,161.25,37.065,1,0.51891,0,0,0,NA,0,NA,9.15,1.4826,55.5,16.3086,0,0,262,0,NA,NA,NA,NA,NA,NA,NA,NA,NA,NA,2025,2003-08-26,NA,NA,NA,NA
"Michael Carter","TEN","RB","15258","robust",NA,NA,NA,NA,NA,NA,58.6,26.09376,219,84.5082,0.5,0.7413,0,0,NA,NA,NA,NA,22.35,10.89711,174.5,98.5929,0,0,31,0,NA,NA,NA,NA,NA,NA,NA,NA,NA,NA,2021,1999-05-07,NA,NA,NA,NA
"Demond Claiborne","MIN","RB","17481","robust",NA,NA,NA,NA,NA,NA,35.3,9.34038,133,34.0998,1,0,0.35,0,0,NA,0,NA,5,1.4826,30,2.9652,0,0,127,0,NA,NA,NA,NA,NA,NA,NA,NA,NA,NA,2026,2003-10-09,NA,NA,NA,NA
"Austin Ekeler","FA","RB","13404","robust",NA,NA,NA,NA,NA,NA,48.5,20.0151,210.5,89.6973,1.5,0.7413,0,0,NA,NA,NA,NA,11.5,8.1543,98,51.891,0.5,0.7413,NA,NA,NA,NA,NA,NA,NA,NA,NA,NA,NA,NA,NA,NA,NA,NA,NA,NA
"Isaiah Davis","NYJ","RB","16752","robust",NA,NA,NA,NA,NA,NA,37.5,3.85476,188,40.0302,1,0,0,0,0,NA,0,NA,13.8,1.4826,107,26.6868,0,0,216,0,NA,NA,NA,NA,NA,NA,NA,NA,NA,NA,2024,2002-02-21,NA,NA,NA,NA
"Jaydon Blue","DAL","RB","17069","robust",NA,NA,NA,NA,NA,NA,58.9,7.11648,227.75,12.6021,1.075,0.0741300000000001,0,0,0,NA,0,NA,8.425,2.2239,59,9.6369,0,0,56,0,NA,NA,NA,NA,NA,NA,NA,NA,NA,NA,2025,2004-01-08,NA,NA,NA,NA
"Ollie Gordon","MIA","RB","17059","robust",NA,NA,NA,NA,NA,NA,49,2.2239,192.75,42.2541,1.675,0.66717,0.6,0,0,NA,0,NA,7.25,2.2239,40.75,12.6021,0,0,26,0,NA,NA,NA,NA,NA,NA,NA,NA,NA,NA,2025,2004-01-15,NA,NA,NA,NA
"Jaleel McLaughlin","DEN","RB","16390","robust",NA,NA,NA,NA,NA,NA,51.45,2.14977,227.5,20.0151,1.3,0.44478,0,0,NA,NA,NA,NA,10.1,4.29954,50.5,33.3585,0,0,59,0,NA,NA,NA,NA,NA,NA,NA,NA,NA,NA,2023,2000-09-13,NA,NA,NA,NA
"Devin Neal","NO","RB","17046","robust",NA,NA,NA,NA,NA,NA,48.4,5.04084,184,63.7518,1.225,0.14826,0,0,0,NA,0,NA,11.1,6.37518,77,17.7912,0,0,132,0,NA,NA,NA,NA,NA,NA,NA,NA,NA,NA,2025,2003-08-12,NA,NA,NA,NA
"Jerome Ford","WAS","RB","15713","robust",NA,NA,NA,NA,NA,NA,33.625,29.652,159,50.4084,1,1.4826,0,0,0,NA,0,NA,14.8,5.33736,79.75,2.9652,0,0,158,0,NA,NA,NA,NA,NA,NA,NA,NA,NA,NA,2022,1999-09-12,NA,NA,NA,NA
"Ty Johnson","BUF","RB","14095","robust",NA,NA,NA,NA,NA,NA,49.75,1.4826,211.5,11.8608,2,0,0,0,0,NA,0,NA,24,2.9652,241.5,44.478,2,0,281,0,NA,NA,NA,NA,NA,NA,NA,NA,NA,NA,2019,1997-09-17,NA,NA,NA,NA
"Zonovan Knight","ARI","RB","15727","robust",NA,NA,NA,NA,NA,NA,62,NA,219,0,1,0,NA,NA,NA,NA,NA,NA,13,0,96,0,0,0,NA,NA,NA,NA,NA,NA,NA,NA,NA,NA,NA,NA,2022,2001-04-11,NA,NA,NA,NA
"Ty Chandler","NO","RB","15723","robust",NA,NA,NA,NA,NA,NA,40.175,5.9304,125.25,117.1254,0.75,0,0,0,0,NA,0,NA,9.2,0,51,40.0302,0.25,0,27,0,NA,NA,NA,NA,NA,NA,NA,NA,NA,NA,2022,1998-05-12,NA,NA,NA,NA
"Raheim Sanders","CLE","RB","17062","robust",NA,NA,NA,NA,NA,NA,44.15,15.04839,162,45.9606,0.85,0.22239,0,0,NA,NA,NA,NA,6.2,3.26172,37,16.3086,0,0,171,0,NA,NA,NA,NA,NA,NA,NA,NA,NA,NA,2025,2002-06-08,NA,NA,NA,NA
"Kaytron Allen","WAS","RB","17478","robust",NA,NA,NA,NA,NA,NA,39,7.11648,154.5,25.2042,0.5,0,0,0,0,NA,0,NA,5.5,2.66868,33.5,11.8608,0,0,179,0,NA,NA,NA,NA,NA,NA,NA,NA,NA,NA,2026,2003-01-08,NA,NA,NA,NA
"Brashard Smith","KC","RB","17049","robust",NA,NA,NA,NA,NA,NA,31.2,NA,140.25,29.1578,0.195065176908752,0.192802420856611,0,0,0,NA,0,NA,19.575,1.16137,130.75,9.6369,1,0,286,0,NA,NA,NA,NA,NA,NA,NA,NA,NA,NA,2025,2003-04-11,NA,NA,NA,NA
"Kendre Miller","NO","RB","16171","robust",NA,NA,NA,NA,NA,NA,24.275,5.9304,90.75,14.826,0.05,0,0,0,0,NA,0,NA,4.45,3.63237,32.5,30.3933,0,0,476,0,NA,NA,NA,NA,NA,NA,NA,NA,NA,NA,2023,2002-06-11,"Q","Back",2026,0
"Frank Gore Jr.","BUF","RB","16599","robust",NA,NA,NA,NA,NA,NA,20.1,25.05594,91,123.0558,1,1.4826,0,0,NA,NA,NA,NA,1.5,2.2239,13,19.2738,0,0,251,0,NA,NA,NA,NA,NA,NA,NA,NA,NA,NA,2024,2002-03-13,NA,NA,NA,NA
"LeQuint Allen","JAC","RB","17061","robust",NA,NA,NA,NA,NA,NA,23.45,13.3434,95,51.891,0.15,0.14826,0,0,0,NA,0,NA,20,1.4826,116.25,28.1694,0.5,0.7413,463,0,NA,NA,NA,NA,NA,NA,NA,NA,NA,NA,2025,2004-08-05,NA,NA,NA,NA
"Dameon Pierce","PHI","RB","15717","robust",NA,NA,NA,NA,NA,NA,20.35,21.72009,89.5,106.0059,0.5,0.7413,0,0,NA,NA,NA,NA,0,0,0,0,0,0,168,0,NA,NA,NA,NA,NA,NA,NA,NA,NA,NA,2022,2000-02-19,NA,NA,NA,NA
"Isaac Guerendo","SF","RB","16688","robust",NA,NA,NA,NA,NA,NA,33,NA,149.5,15.5673,0.639259217625899,0.487061432104317,0,0,0,NA,0,NA,6.4,3.55824,63,38.5476,0,0,196,0,NA,NA,NA,NA,NA,NA,NA,NA,NA,NA,2024,2000-06-28,"O","Pectoral",2026,0
"Jam Miller","NE","RB","17486","robust",NA,NA,NA,NA,NA,NA,29.95,6.00453,117,57.8214,0.5,0.7413,0.2,0.29652,NA,NA,NA,NA,1.95,0.0741300000000001,15,14.826,0,0,367,0,NA,NA,NA,NA,NA,NA,NA,NA,NA,NA,2026,2004-04-29,NA,NA,NA,NA
"Seth McGowan","IND","RB","17475","robust",NA,NA,NA,NA,NA,NA,24.05,14.0847,97.5,68.1996,0.75,0.7413,0,0,0,NA,0,NA,2.7,0.88956,19.25,8.8956,0,0,134,0,NA,NA,NA,NA,NA,NA,NA,NA,NA,NA,2026,2001-10-23,NA,NA,NA,NA
"Phil Mafah","DAL","RB","17063","robust",NA,NA,NA,NA,NA,NA,17,22.239,73,102.2994,0.5,0.7413,0,0,NA,NA,NA,NA,2,2.9652,17,25.2042,0,0,0,0,NA,NA,NA,NA,NA,NA,NA,NA,NA,NA,2025,2002-10-24,NA,NA,NA,NA
"Will Shipley","PHI","RB","16601","robust",NA,NA,NA,NA,NA,NA,19.5,12.6021,79.25,45.9606,0.35,0.29652,0,0,0,NA,0,NA,10.05,0,71,4.4478,0,0,578,0,NA,NA,NA,NA,NA,NA,NA,NA,NA,NA,2024,2002-08-29,NA,NA,NA,NA
"Jeremy McNichols","WAS","RB","13143","robust",NA,NA,NA,NA,NA,NA,22.6,6.52344,112.25,23.7216,0.8,0,0,0,0,NA,0,NA,14.85,6.52344,110.25,56.3388,0,0,46,0,NA,NA,NA,NA,NA,NA,NA,NA,NA,NA,2017,1995-12-26,NA,NA,NA,NA
"Tahj Brooks","CIN","RB","17058","robust",NA,NA,NA,NA,NA,NA,22.35,6.81996,85.25,50.4084,0.25,0,0,0,0,NA,0,NA,1,0,8,1.4826,0,0,385,0,NA,NA,NA,NA,NA,NA,NA,NA,NA,NA,2025,2002-05-13,NA,NA,NA,NA
"Roschon Johnson","CHI","RB","16175","robust",NA,NA,NA,NA,NA,NA,21.975,4.59606,81.25,50.4084,1.4,1.92738,0,0,0,NA,0,NA,3.6,1.4826,18.5,7.413,0,0,53,0,NA,NA,NA,NA,NA,NA,NA,NA,NA,NA,2023,2001-01-31,NA,NA,NA,NA
"Trevor Etienne","CAR","RB","17056","robust",NA,NA,NA,NA,NA,NA,13.225,1.63086,58,8.8956,0,0,0,0,0,NA,0,NA,3.275,0,20.75,7.413,0,0,548,0,NA,NA,NA,NA,NA,NA,NA,NA,NA,NA,2025,2004-07-09,NA,NA,NA,NA
"Rasheen Ali","BAL","RB","16746","robust",NA,NA,NA,NA,NA,NA,14.7,NA,67.5,20.0151,0,0,0,0,0,NA,0,NA,6.65,0.963689999999999,45,0,0.05,0.07413,500,0,NA,NA,NA,NA,NA,NA,NA,NA,NA,NA,2024,2001-02-16,NA,NA,NA,NA
"Tyler Badie","DEN","RB","15718","robust",NA,NA,NA,NA,NA,NA,5.05,1.55673,21,4.4478,0,0,0,0,NA,NA,NA,NA,10.15,3.18759,73.5,12.6021,0,0,415,0,NA,NA,NA,NA,NA,NA,NA,NA,NA,NA,2022,1999-02-07,NA,NA,NA,NA
"Dylan Laube","LVR","RB","16613","robust",NA,NA,NA,NA,NA,NA,8.5,NA,20,0,0,0,0.2,0,NA,NA,NA,NA,2.2,0,14,0,0,0,662,0,NA,NA,NA,NA,NA,NA,NA,NA,NA,NA,2024,1999-12-14,NA,NA,NA,NA
"Kyle Juszczyk","SF","RB","11367","robust",NA,NA,NA,NA,NA,NA,4.75,1.33434,5.9,9.6369,0,0,0,0,0,NA,0,NA,23.075,2.29803,199.25,18.5325,2,0.0741300000000001,0,0,NA,NA,NA,NA,NA,NA,NA,NA,NA,NA,2013,1991-04-23,"Q","Finger",2026,0
"Michael Burton","CLE","RB","12325","robust",NA,NA,NA,NA,NA,NA,4.7,6.37518,5,5.9304,0.5,0.7413,0,0,NA,NA,NA,NA,3,4.4478,19,28.1694,0.5,0.7413,0,0,NA,NA,NA,NA,NA,NA,NA,NA,NA,NA,2015,1992-02-01,NA,NA,NA,NA
"Kene Nwangwu","NYJ","RB","15414","robust",NA,NA,NA,NA,NA,NA,2.4,NA,9,0,0,0,0,0,NA,NA,NA,NA,0,0,0,0,0,0,590,0,NA,NA,NA,NA,NA,NA,NA,NA,NA,NA,2021,1998-02-09,NA,NA,NA,NA
"Andrew Beck","NYJ","RB","14319","robust",NA,NA,NA,NA,NA,NA,0.5,0.7413,4,5.9304,0,0,0,0,NA,NA,NA,NA,5.55,0.81543,43,11.8608,1.7,0.44478,0,0,NA,NA,NA,NA,NA,NA,NA,NA,NA,NA,2019,1996-05-15,NA,NA,NA,NA
"Jacob Saylors","DET","RB","16850","robust",NA,NA,NA,NA,NA,NA,1.4,NA,3,0,0,0,0,0,NA,NA,NA,NA,0.1,0,0,0,0,0,854,0,NA,NA,NA,NA,NA,NA,NA,NA,NA,NA,2023,2000-03-08,NA,NA,NA,NA
"Josh Williams","TB","RB","17359","robust",NA,NA,NA,NA,NA,NA,0.2,NA,1,0,0,0,0,0,NA,NA,NA,NA,0,0,0,0,0,0,257,0,NA,NA,NA,NA,NA,NA,NA,NA,NA,NA,2025,2000-06-09,NA,NA,NA,NA
"DeeJay Dallas","JAC","RB","14815","robust",NA,NA,NA,NA,NA,NA,0.6,NA,1,0,0,0,0,0,NA,NA,NA,NA,0,0,0,0,0,0,181,0,NA,NA,NA,NA,NA,NA,NA,NA,NA,NA,2020,1998-09-16,NA,NA,NA,NA
"Puka Nacua","LAR","WR","16211","robust",NA,NA,NA,NA,NA,NA,13.6,2.07564,91.5,19.2738,1.3,0.59304,0.95,0.14826,0,NA,0,NA,120,5.48562,1585.25,57.8214,9.225,0,0,0,NA,NA,NA,NA,NA,NA,NA,NA,NA,NA,2023,2001-05-29,NA,NA,NA,NA
"Jaxon Smith-Njigba","SEA","WR","16185","robust",NA,NA,NA,NA,NA,NA,5.25,0.0276862044534414,28.7,4.4478,0,0,0.975,0.0741299999999999,0,NA,0,NA,111,0.148259999999992,1545,68.0513400000001,9.425,0.444780000000001,0,0,NA,NA,NA,NA,NA,NA,NA,NA,NA,NA,2023,2002-02-14,NA,NA,NA,NA
"Ja'Marr Chase","CIN","WR","15281","robust",NA,NA,NA,NA,NA,NA,3,0,17.25,4.4478,0,0,0.925,0.22239,0,NA,0,NA,121.875,3.7065,1533.55,56.4870599999999,11,0.59304,0,0,NA,NA,NA,NA,NA,NA,NA,NA,NA,NA,2021,2000-03-01,NA,NA,NA,NA
"Justin Jefferson","MIN","WR","14836","robust",NA,NA,NA,NA,NA,NA,1.65,0.84014,5.875,0.7413,0,0,0.15,0.22239,0,NA,0,NA,98.6,5.33735999999999,1302.2,77.3917200000001,6.85,0.29652,0,0,NA,NA,NA,NA,NA,NA,NA,NA,NA,NA,2020,1999-06-16,NA,NA,NA,NA
"Amon-Ra St. Brown","DET","WR","15287","robust",NA,NA,NA,NA,NA,NA,2.55,1.4826,10.9,2.66868,0,0,0.3625,0.111195,0,NA,0,NA,117,2.9652,1379.3,16.3086,10.25,0.7413,0,0,NA,NA,NA,NA,NA,NA,NA,NA,NA,NA,2021,1999-10-24,NA,NA,NA,NA
"Drake London","ATL","WR","15751","robust",NA,NA,NA,NA,NA,NA,0,0,0,0,0,0,0.925,0.22239,0,NA,0,NA,101.35,1.03782,1306.55,28.1694,8.75,2.37216,0,0,NA,NA,NA,NA,NA,NA,NA,NA,NA,NA,2022,2001-07-24,NA,NA,NA,NA
"George Pickens","DAL","WR","15762","robust",NA,NA,NA,NA,NA,NA,0.305,0.029652,-0.15,0.29652,0,0,0.25,0.37065,0,NA,0,NA,82.625,9.34038,1200.7,128.54142,8.325,2.07564,17,0,NA,NA,NA,NA,NA,NA,NA,NA,NA,NA,2022,2001-03-04,NA,NA,NA,NA
"CeeDee Lamb","DAL","WR","14832","robust",NA,NA,NA,NA,NA,NA,2.55,0.59304,18.25,16.3086,0,0,0.2875,0.0370649999999999,0,NA,0,NA,99.15,5.1891,1296,50.4084,7.5,2.2239,0,0,NA,NA,NA,NA,NA,NA,NA,NA,NA,NA,2020,1999-04-08,NA,NA,NA,NA
"A.J. Brown","NE","WR","14104","robust",NA,NA,NA,NA,NA,NA,0,0,0,0,0,0,0.15,0.22239,0,NA,0,NA,87.35,2.9652,1221,16.9016400000001,7.6,0.889559999999999,0,0,NA,NA,NA,NA,NA,NA,NA,NA,NA,NA,2019,1997-06-30,NA,NA,NA,NA
"Zay Flowers","BAL","WR","16190","robust",NA,NA,NA,NA,NA,NA,9.55782377747141,0,57,2.9652,0.4,0,1.7,0,0,NA,0,NA,82,5.9304,1173,83.0256,6.35,1.4826,0,0,NA,NA,NA,NA,NA,NA,NA,NA,NA,NA,2023,2000-09-11,NA,NA,NA,NA
"Chris Olave","NO","WR","15754","robust",NA,NA,NA,NA,NA,NA,0.333333333333333,0.4942,-0.1375,0,0,0,0,0,0,NA,0,NA,94,7.413,1163,112.6776,8,1.4826,11,0,NA,NA,NA,NA,NA,NA,NA,NA,NA,NA,2022,2000-06-27,NA,NA,NA,NA
"Nico Collins","HOU","WR","15290","robust",NA,NA,NA,NA,NA,NA,1.25,1.11195,8,5.9304,0.35,0,0.7,0,0,NA,0,NA,81.5,4.4478,1211,41.5128,7.5,1.33434,0,0,NA,NA,NA,NA,NA,NA,NA,NA,NA,NA,2021,1999-03-19,NA,NA,NA,NA
"Tetairoa McMillan","CAR","WR","17071","robust",NA,NA,NA,NA,NA,NA,0,0,0.375,0,0,0,1.1,0,0,NA,0,NA,78.5,7.413,1127,146.7774,6.8,1.18608,5,0,NA,NA,NA,NA,NA,NA,NA,NA,NA,NA,2025,2003-04-05,NA,NA,NA,NA
"Luther Burden","CHI","WR","17070","robust",NA,NA,NA,NA,NA,NA,8,1.29862281818182,41.5,5.9304,0,0,0.15,0,0,NA,0,NA,73,4.4478,991,142.3296,5.5,1.4826,12,0,NA,NA,NA,NA,NA,NA,NA,NA,NA,NA,2025,2003-12-12,NA,NA,NA,NA
"D.J. Moore","BUF","WR","13635","robust",NA,NA,NA,NA,NA,NA,9,1.4826,53,11.8608,0.5,0,0.65,0,0,NA,0,NA,70,4.4478,946,219.4248,7,1.4826,0,0,NA,NA,NA,NA,NA,NA,NA,NA,NA,NA,2018,1997-04-14,NA,NA,NA,NA
"Emeka Egbuka","TB","WR","17081","robust",NA,NA,NA,NA,NA,NA,2,0,10.5,2.9652,0,0,0,0,0,NA,0,NA,75,4.89258,1102.5,111.195,7,1.4826,0,0,NA,NA,NA,NA,NA,NA,NA,NA,NA,NA,2025,2002-10-14,"Q","Lower Body",2026,0
"Jameson Williams","DET","WR","15756","robust",NA,NA,NA,NA,NA,NA,7.35311355311355,0,45,4.4478,0.5,0.29652,0,0,0,NA,0,NA,64.5,2.9652,1079,74.13,7,0.889559999999999,0,0,NA,NA,NA,NA,NA,NA,NA,NA,NA,NA,2022,2001-03-26,NA,NA,NA,NA
"Garrett Wilson","NYJ","WR","15753","robust",NA,NA,NA,NA,NA,NA,1.5,0.7413,5,2.9652,0,0,0.85,0,0,NA,0,NA,94.5,0,1057,13.3434,7,2.9652,84,0,NA,NA,NA,NA,NA,NA,NA,NA,NA,NA,2022,2000-07-22,NA,NA,NA,NA
"DeVonta Smith","PHI","WR","15282","robust",NA,NA,NA,NA,NA,NA,0,0,0,0,0,0,0,0,0,NA,0,NA,86.5,1.4826,1123,8.8956,6,0,0,0,NA,NA,NA,NA,NA,NA,NA,NA,NA,NA,2021,1998-11-14,"Q","Hamstring",2026,0
"Ladd McConkey","LAC","WR","16627","robust",NA,NA,NA,NA,NA,NA,0,0,0,0,0,0,0,0,0,NA,0,NA,77.65,1.4826,995,35.5824,6.45,0.148259999999999,0,0,NA,NA,NA,NA,NA,NA,NA,NA,NA,NA,2024,2001-11-11,NA,NA,NA,NA
"Alec Pierce","IND","WR","15768","robust",NA,NA,NA,NA,NA,NA,0,0,0,0,0,0,0.15,0,0,NA,0,NA,62,5.9304,1026,120.0906,7.5,2.9652,0,0,NA,NA,NA,NA,NA,NA,NA,NA,NA,NA,2022,2000-05-02,"O","Ankle",2026,0
"Michael Wilson","ARI","WR","16206","robust",NA,NA,NA,NA,NA,NA,0,0,1.25,1.85325,0,0,0.2,0,0,NA,0,NA,71,7.413,873.5,94.8864,5.2,1.4826,0,0,NA,NA,NA,NA,NA,NA,NA,NA,NA,NA,2023,2000-02-23,NA,NA,NA,NA
"Malik Nabers","NYG","WR","16615","robust",NA,NA,NA,NA,NA,NA,3.5,0,10,4.4478,0,0,0,0,0,NA,0,NA,83.5,7.413,1066.5,105.2646,8,2.66868,0,0,NA,NA,NA,NA,NA,NA,NA,NA,NA,NA,2024,2003-07-28,"Q","Knee - ACL",2026,0
"Rashee Rice","KC","WR","16194","robust",NA,NA,NA,NA,NA,NA,5.33333333333333,2.07564,27.875,12.6021,0.925,0.59304,0.3,0.44478,0,NA,0,NA,96,4.15128,1082.5,48.9258,9.175,1.03782,11,0,NA,NA,NA,NA,NA,NA,NA,NA,NA,NA,2023,2000-04-22,NA,NA,NA,NA
"Wan'Dale Robinson","TEN","WR","15757","robust",NA,NA,NA,NA,NA,NA,2.5,2.2239,11.5,8.8956,0,0,0,0,0,NA,0,NA,83.75,18.5325,842,105.2646,4,2.37216,92,0,NA,NA,NA,NA,NA,NA,NA,NA,NA,NA,2022,2001-01-05,NA,NA,NA,NA
"Courtland Sutton","DEN","WR","13630","robust",NA,NA,NA,NA,NA,NA,0,0,0,0,0,0,0.2,0,0,NA,0,NA,71,8.8956,931,81.543,7.5,0,0,0,NA,NA,NA,NA,NA,NA,NA,NA,NA,NA,2018,1995-10-10,NA,NA,NA,NA
"Terry McLaurin","WAS","WR","14109","robust",NA,NA,NA,NA,NA,NA,0.333333333333333,0.4942,1,1.4826,0,0,0,0,0,NA,0,NA,71.5,5.9304,986.5,93.4038,7.35,1.4826,9,0,NA,NA,NA,NA,NA,NA,NA,NA,NA,NA,2019,1995-09-15,NA,NA,NA,NA
"Tee Higgins","CIN","WR","14835","robust",NA,NA,NA,NA,NA,NA,0,0,0,0,0,0,0.05,0,0,NA,0,NA,69.5,5.9304,963.5,120.0906,9.5,1.4826,0,0,NA,NA,NA,NA,NA,NA,NA,NA,NA,NA,2020,1999-01-18,NA,NA,NA,NA
"Rome Odunze","CHI","WR","16616","robust",NA,NA,NA,NA,NA,NA,1,0,8.5,6.6717,0,0,0.2,0,0,NA,0,NA,65,8.8956,966,93.4038,8,1.4826,0,0,NA,NA,NA,NA,NA,NA,NA,NA,NA,NA,2024,2002-06-03,NA,NA,NA,NA
"Chris Godwin","TB","WR","13163","robust",NA,NA,NA,NA,NA,NA,0.333333333333333,0.4942,2.75,1.4826,0,0,0,0,0,NA,0,NA,68,11.1195,810.5,50.4084,6,1.4826,9,0,NA,NA,NA,NA,NA,NA,NA,NA,NA,NA,2017,1996-02-27,NA,NA,NA,NA
"Carnell Tate","TEN","WR","17497","robust",NA,NA,NA,NA,NA,NA,1.33333333333333,0.9884,9,2.9652,0,0,1.15,0,0,NA,0,NA,66,14.826,901.5,161.6034,5.55,1.4826,300,0,NA,NA,NA,NA,NA,NA,NA,NA,NA,NA,2026,2005-01-19,NA,NA,NA,NA
"Marvin Harrison Jr.","ARI","WR","16614","robust",NA,NA,NA,NA,NA,NA,0,0,0,0,0,0,0.2,0,0,NA,0,NA,66.5,5.9304,944,22.239,6,1.4826,0,0,NA,NA,NA,NA,NA,NA,NA,NA,NA,NA,2024,2002-08-11,NA,NA,NA,NA
"Jaylen Waddle","DEN","WR","15284","robust",NA,NA,NA,NA,NA,NA,2,1.4826,16,8.8956,0,0,0,0,0,NA,0,NA,74.5,2.9652,983,17.7912,6,0,20,0,NA,NA,NA,NA,NA,NA,NA,NA,NA,NA,2021,1998-11-25,"Q","Undisclosed",2026,0
"DK Metcalf","PIT","WR","14102","robust",NA,NA,NA,NA,NA,NA,1,0,6.25,4.07715,0.45,0.66717,0,0,0,NA,0,NA,64,5.9304,918,81.543,6,0,0,0,NA,NA,NA,NA,NA,NA,NA,NA,NA,NA,2019,1997-12-14,NA,NA,NA,NA
"Davante Adams","LAR","WR","11675","robust",NA,NA,NA,NA,NA,NA,0,0,0.25,0,0,0,0,0,0,NA,0,NA,68,2.9652,891,34.0998,10.25,0,15,0,NA,NA,NA,NA,NA,NA,NA,NA,NA,NA,2014,1992-12-24,NA,NA,NA,NA
"Parker Washington","JAC","WR","16192","robust",NA,NA,NA,NA,NA,NA,5.25,4.07715,17,22.239,0,0,0.15,0,0,NA,0,NA,66.1,8.8956,891,97.8516,5.9,1.4826,65,0,NA,NA,NA,NA,NA,NA,NA,NA,NA,NA,2023,2002-03-21,NA,NA,NA,NA
"Brian Thomas Jr.","JAC","WR","16618","robust",NA,NA,NA,NA,NA,NA,3.5,0,26,4.4478,0.25,0,0,0,0,NA,0,NA,61,5.9304,905,66.717,5.6,0.889559999999999,0,0,NA,NA,NA,NA,NA,NA,NA,NA,NA,NA,2024,2002-10-08,NA,NA,NA,NA
"Mike Evans","SF","WR","11671","robust",NA,NA,NA,NA,NA,NA,0,0,0,0,0,0,0.2,0,0,NA,0,NA,67.75,6.6717,931.5,56.3388,7.55,1.4826,0,0,NA,NA,NA,NA,NA,NA,NA,NA,NA,NA,2014,1993-08-21,"Q","Quadriceps",2026,0
"Jordyn Tyson","NO","WR","17498","robust",NA,NA,NA,NA,NA,NA,1.66666666666667,0.4942,11.5,6.6717,0,0,1,0,0,NA,0,NA,61,10.3782,850.5,130.4688,4.5,1.4826,43,0,NA,NA,NA,NA,NA,NA,NA,NA,NA,NA,2026,2004-08-12,NA,NA,NA,NA
"Christian Watson","GB","WR","15789","robust",NA,NA,NA,NA,NA,NA,2.25,1.11195,12.5,2.9652,0,0,0.35,0,0,NA,0,NA,56.5,10.3782,904,50.4084,7.5,0,8,0,NA,NA,NA,NA,NA,NA,NA,NA,NA,NA,2022,1999-05-12,NA,NA,NA,NA
"Jordan Addison","MIN","WR","16186","robust",NA,NA,NA,NA,NA,NA,2.5,0,24,7.413,0.5,0,0,0,0,NA,0,NA,55,7.413,769,51.891,5.5,1.4826,0,0,NA,NA,NA,NA,NA,NA,NA,NA,NA,NA,2023,2002-01-27,"Q","Thumb",2026,0
"Jakobi Meyers","JAC","WR","14127","robust",NA,NA,NA,NA,NA,NA,4,1.4826,18,1.4826,0,0,0.9,0,0,NA,0,NA,70,7.413,830.5,71.1648,5,0,42,0,NA,NA,NA,NA,NA,NA,NA,NA,NA,NA,2019,1996-11-09,NA,NA,NA,NA
"Jayden Reed","GB","WR","16184","robust",NA,NA,NA,NA,NA,NA,9.87845324028469,1.4826,68,4.4478,0,0,0.3,0,0,NA,0,NA,63,4.4478,736.5,126.021,4.9,1.4826,0,0,NA,NA,NA,NA,NA,NA,NA,NA,NA,NA,2023,2000-04-28,NA,NA,NA,NA
"Rashid Shaheed","SEA","WR","16080","robust",NA,NA,NA,NA,NA,NA,10.5,2.99661497126437,75.5,13.3434,0,0,0.8,0,0,NA,0,NA,50,11.8608,685,300.9678,3.5,1.4826,602,0,NA,NA,NA,NA,NA,NA,NA,NA,NA,NA,2022,1998-08-31,NA,NA,NA,NA
"Quentin Johnston","LAC","WR","16188","robust",NA,NA,NA,NA,NA,NA,1.875,0.37065,6,4.4478,0,0,0.75,0,0,NA,0,NA,54,7.413,747,99.3342,6.5,0,51,0,NA,NA,NA,NA,NA,NA,NA,NA,NA,NA,2023,2001-09-06,NA,NA,NA,NA
"Jerry Jeudy","CLE","WR","14833","robust",NA,NA,NA,NA,NA,NA,0.333333333333333,0.4942,2.25,3.33585,0,0,0.6,0,0,NA,0,NA,56,5.9304,744,51.891,3,0,0,0,NA,NA,NA,NA,NA,NA,NA,NA,NA,NA,2020,1999-04-24,NA,NA,NA,NA
"Michael Pittman","PIT","WR","14842","robust",NA,NA,NA,NA,NA,NA,0,0,0,0,0,0,0,0,0,NA,0,NA,76,2.9652,767,115.6428,5,1.4826,0,0,NA,NA,NA,NA,NA,NA,NA,NA,NA,NA,2020,1997-10-05,NA,NA,NA,NA
"Makai Lemon","PHI","WR","17499","robust",NA,NA,NA,NA,NA,NA,2,NA,13.125,2.59455,0,0,1,0,0,NA,0,NA,58.2,3.26172,749.5,151.2252,4.5,0.44478,7,0,NA,NA,NA,NA,NA,NA,NA,NA,NA,NA,2026,2004-06-02,"Q","Hamstring",2026,0
"Matthew Golden","GB","WR","17075","robust",NA,NA,NA,NA,NA,NA,6.75,6.30105,29.5,37.065,0,0,0.15,0,0,NA,0,NA,53,4.4478,702,84.5082,4,0,76,0,NA,NA,NA,NA,NA,NA,NA,NA,NA,NA,2025,2003-08-01,NA,NA,NA,NA
"Calvin Ridley","TEN","WR","13629","robust",NA,NA,NA,NA,NA,NA,3.5,2.2239,19,11.8608,0,0,0,0,0,NA,0,NA,45.7,10.3782,708.5,216.4596,3.35,1.4826,45,0,NA,NA,NA,NA,NA,NA,NA,NA,NA,NA,2018,1994-12-20,NA,NA,NA,NA
"Romeo Doubs","NE","WR","15779","robust",NA,NA,NA,NA,NA,NA,0,0,0,0,0,0,0,0,0,NA,0,NA,57,2.9652,732,40.0302,5.2,0.889559999999999,7,0,NA,NA,NA,NA,NA,NA,NA,NA,NA,NA,2022,2000-04-13,NA,NA,NA,NA
"Kayshon Boutte","NE","WR","16193","robust",NA,NA,NA,NA,NA,NA,0,0,-0.2875,0,0,0,0,0,0,NA,0,NA,37,14.826,584.5,355.824,4.5,1.03782,44,0,NA,NA,NA,NA,NA,NA,NA,NA,NA,NA,2023,2002-05-07,NA,NA,NA,NA
"Josh Downs","IND","WR","16187","robust",NA,NA,NA,NA,NA,NA,1.75,0,4.15,6.96822,0,0,0.5,0,0,NA,0,NA,75,1.4826,787,69.6822,4.5,1.03782,0,0,NA,NA,NA,NA,NA,NA,NA,NA,NA,NA,2023,2001-08-12,NA,NA,NA,NA
"Stefon Diggs","WAS","WR","12186","robust",NA,NA,NA,NA,NA,NA,0.25,0,0.5,0,0,0,0,0,0,NA,0,NA,69,1.4826,793,22.239,5,0,0,NA,NA,NA,NA,NA,NA,NA,NA,NA,NA,NA,2015,1993-11-29,NA,NA,NA,NA
"Jalen Nailor","LVR","WR","15786","robust",NA,NA,NA,NA,NA,NA,1.75,0,9,2.9652,0,0,0,0,0,NA,0,NA,44,1.4826,590,42.9954,4,1.92738,0,0,NA,NA,NA,NA,NA,NA,NA,NA,NA,NA,2022,1999-03-02,NA,NA,NA,NA
"KC Concepcion","CLE","WR","17501","robust",NA,NA,NA,NA,NA,NA,4.07473598310292,1.4826,24,10.3782,0,0,1.3,0,0,NA,0,NA,54.5,14.826,691,85.9908,3,0,62,0,NA,NA,NA,NA,NA,NA,NA,NA,NA,NA,2026,2004-09-24,NA,NA,NA,NA
"Nathaniel Dell","HOU","WR","16204","robust",NA,NA,NA,NA,NA,NA,7.5,1.4826,31,16.3086,0,0,0.2,0,0,NA,0,NA,39.1,17.64294,555,228.3204,3,2.9652,171,0,NA,NA,NA,NA,NA,NA,NA,NA,NA,NA,2023,1999-10-29,"Q","Knee - ACL + MCL",2026,0
"De'Zhaun Stribling","SF","WR","17514","robust",NA,NA,NA,NA,NA,NA,1.33333333333333,0.4942,5.5,6.6717,0,0,1,0,0,NA,0,NA,44.5,8.8956,577,222.39,3,1.4826,259,0,NA,NA,NA,NA,NA,NA,NA,NA,NA,NA,2026,2002-12-18,"Q","Hamstring",2026,0
"Deebo Samuel","SF","WR","14136","robust",NA,NA,NA,NA,NA,NA,18,5.39866784146461,82,41.5128,1,0,0,0,0,NA,0,NA,56,12.30558,650,167.5338,4,1.4826,498,0,NA,NA,NA,NA,NA,NA,NA,NA,NA,NA,2019,1970-01-01,NA,NA,NA,NA
"Xavier Worthy","KC","WR","16620","robust",NA,NA,NA,NA,NA,NA,13.5,2.17630008239778,87,11.8608,0.7,0,0,0,0,NA,0,NA,55,2.9652,688.5,102.2994,4.3,1.4826,0,0,NA,NA,NA,NA,NA,NA,NA,NA,NA,NA,2024,2003-04-27,"Q","Shoulder",2026,0
"Xavier Worthy","KC","WR","16620","robust",NA,NA,NA,NA,NA,NA,13.5,2.17630008239778,87,11.8608,0.7,0,0,0,0,NA,0,NA,55,2.9652,688.5,102.2994,4.3,1.4826,0,0,NA,NA,NA,NA,NA,NA,NA,NA,NA,NA,2024,2003-03-11,"Q","Shoulder",2026,0
"Jalen Coker","CAR","WR","16809","robust",NA,NA,NA,NA,NA,NA,0,0,0.25,0,0,0,0.85,0,0,NA,0,NA,55.5,5.9304,698,96.369,4,0.29652,12,0,NA,NA,NA,NA,NA,NA,NA,NA,NA,NA,2024,2001-10-30,NA,NA,NA,NA
"Khalil Shakir","BUF","WR","15761","robust",NA,NA,NA,NA,NA,NA,1,0,5,1.4826,0,0,0.9,0,0,NA,0,NA,71.4,2.07564000000001,737.5,38.5476,4,0,0,0,NA,NA,NA,NA,NA,NA,NA,NA,NA,NA,2022,2000-02-03,NA,NA,NA,NA
"Jauan Jennings","MIN","WR","14860","robust",NA,NA,NA,NA,NA,NA,0,0,0.375,0,0,0,0.75,0,0,NA,0,NA,46,7.56126,547,37.065,5,1.4826,13,0,NA,NA,NA,NA,NA,NA,NA,NA,NA,NA,2020,1997-07-10,NA,NA,NA,NA
"Malachi Fields","NYG","WR","17511","robust",NA,NA,NA,NA,NA,NA,0,0,0,0,0,0,NA,NA,NA,NA,NA,NA,37.5,36.3237,447,428.4714,3,2.9652,NA,NA,NA,NA,NA,NA,NA,NA,NA,NA,NA,NA,2026,2003-08-26,NA,NA,NA,NA
"Jalen Tolbert","MIA","WR","15788","robust",NA,NA,NA,NA,NA,NA,0,0,4.25,4.2007,0.225,0.22239,0.4,0,0,NA,0,NA,36.95,2.66868,445,25.9455,2.15,0.88956,364,0,NA,NA,NA,NA,NA,NA,NA,NA,NA,NA,2022,1999-02-27,NA,NA,NA,NA
"Omar Cooper Jr.","NYJ","WR","17502","robust",NA,NA,NA,NA,NA,NA,2.125,0.37065,12,7.413,0,0,1.2,0,0,NA,0,NA,44.85,19.2738,492,216.4596,3.5,1.4826,30,0,NA,NA,NA,NA,NA,NA,NA,NA,NA,NA,2026,2003-12-14,NA,NA,NA,NA
"Ja'Kobi Lane","BAL","WR","17517","robust",NA,NA,NA,NA,NA,NA,1,1.4826,2.125,0,0,0,0.5,0,0,NA,0,NA,26,16.3086,381,305.4156,2.5,2.9652,238,0,NA,NA,NA,NA,NA,NA,NA,NA,NA,NA,2026,2004-08-05,NA,NA,NA,NA
"Adonai Mitchell","NYJ","WR","16626","robust",NA,NA,NA,NA,NA,NA,1.5,0.4942,5.25,5.9304,0,0,0.3,0,0,NA,0,NA,40.5,5.78214,560,133.434,4,0,36,0,NA,NA,NA,NA,NA,NA,NA,NA,NA,NA,2024,2002-10-08,NA,NA,NA,NA
"Denzel Boston","CLE","WR","17500","robust",NA,NA,NA,NA,NA,NA,0.666666666666667,0.9884,4.75,7.04235,0,0,0.65,0,0,NA,0,NA,44,11.8608,555,123.0558,2.5,1.4826,78,0,NA,NA,NA,NA,NA,NA,NA,NA,NA,NA,2026,2003-12-06,NA,NA,NA,NA
"Cooper Kupp","SEA","WR","13164","robust",NA,NA,NA,NA,NA,NA,0.666666666666667,0.4942,4.75,2.59455,0,0,1,0,0,NA,0,NA,43.7,7.413,533.5,88.956,3,0.29652,85,0,NA,NA,NA,NA,NA,NA,NA,NA,NA,NA,2017,1993-06-15,NA,NA,NA,NA
"Devaughn Vele","NO","WR","16788","robust",NA,NA,NA,NA,NA,NA,0,0,-0.0375,0,0,0,0.25,0,0,NA,0,NA,35,9.04386,435.5,103.782,2.75,0.7413,78,0,NA,NA,NA,NA,NA,NA,NA,NA,NA,NA,2024,1997-12-12,NA,NA,NA,NA
"Antonio Williams","WAS","WR","17512","robust",NA,NA,NA,NA,NA,NA,2.25,1.11195,11,10.3782,0,0,1,0,0,NA,0,NA,43.5,5.1891,568,75.6126,3,0,284,0,NA,NA,NA,NA,NA,NA,NA,NA,NA,NA,2026,2004-07-14,NA,NA,NA,NA
"Jayden Higgins","HOU","WR","17083","robust",NA,NA,NA,NA,NA,NA,0,0,0.375,0,0,0,0.15,0,0,NA,0,NA,50,5.9304,620,45.9606,4.5,1.4826,13,0,NA,NA,NA,NA,NA,NA,NA,NA,NA,NA,2025,2002-12-15,NA,NA,NA,NA
"Jahan Dotson","ATL","WR","15755","robust",NA,NA,NA,NA,NA,NA,1,0.7413,4.25,3.7065,0,0,0,0,0,NA,0,NA,27.525,8.1543,335.75,84.5082,2,1.18608,41,0,NA,NA,NA,NA,NA,NA,NA,NA,NA,NA,2022,2000-03-22,NA,NA,NA,NA
"Zachariah Branch","ATL","WR","17507","robust",NA,NA,NA,NA,NA,NA,2.5,1.85325,6.5,6.4246,0,0,0,0,0,NA,0,NA,30.3,25.05594,346.75,320.2416,1.75,1.4826,284,0,NA,NA,NA,NA,NA,NA,NA,NA,NA,NA,2026,2004-03-29,NA,NA,NA,NA
"Darnell Mooney","NYG","WR","14974","robust",NA,NA,NA,NA,NA,NA,0.75,1.11195,2.5,0,0,0,0,0,0,NA,0,NA,34.95,10.3782,485,183.8424,2,1.4826,124,0,NA,NA,NA,NA,NA,NA,NA,NA,NA,NA,2020,1997-10-29,NA,NA,NA,NA
"Tre Tucker","LVR","WR","16287","robust",NA,NA,NA,NA,NA,NA,9,2.9652,46.5,14.826,0,0,0,0,0,NA,0,NA,49,4.4478,622,48.9258,3.5,0.14826,4,0,NA,NA,NA,NA,NA,NA,NA,NA,NA,NA,2023,2001-03-08,NA,NA,NA,NA
"Malik Washington","MIA","WR","16684","robust",NA,NA,NA,NA,NA,NA,11,2.9652,64.5,14.826,0.55,0.14826,0.9,0,0,NA,0,NA,47.7,7.413,493.5,157.1556,3,0,462,0,NA,NA,NA,NA,NA,NA,NA,NA,NA,NA,2024,2000-10-20,NA,NA,NA,NA
"Christian Kirk","SF","WR","13633","robust",NA,NA,NA,NA,NA,NA,0,0,0,0,0,0,0,0,0,NA,0,NA,39.25,18.5325,455.75,226.8378,2.7,0.88956,0,0,NA,NA,NA,NA,NA,NA,NA,NA,NA,NA,2018,1996-11-18,"Q","Calf",2026,0
"Germie Bernard","PIT","WR","17503","robust",NA,NA,NA,NA,NA,NA,2,0,9.5,13.3434,0,0,0.5,0,0,NA,0,NA,43,5.9304,523,105.2646,3,0,50,0,NA,NA,NA,NA,NA,NA,NA,NA,NA,NA,2026,2003-12-02,NA,NA,NA,NA
"Darius Slayton","NYG","WR","14122","robust",NA,NA,NA,NA,NA,NA,1,0.7413,6,5.1891,0,0,0.8,0.14826,0,NA,0,NA,37.75,7.413,520,150.4839,2.45,0.7413,9,0,NA,NA,NA,NA,NA,NA,NA,NA,NA,NA,2019,1997-01-12,NA,NA,NA,NA
"Jalen McMillan","TB","WR","16628","robust",NA,NA,NA,NA,NA,NA,4,1.4826,25,5.9304,0,0,0.15,0,0,NA,0,NA,46,1.4826,589,50.4084,4,0,0,0,NA,NA,NA,NA,NA,NA,NA,NA,NA,NA,2024,2001-12-07,"Q","Knee",2026,0
"John Metchie","CAR","WR","15759","robust",NA,NA,NA,NA,NA,NA,2.2875,1.0563525,-3.05,1.40847,0,0,0,0,NA,NA,NA,NA,41.4,34.98936,377.5,358.0479,3.05,4.37367,61,0,NA,NA,NA,NA,NA,NA,NA,NA,NA,NA,2022,2000-07-18,NA,NA,NA,NA
"Rashod Bateman","BAL","WR","15293","robust",NA,NA,NA,NA,NA,NA,0,0,0,0,0,0,0,0,0,NA,0,NA,38,4.4478,560.75,42.9954,4.825,0.81543,0,0,NA,NA,NA,NA,NA,NA,NA,NA,NA,NA,2021,1999-11-29,NA,NA,NA,NA
"Caleb Douglas","MIA","WR","17599","robust",NA,NA,NA,NA,NA,NA,0.666666666666667,0.9884,3.75,5.55975,0,0,0.5,0,0,NA,0,NA,35,8.8956,433,124.5384,2,1.4826,200,0,NA,NA,NA,NA,NA,NA,NA,NA,NA,NA,2026,2003-09-09,NA,NA,NA,NA
"Tutu Atwell","MIA","WR","15301","robust",NA,NA,NA,NA,NA,NA,2.25,1.7297,13,10.3782,0,0,0,0,0,NA,0,NA,22.25,2.89107,310,81.543,1.25,1.4826,151,0,NA,NA,NA,NA,NA,NA,NA,NA,NA,NA,2021,1999-10-07,NA,NA,NA,NA
"Brandon Aiyuk","SF","WR","14840","robust",NA,NA,NA,NA,NA,NA,0,0,3.25,0,0,0,0,0,0,NA,0,NA,26.3,18.38424,346.75,364.7196,1.475,0.14826,82,0,NA,NA,NA,NA,NA,NA,NA,NA,NA,NA,2020,1970-01-01,NA,"Knee - ACL + MCL",2026,0
"Tre Harris","LAC","WR","17072","robust",NA,NA,NA,NA,NA,NA,1.5,1.11195,6,4.942,0,0,0.2,0,0,NA,0,NA,39.95,8.74734,483.5,85.2495,2.075,0.0741300000000001,1,0,NA,NA,NA,NA,NA,NA,NA,NA,NA,NA,2025,2002-02-28,NA,NA,NA,NA
"Troy Franklin","DEN","WR","16619","robust",NA,NA,NA,NA,NA,NA,2,1.4826,11,2.9652,0,0,0.85,0.111195,0,NA,0,NA,35.925,19.05141,390.75,182.3598,2.675,0.66717,40,0,NA,NA,NA,NA,NA,NA,NA,NA,NA,NA,2024,2003-02-06,NA,NA,NA,NA
"Tyquan Thornton","KC","WR","15787","robust",NA,NA,NA,NA,NA,NA,0,0,1,0.9884,0,0,0,0,0,NA,0,NA,25.225,3.63237,435.5,78.5778,3.225,0.22239,180,0,NA,NA,NA,NA,NA,NA,NA,NA,NA,NA,2022,2000-08-07,NA,NA,NA,NA
"Elic Ayomanor","TEN","WR","17073","robust",NA,NA,NA,NA,NA,NA,0,0,0,0,0,0,0,0,0,NA,0,NA,26.5,5.33736,331.5,177.912,3,2.9652,114,0,NA,NA,NA,NA,NA,NA,NA,NA,NA,NA,2025,2003-06-03,NA,NA,NA,NA
"Ashton Dulin","IND","WR","14315","robust",NA,NA,NA,NA,NA,NA,3.5,1.9768,23.75,19.2738,0,0,0,0,0,NA,0,NA,27.175,2.29803,371,96.369,1.25,0.7413,333,0,NA,NA,NA,NA,NA,NA,NA,NA,NA,NA,2019,1997-05-15,NA,NA,NA,NA
"Marquise Brown","PHI","WR","14105","robust",NA,NA,NA,NA,NA,NA,0,0,0,0,0,0,0,0,0,NA,0,NA,21.775,5.70801,272.75,80.8017,1.9,0.7413,38,0,NA,NA,NA,NA,NA,NA,NA,NA,NA,NA,2019,1997-06-04,NA,NA,NA,NA
"Calvin Austin III","NYG","WR","15777","robust",NA,NA,NA,NA,NA,NA,0.333333333333333,0.4942,0.75,0,0,0,0,0,0,NA,0,NA,24,17.7912,310.5,235.7334,1.95,1.4826,201,0,NA,NA,NA,NA,NA,NA,NA,NA,NA,NA,2022,1999-03-24,NA,NA,NA,NA
"Chris Bell","MIA","WR","17506","robust",NA,NA,NA,NA,NA,NA,0,0,0,0,0,0,NA,NA,NA,NA,NA,NA,38,5.9304,491,62.2692,2,0,NA,NA,NA,NA,NA,NA,NA,NA,NA,NA,NA,NA,2026,2004-06-07,"O","Knee - ACL",2026,0
"Travis Hunter","JAC","WR","17074","robust",NA,NA,NA,NA,NA,NA,2,1.4826,9.25,8.1543,0,0,0,0,0,NA,0,NA,40.85,5.93040000000001,456.75,77.8365,2.75,1.70499,113,0,NA,NA,NA,NA,NA,NA,NA,NA,NA,NA,2025,2003-05-18,NA,NA,NA,NA
"Bub Means","NO","WR","16751","robust",NA,NA,NA,NA,NA,NA,0.5,0.7413,3,4.4478,0,0,0.5,0.7413,NA,NA,NA,NA,23.2,21.94248,306.5,313.5699,1.75,1.85325,0,0,NA,NA,NA,NA,NA,NA,NA,NA,NA,NA,2024,2001-01-10,NA,NA,NA,NA
"Brenen Thompson","LAC","WR","17529","robust",NA,NA,NA,NA,NA,NA,3.51604278074866,0.047570053475936,21.5,1.4826,0,0,0.4,0,0,NA,0,NA,21.5,12.6021,244.75,74.13,1.25,1.4826,145,0,NA,NA,NA,NA,NA,NA,NA,NA,NA,NA,2026,2003-07-25,NA,NA,NA,NA
"Keon Coleman","BUF","WR","16617","robust",NA,NA,NA,NA,NA,NA,0,0,0,0,0,0,0.6,0,0,NA,0,NA,27.825,8.22843,306.5,30.3933,2.725,0.7413,0,0,NA,NA,NA,NA,NA,NA,NA,NA,NA,NA,2024,2003-05-17,NA,NA,NA,NA
"Isaac TeSlaa","DET","WR","17157","robust",NA,NA,NA,NA,NA,NA,0,0,0.375,0,0,0,0,0,0,NA,0,NA,27,4.4478,385,123.0558,4.3,1.03782,21,0,NA,NA,NA,NA,NA,NA,NA,NA,NA,NA,2025,2002-02-20,NA,NA,NA,NA
"Tory Horton","SEA","WR","17098","robust",NA,NA,NA,NA,NA,NA,0.5,0.37065,11.5,9.884,0,0,0.5,0.37065,0,NA,0,NA,21,8.52495,285.5,94.8864,2.225,0.22239,56,0,NA,NA,NA,NA,NA,NA,NA,NA,NA,NA,2025,2002-11-29,NA,NA,NA,NA
"Xavier Legette","CAR","WR","16639","robust",NA,NA,NA,NA,NA,NA,1.75,0.9884,6,8.1543,0,0,0.2,0,0,NA,0,NA,39.95,3.7065,434.5,49.6671,3,0,51,0,NA,NA,NA,NA,NA,NA,NA,NA,NA,NA,2024,2001-01-29,"Q","Neck",2026,0
"Jack Bech","LVR","WR","17078","robust",NA,NA,NA,NA,NA,NA,0,0,0.75,0.7413,0,0,0,0,0,NA,0,NA,34.25,6.6717,389,80.0604,1.5,1.4826,17,0,NA,NA,NA,NA,NA,NA,NA,NA,NA,NA,2025,2002-12-18,NA,NA,NA,NA
"Pat Bryant","DEN","WR","17082","robust",NA,NA,NA,NA,NA,NA,0,0,0.75,0.7413,0,0,0,0,0,NA,0,NA,32.65,3.85476,403.25,73.3887,2,0.51891,37,0,NA,NA,NA,NA,NA,NA,NA,NA,NA,NA,2025,2002-12-10,NA,NA,NA,NA
"Ted Hurst","TB","WR","17520","robust",NA,NA,NA,NA,NA,NA,1,NA,8,7.413,0,0,0.5,0.7413,0,NA,0,NA,24.25,10.3782,306.75,212.0118,1.75,1.4826,138,0,NA,NA,NA,NA,NA,NA,NA,NA,NA,NA,2026,2004-07-02,NA,NA,NA,NA
"Ryan Flournoy","DAL","WR","16778","robust",NA,NA,NA,NA,NA,NA,1,1.4826,11.75,16.3086,0,0,0,0,0,NA,0,NA,36.45,2.9652,424.5,48.9258,3.775,0.148259999999999,75,0,NA,NA,NA,NA,NA,NA,NA,NA,NA,NA,2024,1999-10-27,NA,NA,NA,NA
"Mack Hollins","NE","WR","13289","robust",NA,NA,NA,NA,NA,NA,0,0,2.5,3.7065,0,0,0,0,0,NA,0,NA,22.6,16.3086,287.5,214.977,1.05,0,13,0,NA,NA,NA,NA,NA,NA,NA,NA,NA,NA,2017,1993-09-16,NA,NA,NA,NA
"Andrei Iosivas","CIN","WR","16207","robust",NA,NA,NA,NA,NA,NA,1.875,0.37065,8.5,1.4826,0,0,0,0,0,NA,0,NA,32.5,4.4478,426.5,29.652,3,0,17,0,NA,NA,NA,NA,NA,NA,NA,NA,NA,NA,2023,1999-10-15,NA,NA,NA,NA
"Josh Palmer","BUF","WR","15319","robust",NA,NA,NA,NA,NA,NA,0,0,0,0,0,0,0,0,0,NA,0,NA,23.525,7.48713,298,92.6625,1,0,21,0,NA,NA,NA,NA,NA,NA,NA,NA,NA,NA,2021,1999-09-22,NA,NA,NA,NA
"Demarcus Robinson","SF","WR","12785","robust",NA,NA,NA,NA,NA,NA,1.2,0.29652,6,1.4826,0,0,0,0,NA,NA,NA,NA,26.2,8.59908,365.5,141.5883,1.95,1.55673,234,0,NA,NA,NA,NA,NA,NA,NA,NA,NA,NA,2016,1994-09-21,NA,NA,NA,NA
"Chimere Dike","TEN","WR","17171","robust",NA,NA,NA,NA,NA,NA,8.625,1.4826,20.5,20.7564,0,0,0.5,0,0,NA,0,NA,29,6.96822,280.5,50.4084,2.9,2.81694,1311,0,NA,NA,NA,NA,NA,NA,NA,NA,NA,NA,2025,2001-12-14,NA,NA,NA,NA
"Dontayvion Wicks","PHI","WR","16195","robust",NA,NA,NA,NA,NA,NA,0.5,0.37065,1.25,1.2355,0,0,0,0,0,NA,0,NA,27.25,2.9652,334.75,89.6973,2,0.7413,56,0,NA,NA,NA,NA,NA,NA,NA,NA,NA,NA,2023,2001-06-16,NA,NA,NA,NA
"Jahdae Walker","CHI","WR","17353","robust",NA,NA,NA,NA,NA,NA,0.5,0.7413,1.75,0,0,0,0,0,0,NA,0,NA,13.725,9.04386,175.25,97.8516,2.05,0.14826,465,0,NA,NA,NA,NA,NA,NA,NA,NA,NA,NA,2025,2002-07-05,NA,NA,NA,NA
"Cedric Tillman","CLE","WR","16191","robust",NA,NA,NA,NA,NA,NA,0,0,8.5,14.0847,0,0,0,0,NA,NA,NA,NA,25.3,11.41602,312.5,151.9665,2.45,2.29803,34,0,NA,NA,NA,NA,NA,NA,NA,NA,NA,NA,2023,2000-04-19,NA,NA,NA,NA
"Olamide Zaccheaus","ATL","WR","14592","robust",NA,NA,NA,NA,NA,NA,1.5,1.11195,10.75,6.4246,0,0,0,0,0,NA,0,NA,27.425,11.1195,278.75,169.0164,1.7,0.88956,124,0,NA,NA,NA,NA,NA,NA,NA,NA,NA,NA,2019,1997-07-23,NA,NA,NA,NA
"Xavier Hutchinson","HOU","WR","16201","robust",NA,NA,NA,NA,NA,NA,1.5,0.4942,13,6.6717,0,0,0,0,0,NA,0,NA,24.275,10.3782,288.75,117.1254,1.95,0.7413,184,0,NA,NA,NA,NA,NA,NA,NA,NA,NA,NA,2023,2000-06-01,NA,NA,NA,NA
"Treylon Burks","WAS","WR","15752","robust",NA,NA,NA,NA,NA,NA,0,0,1,1.4826,0,0,0.2,0,0,NA,0,NA,15.825,5.48562,215.5,57.8214,1.125,0.7413,98,0,NA,NA,NA,NA,NA,NA,NA,NA,NA,NA,2022,2000-03-23,NA,NA,NA,NA
"Dyami Brown","WAS","WR","15292","robust",NA,NA,NA,NA,NA,NA,0,0,6.5,9.6369,0,0,0,0,0,NA,0,NA,24.6,1.4826,309.5,22.239,1.75,1.4826,84,0,NA,NA,NA,NA,NA,NA,NA,NA,NA,NA,2021,1999-11-01,NA,NA,NA,NA
"Marvin Mims","DEN","WR","16189","robust",NA,NA,NA,NA,NA,NA,10.5777777777778,3.82181333333333,59.5,21.4977,0.4,0.59304,0,0,NA,NA,NA,NA,31.8,11.56428,326.5,80.8017,1.4,0.88956,430,0,NA,NA,NA,NA,NA,NA,NA,NA,NA,NA,2023,2002-03-19,NA,NA,NA,NA
"Luke McCaffrey","WAS","WR","16635","robust",NA,NA,NA,NA,NA,NA,0,0,1,1.4826,0,0,0.15,0.22239,0,NA,0,NA,20.5,2.9652,290.75,127.5036,2.2,1.33434,499,0,NA,NA,NA,NA,NA,NA,NA,NA,NA,NA,2024,2001-04-02,NA,NA,NA,NA
"Nick Westbrook-Ikhine","IND","WR","15109","robust",NA,NA,NA,NA,NA,NA,0,0,1,1.4826,0,0,0,0,0,NA,0,NA,19.95,7.413,242.25,142.3296,1.5,0,243,0,NA,NA,NA,NA,NA,NA,NA,NA,NA,NA,2020,1997-03-21,NA,NA,NA,NA
"KaVontae Turpin","DAL","WR","15981","robust",NA,NA,NA,NA,NA,NA,16.2465211891208,1.50323074003795,93.5,10.3782,0,0,0.4,0,0,NA,0,NA,20.9,2.52042,293.75,88.956,1.775,0,1251,0,NA,NA,NA,NA,NA,NA,NA,NA,NA,NA,2022,1996-08-02,NA,NA,NA,NA
"Jaylin Noel","HOU","WR","17080","robust",NA,NA,NA,NA,NA,NA,2,2.9652,9,10.3782,0,0,0,0,0,NA,0,NA,25.625,0,290.5,32.6172,1.875,1.4826,461,0,NA,NA,NA,NA,NA,NA,NA,NA,NA,NA,2025,2002-09-04,"O","Finger",2026,0
"Demario Douglas","NE","WR","16342","robust",NA,NA,NA,NA,NA,NA,2,2.9652,11.25,13.3434,0,0,0,0,0,NA,0,NA,21.45,2.07564,277.75,38.5476,1.75,0,76,0,NA,NA,NA,NA,NA,NA,NA,NA,NA,NA,2023,2000-12-08,NA,NA,NA,NA
"Kendrick Bourne","ARI","WR","13418","robust",NA,NA,NA,NA,NA,NA,0,0,1.5,2.2239,0.15,0.22239,0,0,0,NA,0,NA,23.05,0,288,5.9304,1,1.4826,185,0,NA,NA,NA,NA,NA,NA,NA,NA,NA,NA,2017,1995-08-04,NA,NA,NA,NA
"Kalif Raymond","CHI","WR","13066","robust",NA,NA,NA,NA,NA,NA,2.5,3.7065,14.75,16.3086,0,0,0,0,0,NA,0,NA,21.4,1.4826,238.75,65.2344,1.125,0.7413,125,0,NA,NA,NA,NA,NA,NA,NA,NA,NA,NA,2016,1994-08-08,NA,NA,NA,NA
"Elijah Sarratt","BAL","WR","17505","robust",NA,NA,NA,NA,NA,NA,NA,NA,0,0,0,0,0,0,NA,NA,NA,NA,10.55,14.01057,151,213.4944,1,1.4826,0,0,NA,NA,NA,NA,NA,NA,NA,NA,NA,NA,2026,2003-05-28,NA,NA,NA,NA
"Jaylin Lane","WAS","WR","17184","robust",NA,NA,NA,NA,NA,NA,NA,NA,0,0,0,0,0,0,NA,NA,NA,NA,15.1,11.71254,176.5,151.9665,1,1.4826,0,0,NA,NA,NA,NA,NA,NA,NA,NA,NA,NA,2025,2002-05-01,NA,NA,NA,NA
"Isaiah Bond","CLE","WR","17076","robust",NA,NA,NA,NA,NA,NA,2,2.9652,18,0,0,0,0,0,0,NA,0,NA,14.9,5.48562,219.75,56.3388,0.75,0,29,0,NA,NA,NA,NA,NA,NA,NA,NA,NA,NA,2025,2004-03-15,NA,NA,NA,NA
"Devontez Walker","BAL","WR","16621","robust",NA,NA,NA,NA,NA,NA,0,0,0,0,0,0,0,0,0,NA,0,NA,13.1,2.37216,197,11.8608,2.075,1.4826,0,0,NA,NA,NA,NA,NA,NA,NA,NA,NA,NA,2024,2001-06-19,NA,NA,NA,NA
"Savion Williams","GB","WR","17096","robust",NA,NA,NA,NA,NA,NA,4.5,6.6717,24.75,31.1346,0,0,0.2,0,0,NA,0,NA,16.45,2.07564,184.5,14.826,1.35,0.29652,396,0,NA,NA,NA,NA,NA,NA,NA,NA,NA,NA,2025,2001-11-22,NA,NA,NA,NA
"Roman Wilson","PIT","WR","16629","robust",NA,NA,NA,NA,NA,NA,0,0,0,0,0,0,0.1,0,NA,NA,NA,NA,9.9,14.67774,127,188.2902,0.65,0.96369,0,0,NA,NA,NA,NA,NA,NA,NA,NA,NA,NA,2024,2001-06-19,NA,NA,NA,NA
"Xavier Smith","LAR","WR","16428","robust",NA,NA,NA,NA,NA,NA,NA,NA,0,0,0,0,0,0,NA,NA,NA,NA,10.15,9.11799,144.5,149.0013,0,0,112,0,NA,NA,NA,NA,NA,NA,NA,NA,NA,NA,2023,1997-09-21,NA,NA,NA,NA
"Dont'e Thornton","LVR","WR","17087","robust",NA,NA,NA,NA,NA,NA,0,0,0,0,0,0,0,0,0,NA,0,NA,13.5,0,175.75,41.5128,0.75,0,0,0,NA,NA,NA,NA,NA,NA,NA,NA,NA,NA,2025,2002-11-30,NA,NA,NA,NA
"Tyrell Shavers","BUF","WR","16451","robust",NA,NA,NA,NA,NA,NA,NA,NA,0,0,0,0,0,0,NA,NA,NA,NA,7.7,5.48562,130.5,116.3841,0.7,1.03782,41,0,NA,NA,NA,NA,NA,NA,NA,NA,NA,NA,2023,1999-08-18,"O","Knee - ACL",2026,0
"Skyler Bell","BUF","WR","17508","robust",NA,NA,NA,NA,NA,NA,NA,NA,-0.9,0,0,0,0,0,NA,NA,NA,NA,11,5.9304,124,120.0906,0.5,0.7413,0,0,NA,NA,NA,NA,NA,NA,NA,NA,NA,NA,2026,2002-07-05,NA,NA,NA,NA
"Cyrus Allen","KC","WR","17518","robust",NA,NA,NA,NA,NA,NA,1.2,NA,8,2.9652,0,0,0,0,0,NA,0,NA,10.325,5.9304,120,100.8168,0.25,0,524,0,NA,NA,NA,NA,NA,NA,NA,NA,NA,NA,2026,2003-02-11,"Q","Lower Leg",2026,0
"Jordan Whittington","LAR","WR","16633","robust",NA,NA,NA,NA,NA,NA,1,1.4826,5.5,7.413,0,0,0,0,0,NA,0,NA,16.1,1.18608,183.75,2.9652,0.75,0,447,0,NA,NA,NA,NA,NA,NA,NA,NA,NA,NA,2024,2000-10-01,NA,NA,NA,NA
"Tez Johnson","TB","WR","17079","robust",NA,NA,NA,NA,NA,NA,2,2.9652,18,4.4478,0,0,0,0,0,NA,0,NA,12.575,6.37518,134.5,72.6474,1.425,0,57,0,NA,NA,NA,NA,NA,NA,NA,NA,NA,NA,2025,2002-05-18,"Q","Groin",2026,0
"Isaiah Williams","NYJ","WR","16630","robust",NA,NA,NA,NA,NA,NA,2.53846153846154,0.798323076923077,16.5,5.1891,0,0,0,0,NA,NA,NA,NA,12.75,12.97275,109,108.2298,0.3,0.44478,825,0,NA,NA,NA,NA,NA,NA,NA,NA,NA,NA,2024,2001-01-29,NA,NA,NA,NA
"Jalen Royals","KC","WR","17086","robust",NA,NA,NA,NA,NA,NA,0,0,2.5,3.7065,0,0,0,0,0,NA,0,NA,12.65,1.03782,116.5,41.5128,0.75,0,251,0,NA,NA,NA,NA,NA,NA,NA,NA,NA,NA,2025,2003-02-18,NA,NA,NA,NA
"Konata Mumpfield","LAR","WR","17254","robust",NA,NA,NA,NA,NA,NA,0,0,0.5,0.7413,0,0,0,0,0,NA,0,NA,10.5,4.4478,118.5,72.6474,0.75,0,184,0,NA,NA,NA,NA,NA,NA,NA,NA,NA,NA,2025,2002-10-24,NA,NA,NA,NA
"Kyle Williams","NE","WR","17134","robust",NA,NA,NA,NA,NA,NA,1.88181818181818,3.14041636363636,10.35,17.27229,0,0,0,0,NA,NA,NA,NA,7.1,1.63086,127.5,54.1149,1.7,1.03782,344,0,NA,NA,NA,NA,NA,NA,NA,NA,NA,NA,2025,2002-11-13,NA,NA,NA,NA
"Zavion Thomas","CHI","WR","17521","robust",NA,NA,NA,NA,NA,NA,NA,NA,1,0,0,0,0,0,NA,NA,NA,NA,10.1,2.81694,110.5,64.4931,0.5,0.7413,403,0,NA,NA,NA,NA,NA,NA,NA,NA,NA,NA,2026,2004-02-14,NA,NA,NA,NA
"Greg Dortch","DET","WR","14108","robust",NA,NA,NA,NA,NA,NA,2.5,3.7065,11,14.826,0.15,0,0,0,0,NA,0,NA,9.975,7.413,91.5,68.1996,0.3,0,294,0,NA,NA,NA,NA,NA,NA,NA,NA,NA,NA,2019,1998-05-29,NA,NA,NA,NA
"KeAndre Lambert-Smith","LAC","WR","17205","robust",NA,NA,NA,NA,NA,NA,0,0,0,0,0,0,0,0,0,NA,0,NA,9.025,2.9652,103.75,20.7564,0.8,0,505,0,NA,NA,NA,NA,NA,NA,NA,NA,NA,NA,2025,2001-10-16,NA,NA,NA,NA
"Ben Skowronek","PIT","WR","15491","robust",NA,NA,NA,NA,NA,NA,NA,NA,0,0,0,0,0,0,NA,NA,NA,NA,6.45,2.14977,86.5,52.6323,0,0,20,0,NA,NA,NA,NA,NA,NA,NA,NA,NA,NA,2021,1997-06-27,NA,NA,NA,NA
"Mitchell Tinsley","CIN","WR","16403","robust",NA,NA,NA,NA,NA,NA,0,0,0,0,0,0,0,0,0,NA,0,NA,6.825,1.4826,88.5,2.9652,0.8,0.29652,217,0,NA,NA,NA,NA,NA,NA,NA,NA,NA,NA,2023,1999-09-15,NA,NA,NA,NA
"Jimmy Horn","CAR","WR","17234","robust",NA,NA,NA,NA,NA,NA,5.43243243243243,0.841475675675676,33.5,5.1891,0,0,0,0,NA,NA,NA,NA,9.65,3.92889,88.5,17.0499,0,0,13,0,NA,NA,NA,NA,NA,NA,NA,NA,NA,NA,2025,2002-09-12,NA,NA,NA,NA
"Bo Melton","GB","WR","15785","robust",NA,NA,NA,NA,NA,NA,5.23076923076923,1.82473846153846,34,11.8608,0,0,0.5,0,NA,NA,NA,NA,6.45,5.11497,64.5,39.2889,0,0,79,0,NA,NA,NA,NA,NA,NA,NA,NA,NA,NA,2022,1999-05-18,NA,NA,NA,NA
"Tai Felton","MIN","WR","17097","robust",NA,NA,NA,NA,NA,NA,0,0,0,0,0,0,0,0,NA,NA,NA,NA,7.25,0.37065,73.5,21.4977,0,0,535,0,NA,NA,NA,NA,NA,NA,NA,NA,NA,NA,2025,2003-03-15,NA,NA,NA,NA
"Mason Tipton","NO","WR","16858","robust",NA,NA,NA,NA,NA,NA,0,0,4,5.9304,0,0,0,0,NA,NA,NA,NA,7.55,0.81543,75.5,15.5673,0,0,349,0,NA,NA,NA,NA,NA,NA,NA,NA,NA,NA,2024,2000-09-27,"O","Leg",2026,0
"Derius Davis","LAC","WR","16299","robust",NA,NA,NA,NA,NA,NA,0.690909090909091,1.94085818181818,3.8,10.67472,0,0,0,0,NA,NA,NA,NA,4.1,1.63086,45,10.3782,0.6,0.88956,487,0,NA,NA,NA,NA,NA,NA,NA,NA,NA,NA,2023,2000-09-11,NA,NA,NA,NA
"Devin Duvernay","ARI","WR","14847","robust",NA,NA,NA,NA,NA,NA,0,0,0,0,0,0,0,0,NA,NA,NA,NA,0.15,0.22239,0.5,0.7413,0,0,470,0,NA,NA,NA,NA,NA,NA,NA,NA,NA,NA,2020,1997-09-12,NA,NA,NA,NA
"Trey McBride","ARI","TE","15794","robust",NA,NA,NA,NA,NA,NA,0,0,0.5,0,0.25,0,0.1,0.14826,0,NA,0,NA,110,2.9652,1068.25,40.0302,7.15,0.59304,0,0,NA,NA,NA,NA,NA,NA,NA,NA,NA,NA,2022,1999-11-22,NA,NA,NA,NA
"Brock Bowers","LVR","TE","16641","robust",NA,NA,NA,NA,NA,NA,1.5,NA,10.3333333333333,0,0,0,0.1,0.14826,0,NA,0,NA,96.5,6.6717,1017.975,49.3705799999999,7.5,0.7413,0,0,NA,NA,NA,NA,NA,NA,NA,NA,NA,NA,2024,2002-12-13,NA,NA,NA,NA
"Colston Loveland","CHI","TE","17104","robust",NA,NA,NA,NA,NA,NA,0,0,-1,0,0,0,0.1,0.14826,0,NA,0,NA,75.275,4.29954000000001,882.65,72.6474,6.35,1.03782,0,0,NA,NA,NA,NA,NA,NA,NA,NA,NA,NA,2025,2004-04-09,NA,NA,NA,NA
"Harold Fannin","CLE","TE","17103","robust",NA,NA,NA,NA,NA,NA,4,NA,15.3333333333333,0,0.902962962962963,0,0.875,0.037065,0,NA,0,NA,77.525,6.96822,801.05,23.57334,5.5,0.7413,0,0,NA,NA,NA,NA,NA,NA,NA,NA,NA,NA,2025,2004-07-20,NA,NA,NA,NA
"Kyle Pitts","ATL","TE","15329","robust",NA,NA,NA,NA,NA,NA,0,0,0,0,0,0,0.05,0.07413,0,NA,0,NA,77.45,3.7065,856.75,35.5824,4.7,1.03782,0,0,NA,NA,NA,NA,NA,NA,NA,NA,NA,NA,2021,2000-10-06,NA,NA,NA,NA
"Tyler Warren","IND","TE","17102","robust",NA,NA,NA,NA,NA,NA,2.5,NA,10,0,0.388888888888889,0,0.15,0.22239,0,NA,0,NA,79.825,4.4478,845.4,52.48404,5.3,0.59304,0,0,NA,NA,NA,NA,NA,NA,NA,NA,NA,NA,2025,2002-05-24,NA,NA,NA,NA
"Sam LaPorta","DET","TE","16214","robust",NA,NA,NA,NA,NA,NA,0,0,0,0,0,0,0.1,0.14826,0,NA,0,NA,68.025,7.56125999999999,772.5,78.5778,5.5,0.7413,0,0,NA,NA,NA,NA,NA,NA,NA,NA,NA,NA,2023,2001-01-12,NA,NA,NA,NA
"Isaiah Likely","NYG","TE","15798","robust",NA,NA,NA,NA,NA,NA,0,0,0,0,0,0,1.45,0,0,NA,0,NA,62.9,8.8956,748,65.2344,5,0,0,0,NA,NA,NA,NA,NA,NA,NA,NA,NA,NA,2022,2000-04-18,NA,NA,NA,NA
"Juwan Johnson","NO","TE","14861","robust",NA,NA,NA,NA,NA,NA,0,0,0,0,0,0,1.65,0,0,NA,0,NA,67,3.26172,752.5,134.9166,3.5,1.03782,0,0,NA,NA,NA,NA,NA,NA,NA,NA,NA,NA,2020,1996-09-13,NA,NA,NA,NA
"George Kittle","SF","TE","13299","robust",NA,NA,NA,NA,NA,NA,0,0,-0.65,0,0,0,0.4,0,0,NA,0,NA,61.5,11.26776,722,115.6428,5.5,1.4826,0,0,NA,NA,NA,NA,NA,NA,NA,NA,NA,NA,2017,1993-10-09,"O","Achilles",2026,0
"Tucker Kraft","GB","TE","16222","robust",NA,NA,NA,NA,NA,NA,1,0,6.66666666666667,0,0,0,0.1,0.14826,0,NA,0,NA,58.8,4.74432,770.7,12.3055799999999,6.075,1.63086,0,0,NA,NA,NA,NA,NA,NA,NA,NA,NA,NA,2023,2000-11-03,"Q","Knee - ACL",2026,0
"Travis Kelce","KC","TE","11244","robust",NA,NA,NA,NA,NA,NA,0,0,0.5,0,0,0,0.275,0.07413,0,NA,0,NA,74.1,1.33434000000001,781.125,21.4977,4.5,1.18608,0,0,NA,NA,NA,NA,NA,NA,NA,NA,NA,NA,2013,1989-10-05,NA,NA,NA,NA
"Brenton Strange","JAC","TE","16269","robust",NA,NA,NA,NA,NA,NA,0,0,0,0,0,0,0.1,0,0,NA,0,NA,59.7,4.4478,625,40.0302,4.15,1.03782,0,0,NA,NA,NA,NA,NA,NA,NA,NA,NA,NA,2023,2000-12-27,NA,NA,NA,NA
"Dalton Kincaid","BUF","TE","16213","robust",NA,NA,NA,NA,NA,NA,0,0,0,0,0,0,0,0,0,NA,0,NA,56.55,5.9304,673,41.5128,5.5,1.63086,0,0,NA,NA,NA,NA,NA,NA,NA,NA,NA,NA,2023,1999-10-18,NA,NA,NA,NA
"Dallas Goedert","PHI","TE","13674","robust",NA,NA,NA,NA,NA,NA,0,0,3.5,0,0.45,0,0.1,0.14826,0,NA,0,NA,61.65,6.6717,649.3,54.5596799999999,7.45,2.37216,0,0,NA,NA,NA,NA,NA,NA,NA,NA,NA,NA,2018,1995-01-03,NA,NA,NA,NA
"Mark Andrews","BAL","TE","13671","robust",NA,NA,NA,NA,NA,NA,5,0,24,16.3086,0.566666666666667,0.19768,0.25,0,0,NA,0,NA,58,1.4826,618,75.6126,7.15,0.44478,0,0,NA,NA,NA,NA,NA,NA,NA,NA,NA,NA,2018,1995-09-06,NA,NA,NA,NA
"Hunter Henry","NE","TE","12676","robust",NA,NA,NA,NA,NA,NA,0,0,0,0,0,0,0,0,0,NA,0,NA,58.3,4.4478,669.5,17.7912,5.3,0.59304,0,0,NA,NA,NA,NA,NA,NA,NA,NA,NA,NA,2016,1994-12-07,NA,NA,NA,NA
"Cade Otton","TB","TE","15802","robust",NA,NA,NA,NA,NA,NA,0,0,0,0,0,0,0,0,0,NA,0,NA,56.5,10.97124,563.5,63.7518,3.35,1.4826,0,0,NA,NA,NA,NA,NA,NA,NA,NA,NA,NA,2022,1999-04-15,NA,NA,NA,NA
"T.J. Hockenson","MIN","TE","14138","robust",NA,NA,NA,NA,NA,NA,0,0,0,0,0,0,0,0,0,NA,0,NA,65.5,9.6369,608,96.369,3.5,0.44478,0,0,NA,NA,NA,NA,NA,NA,NA,NA,NA,NA,2019,1997-07-03,NA,NA,NA,NA
"Kenyon Sadiq","NYJ","TE","17543","robust",NA,NA,NA,NA,NA,NA,0,0,0,0,0,0,0.5,0,0,NA,0,NA,56.55,8.8956,574,170.499,4,2.9652,0,0,NA,NA,NA,NA,NA,NA,NA,NA,NA,NA,2026,2005-03-04,"Q","Abdomen",2026,0
"Oronde Gadsden","LAC","TE","17099","robust",NA,NA,NA,NA,NA,NA,0,0,0.5,0,0,0,0.95,0,0,NA,0,NA,45.5,1.4826,589,120.0906,3.45,0.14826,0,0,NA,NA,NA,NA,NA,NA,NA,NA,NA,NA,2025,2003-06-25,NA,NA,NA,NA
"David Njoku","LAC","TE","13192","robust",NA,NA,NA,NA,NA,NA,0,0,0,0,0,0,0,0,0,NA,0,NA,42,13.3434,405,157.1556,4.5,2.07564,0,0,NA,NA,NA,NA,NA,NA,NA,NA,NA,NA,2017,1996-07-10,NA,NA,NA,NA
"Dalton Schultz","HOU","TE","13772","robust",NA,NA,NA,NA,NA,NA,0,0,0,0,0,0,0,0,0,NA,0,NA,65,6.52344000000001,634,60.7866,3.5,0.7413,0,0,NA,NA,NA,NA,NA,NA,NA,NA,NA,NA,2018,1996-07-11,NA,NA,NA,NA
"Chigoziem Okonkwo","WAS","TE","15889","robust",NA,NA,NA,NA,NA,NA,0,0,0,0,0,0,0,0,0,NA,0,NA,55.95,5.9304,596,66.717,3.45,1.33434,0,0,NA,NA,NA,NA,NA,NA,NA,NA,NA,NA,2022,1999-09-08,NA,NA,NA,NA
"Greg Dulcich","MIA","TE","15797","robust",NA,NA,NA,NA,NA,NA,0,0,-4.85,0,0,0,1.85,0,0,NA,0,NA,52,2.9652,581,37.065,3.25,0.7413,0,0,NA,NA,NA,NA,NA,NA,NA,NA,NA,NA,2022,2000-03-26,"Q","Undisclosed",2026,0
"Jake Ferguson","DAL","TE","15799","robust",NA,NA,NA,NA,NA,NA,0,0,0.5,0,0,0,2.15,0,0,NA,0,NA,74.5,2.9652,613,29.652,5.65,1.4826,0,0,NA,NA,NA,NA,NA,NA,NA,NA,NA,NA,2022,1999-01-18,NA,NA,NA,NA
"Pat Freiermuth","PIT","TE","15331","robust",NA,NA,NA,NA,NA,NA,0,0,2,0,0.1,0,0.25,0,0,NA,0,NA,53,7.413,566,45.9606,4.55,1.33434,0,0,NA,NA,NA,NA,NA,NA,NA,NA,NA,NA,2021,1998-10-25,NA,NA,NA,NA
"Colby Parkinson","LAR","TE","14871","robust",NA,NA,NA,NA,NA,NA,0,0,0,0,0,0,0.5,0,0,NA,0,NA,34.75,14.826,384.5,121.5732,4.5,1.4826,0,0,NA,NA,NA,NA,NA,NA,NA,NA,NA,NA,2020,1999-01-07,NA,NA,NA,NA
"Terrance Ferguson","LAR","TE","17107","robust",NA,NA,NA,NA,NA,NA,0,0,0,0,0,0,0,0,0,NA,0,NA,29,11.8608,425,105.2646,4,1.4826,0,0,NA,NA,NA,NA,NA,NA,NA,NA,NA,NA,2025,2003-03-07,NA,NA,NA,NA
"Mike Gesicki","CIN","TE","13672","robust",NA,NA,NA,NA,NA,NA,0,0,0,0,0,0,0.35,0,0,NA,0,NA,46,2.2239,486.5,29.652,3.5,0.88956,0,0,NA,NA,NA,NA,NA,NA,NA,NA,NA,NA,2018,1995-10-03,NA,NA,NA,NA
"Gunnar Helm","TEN","TE","17105","robust",NA,NA,NA,NA,NA,NA,0,0,0.5,0,0,0,0,0,0,NA,0,NA,49,2.52042,459,59.304,3.15,0,0,0,NA,NA,NA,NA,NA,NA,NA,NA,NA,NA,2025,2002-09-06,NA,NA,NA,NA
"Theo Johnson","NYG","TE","16649","robust",NA,NA,NA,NA,NA,NA,0,0,0,0,0,0,0,0,0,NA,0,NA,28.5,2.9652,334.5,14.826,2.6,0,0,0,NA,NA,NA,NA,NA,NA,NA,NA,NA,NA,2024,2001-02-26,NA,NA,NA,NA
"Eli Stowers","PHI","TE","17544","robust",NA,NA,NA,NA,NA,NA,2.5,1.85325,5,4.942,0,0,0.5,0.37065,0,NA,0,NA,24.75,14.826,262.25,182.3598,1.75,1.4826,0,0,NA,NA,NA,NA,NA,NA,NA,NA,NA,NA,2026,2003-04-15,NA,NA,NA,NA
"AJ Barner","SEA","TE","16723","robust",NA,NA,NA,NA,NA,NA,4.5,NA,12.6666666666667,2.471,0.234567901234568,0.34777037037037,0,0,0,NA,0,NA,46.5,2.9652,452.5,50.4084,4.9,0,0,0,NA,NA,NA,NA,NA,NA,NA,NA,NA,NA,2024,2002-05-03,NA,NA,NA,NA
"Tyler Higbee","LAR","TE","12678","robust",NA,NA,NA,NA,NA,NA,0,0,0,0,0,0,0,0,0,NA,0,NA,27.5,11.8608,322.5,90.4386,2.35,1.4826,0,0,NA,NA,NA,NA,NA,NA,NA,NA,NA,NA,2016,1993-01-01,NA,NA,NA,NA
"Evan Engram","DEN","TE","13189","robust",NA,NA,NA,NA,NA,NA,0,0,2.5,0,0,0,0,0,0,NA,0,NA,51.5,5.63388,466,5.9304,2.05,1.33434,0,0,NA,NA,NA,NA,NA,NA,NA,NA,NA,NA,2017,1994-09-02,NA,NA,NA,NA
"Mason Taylor","NYJ","TE","17106","robust",NA,NA,NA,NA,NA,NA,0,0,0,0,0,0,0,0,0,NA,0,NA,43.9,9.04386,407,78.5778,2,1.03782,0,0,NA,NA,NA,NA,NA,NA,NA,NA,NA,NA,2025,2004-05-08,NA,NA,NA,NA
"Dawson Knox","BUF","TE","14143","robust",NA,NA,NA,NA,NA,NA,0,0,0,0,0,0,0,0,0,NA,0,NA,30.5,4.4478,361,93.4038,3,0,0,0,NA,NA,NA,NA,NA,NA,NA,NA,NA,NA,2019,1996-11-14,NA,NA,NA,NA
"Jake Tonges","SF","TE","16036","robust",NA,NA,NA,NA,NA,NA,0,0,0,0,0,0,0.9,0,0,NA,0,NA,27,19.2738,265,192.738,2.5,1.4826,0,0,NA,NA,NA,NA,NA,NA,NA,NA,NA,NA,2022,1999-07-08,NA,NA,NA,NA
"Noah Fant","NO","TE","14137","robust",NA,NA,NA,NA,NA,NA,0,0,22,0,0,0,2.4,0,0,NA,0,NA,29.2,7.413,282.5,111.195,1.5,0,0,0,NA,NA,NA,NA,NA,NA,NA,NA,NA,NA,2019,1997-11-20,NA,NA,NA,NA
"Michael Mayer","LVR","TE","16212","robust",NA,NA,NA,NA,NA,NA,0,0,0,0,0,0,0,0,0,NA,0,NA,38.55,4.4478,349,48.9258,1.75,1.4826,0,0,NA,NA,NA,NA,NA,NA,NA,NA,NA,NA,2023,2001-07-06,"Q","Nose",2026,0
"Zach Ertz","FA","TE","11247","robust",NA,NA,NA,NA,NA,NA,0,0,0,0,0,0,0,0,NA,NA,NA,NA,23.5,21.4977,246.5,220.1661,1.5,0.7413,NA,NA,NA,NA,NA,NA,NA,NA,NA,NA,NA,NA,2013,1990-11-10,NA,NA,NA,NA
"Elijah Arroyo","SEA","TE","17108","robust",NA,NA,NA,NA,NA,NA,0,0,0,0,0,0,0.6,0,0,NA,0,NA,23.7,6.81996,252,80.8017,2,0.7413,0,0,NA,NA,NA,NA,NA,NA,NA,NA,NA,NA,2025,2003-04-05,NA,NA,NA,NA
"Darnell Washington","PIT","TE","16216","robust",NA,NA,NA,NA,NA,NA,0,0,2.5,0,0,0,0.75,0,0,NA,0,NA,30.5,5.9304,318,72.6474,2,0,0,0,NA,NA,NA,NA,NA,NA,NA,NA,NA,NA,2023,2001-08-17,NA,NA,NA,NA
"Cole Kmet","CHI","TE","14867","robust",NA,NA,NA,NA,NA,NA,0,0,0.5,0,0,0,0,0,0,NA,0,NA,28,6.52344,296.5,72.6474,2.5,0,0,0,NA,NA,NA,NA,NA,NA,NA,NA,NA,NA,2020,1999-03-10,NA,NA,NA,NA
"Tommy Tremble","CAR","TE","15332","robust",NA,NA,NA,NA,NA,NA,0,0,0,0,0,0,0,0,0,NA,0,NA,27,4.4478,255,26.6868,2,0,0,0,NA,NA,NA,NA,NA,NA,NA,NA,NA,NA,2021,2000-06-02,NA,NA,NA,NA
"Max Klare","LAR","TE","17547","robust",NA,NA,NA,NA,NA,NA,0,0,0,0,0,0,0,0,0,NA,0,NA,9.375,5.1891,105.25,65.9757,0.75,0.7413,0,0,NA,NA,NA,NA,NA,NA,NA,NA,NA,NA,2026,2003-07-08,NA,NA,NA,NA
"Marlin Klein","HOU","TE","17593","robust",NA,NA,NA,NA,NA,NA,0,0,0,0,0,0,1,0,NA,NA,NA,NA,28,10.3782,297.5,79.3191,2,0,NA,NA,NA,NA,NA,NA,NA,NA,NA,NA,NA,NA,2026,2002-09-17,NA,NA,NA,NA
"Ja'Tavion Sanders","CAR","TE","16643","robust",NA,NA,NA,NA,NA,NA,0,0,0.5,0,0,0,0,0,0,NA,0,NA,30.4,5.9304,261,78.5778,2,0,0,0,NA,NA,NA,NA,NA,NA,NA,NA,NA,NA,2024,2003-03-27,"Q","Ankle",2026,0
"Charlie Kolar","LAC","TE","15795","robust",NA,NA,NA,NA,NA,NA,0,0,0,0,0,0,0,0,0,NA,0,NA,18,7.413,209,90.4386,1.5,0.7413,0,0,NA,NA,NA,NA,NA,NA,NA,NA,NA,NA,2022,1999-02-10,NA,NA,NA,NA
"Daniel Bellinger","TEN","TE","15873","robust",NA,NA,NA,NA,NA,NA,0,0,0,0,0,0,0,0,0,NA,0,NA,25.35,2.07564,272.5,42.9954,2.125,0.7413,0,0,NA,NA,NA,NA,NA,NA,NA,NA,NA,NA,2022,2000-09-22,NA,NA,NA,NA
"Will Kacmarek","MIA","TE","17605","robust",NA,NA,NA,NA,NA,NA,0,NA,3,0,0,0,0.9,0.14826,0,NA,0,NA,21.55,4.15128,208.25,29.652,1.25,1.4826,0,0,NA,NA,NA,NA,NA,NA,NA,NA,NA,NA,2026,2003-02-12,NA,NA,NA,NA
"Nate Boerkircher","JAC","TE","17591","robust",NA,NA,NA,NA,NA,NA,0,0,0,0,0,0,0.75,0.37065,0,NA,0,NA,21.075,8.8956,227.75,103.782,2.075,1.03782,0,0,NA,NA,NA,NA,NA,NA,NA,NA,NA,NA,2026,2001-09-04,NA,NA,NA,NA
"Ben Sims","MIA","TE","16483","robust",NA,NA,NA,NA,NA,NA,NA,NA,0,0,0,0,0,0,NA,NA,NA,NA,16.7,22.68378,160,213.4944,1,1.4826,0,0,NA,NA,NA,NA,NA,NA,NA,NA,NA,NA,2023,2000-05-16,NA,NA,NA,NA
"Erick All","CIN","TE","16645","robust",NA,NA,NA,NA,NA,NA,0,0,1,0.7413,0,0,0,0,0,NA,0,NA,16.225,5.1891,147.75,37.8063,1,0.7413,0,0,NA,NA,NA,NA,NA,NA,NA,NA,NA,NA,2024,2000-09-13,NA,NA,NA,NA
"Noah Gray","KC","TE","15337","robust",NA,NA,NA,NA,NA,NA,0,0,-1.1,0,0,0,0,0,0,NA,0,NA,25.5,5.9304,262,45.9606,1.5,0,0,0,NA,NA,NA,NA,NA,NA,NA,NA,NA,NA,2021,1999-04-30,NA,NA,NA,NA
"Austin Hooper","ATL","TE","12677","robust",NA,NA,NA,NA,NA,NA,0,0,0.5,0,0,0,0,0,0,NA,0,NA,22.2,2.9652,235.5,31.1346,1.5,0,0,0,NA,NA,NA,NA,NA,NA,NA,NA,NA,NA,2016,1994-10-29,NA,NA,NA,NA
"Brock Wright","DET","TE","15626","robust",NA,NA,NA,NA,NA,NA,0,0,0,0,0,0,0,0,0,NA,0,NA,21.225,1.63086,182.5,50.4084,2.8,0.88956,0,0,NA,NA,NA,NA,NA,NA,NA,NA,NA,NA,2021,1998-11-27,NA,NA,NA,NA
"Adam Trautman","DEN","TE","14870","robust",NA,NA,NA,NA,NA,NA,0,0,0.05,0.07413,0,0,0,0,0,NA,0,NA,23,1.4826,232.75,23.7216,1.775,0,0,0,NA,NA,NA,NA,NA,NA,NA,NA,NA,NA,2020,1997-02-05,NA,NA,NA,NA
"Luke Musgrave","GB","TE","16215","robust",NA,NA,NA,NA,NA,NA,0,0,0,0,0,0,0,0,0,NA,0,NA,23,4.4478,234,33.3585,1,0.7413,0,0,NA,NA,NA,NA,NA,NA,NA,NA,NA,NA,2023,2000-09-02,"O","Neck",2026,0
"Matthew Hibner","BAL","TE","17627","robust",NA,NA,NA,NA,NA,NA,0,0,0,0,0,0,0,0,0,NA,0,NA,16.025,7.413,187.5,94.8864,1.5,0,0,0,NA,NA,NA,NA,NA,NA,NA,NA,NA,NA,2026,2002-03-09,NA,NA,NA,NA
"Josh Oliver","MIN","TE","14209","robust",NA,NA,NA,NA,NA,NA,0,0,0,0,0,0,0,0,0,NA,0,NA,19.5,3.26172,202,34.0998,2.5,0.7413,0,0,NA,NA,NA,NA,NA,NA,NA,NA,NA,NA,2019,1997-03-21,NA,NA,NA,NA
"Eli Raridon","NE","TE","17607","robust",NA,NA,NA,NA,NA,NA,0,0,0,0,0,0,0.5,0.37065,0,NA,0,NA,21.25,1.85325,237.25,4.4478,1.425,0.7413,0,0,NA,NA,NA,NA,NA,NA,NA,NA,NA,NA,2026,2004-02-12,NA,NA,NA,NA
"Davis Allen","LAR","TE","16219","robust",NA,NA,NA,NA,NA,NA,0,0,0,0,0,0,0,0,NA,NA,NA,NA,23.5,3.7065,211,44.478,2,1.4826,NA,NA,NA,NA,NA,NA,NA,NA,NA,NA,NA,NA,2023,2001-02-03,"Q","Quadriceps",2026,0
"Elijah Higgins","ARI","TE","16333","robust",NA,NA,NA,NA,NA,NA,0,0,0,0,0,0,0.85,0.111195,0,NA,0,NA,23.25,0.7413,208,20.7564,1,0,0,0,NA,NA,NA,NA,NA,NA,NA,NA,NA,NA,2023,2000-10-27,NA,NA,NA,NA
"Grant Calcaterra","PHI","TE","15804","robust",NA,NA,NA,NA,NA,NA,0,0,0,0,0,0,0,0,0,NA,0,NA,18.825,2.9652,194.25,10.3782,1.075,1.03782,0,0,NA,NA,NA,NA,NA,NA,NA,NA,NA,NA,2022,1998-12-04,NA,NA,NA,NA
"Charlie Woerner","ATL","TE","14984","robust",NA,NA,NA,NA,NA,NA,NA,NA,0,0,0,0,0,0,NA,NA,NA,NA,17.65,10.89711,142,118.608,0.5,0.7413,0,0,NA,NA,NA,NA,NA,NA,NA,NA,NA,NA,2020,1997-10-16,NA,NA,NA,NA
"John Bates","WAS","TE","15344","robust",NA,NA,NA,NA,NA,NA,0,0,0,0,0,0,0.75,0.185325,0,NA,0,NA,14.75,1.11195,135.5,2.9652,1,0.66717,0,0,NA,NA,NA,NA,NA,NA,NA,NA,NA,NA,2021,1997-11-06,"Q","Hamstring",2026,0
"Foster Moreau","HOU","TE","14239","robust",NA,NA,NA,NA,NA,NA,0,0,1,1.4826,0,0,0,0,0,NA,0,NA,15.6,1.92738,152.25,1.4826,1.5,0,0,0,NA,NA,NA,NA,NA,NA,NA,NA,NA,NA,2019,1997-05-06,NA,NA,NA,NA
"Drew Sample","CIN","TE","14146","robust",NA,NA,NA,NA,NA,NA,0,0,0.5,0.37065,0,0,0.1,0.07413,0,NA,0,NA,17.75,3.7065,142.25,34.0998,1,0,0,0,NA,NA,NA,NA,NA,NA,NA,NA,NA,NA,2019,1996-04-16,NA,NA,NA,NA
"Mitchell Evans","CAR","TE","17109","robust",NA,NA,NA,NA,NA,NA,0,0,0,0,0,0,0,0,0,NA,0,NA,15.9,0.889559999999999,152.25,15.5673,2,0.0741300000000001,0,0,NA,NA,NA,NA,NA,NA,NA,NA,NA,NA,2025,2003-05-18,NA,NA,NA,NA
"Jeremy Ruckert","NYJ","TE","15796","robust",NA,NA,NA,NA,NA,NA,0,0,0,0,0,0,0,0,0,NA,0,NA,22.375,0.7413,167.75,7.413,1.125,0.7413,0,0,NA,NA,NA,NA,NA,NA,NA,NA,NA,NA,2022,2000-08-11,NA,NA,NA,NA
"Tanner Hudson","CIN","TE","14370","robust",NA,NA,NA,NA,NA,NA,0,0,0,0,0,0,0,0,0,NA,0,NA,17.8,6.22692,161.75,35.5824,0.825,0,0,0,NA,NA,NA,NA,NA,NA,NA,NA,NA,NA,2018,1994-11-12,NA,NA,NA,NA
"Ben Sinnott","WAS","TE","16644","robust",NA,NA,NA,NA,NA,NA,0,0,0,0,0,0,0,0,0,NA,0,NA,13.95,0.59304,157,40.0302,1.35,0.29652,0,0,NA,NA,NA,NA,NA,NA,NA,NA,NA,NA,2024,2002-06-14,NA,NA,NA,NA
"Luke Schoonmaker","DAL","TE","16221","robust",NA,NA,NA,NA,NA,NA,0,0,0,0,0,0,0,0,0,NA,0,NA,17.475,1.33434,157.5,25.2042,0.8,0,0,0,NA,NA,NA,NA,NA,NA,NA,NA,NA,NA,2023,1998-09-28,NA,NA,NA,NA
"Seydou Traore","MIA","TE","17655","robust",NA,NA,NA,NA,NA,NA,0,0,0,0,0,0,0,0,NA,NA,NA,NA,9.8,6.22692,108.5,101.5581,0.5,0.7413,0,0,NA,NA,NA,NA,NA,NA,NA,NA,NA,NA,2026,2002-08-12,NA,NA,NA,NA
"Oscar Delp","NO","TE","17567","robust",NA,NA,NA,NA,NA,NA,0,0,2,2.9652,0,0,0.6,0,NA,NA,NA,NA,10.65,9.41451,105.5,101.5581,0.5,0.7413,0,0,NA,NA,NA,NA,NA,NA,NA,NA,NA,NA,2026,2003-08-04,NA,NA,NA,NA
"Jackson Hawes","BUF","TE","17213","robust",NA,NA,NA,NA,NA,NA,0,0,0,0,0,0,0,0,0,NA,0,NA,13.2,3.85476,151.5,22.239,2,0,0,0,NA,NA,NA,NA,NA,NA,NA,NA,NA,NA,2025,2000-12-06,NA,NA,NA,NA
"Mo Alie-Cox","IND","TE","13246","robust",NA,NA,NA,NA,NA,NA,0,0,0,0,0,0,0,0,NA,NA,NA,NA,14.45,0.66717,153,26.6868,1.05,0.0741300000000001,0,0,NA,NA,NA,NA,NA,NA,NA,NA,NA,NA,2016,1993-09-19,NA,NA,NA,NA
"Cade Stover","HOU","TE","16642","robust",NA,NA,NA,NA,NA,NA,2,1.4826,10,7.413,0,0,0,0,0,NA,0,NA,17.475,2.89107,131,17.7912,1,0,0,0,NA,NA,NA,NA,NA,NA,NA,NA,NA,NA,2024,2000-06-12,NA,NA,NA,NA
"Kylen Granson","TEN","TE","15419","robust",NA,NA,NA,NA,NA,NA,0,0,0,0,0,0,0,0,NA,NA,NA,NA,12.05,4.37367,114,69.6822,0,0,0,0,NA,NA,NA,NA,NA,NA,NA,NA,NA,NA,2021,1998-03-27,NA,NA,NA,NA
"Donald Parham","PIT","TE","14341","robust",NA,NA,NA,NA,NA,NA,0,0,18,26.6868,0.35,0.51891,0,0,0,NA,0,NA,10.875,0.7413,104.75,37.065,0.75,0,0,0,NA,NA,NA,NA,NA,NA,NA,NA,NA,NA,2019,NA,NA,NA,NA,NA
"Stone Smartt","PHI","TE","16113","robust",NA,NA,NA,NA,NA,NA,0,0,0,0,0,0,0,0,NA,NA,NA,NA,14,0,154.5,6.6717,0,0,0,0,NA,NA,NA,NA,NA,NA,NA,NA,NA,NA,2022,1998-10-04,NA,NA,NA,NA
"Sam Roush","CHI","TE","17549","robust",NA,NA,NA,NA,NA,NA,0,0,1,1.4826,0,0,0,0,NA,NA,NA,NA,9.2,8.59908,90.5,94.1451,0.5,0.7413,0,0,NA,NA,NA,NA,NA,NA,NA,NA,NA,NA,2026,2003-09-06,NA,NA,NA,NA
"Durham Smythe","BAL","TE","13676","robust",NA,NA,NA,NA,NA,NA,0,0,0,0,0,0,0,0,NA,NA,NA,NA,12.55,3.78063,122,44.478,0.5,0.7413,0,0,NA,NA,NA,NA,NA,NA,NA,NA,NA,NA,2018,1995-08-09,NA,NA,NA,NA
"Justin Joly","DEN","TE","17548","robust",NA,NA,NA,NA,NA,NA,0,0,0,0,0,0,0,0,NA,NA,NA,NA,10,7.413,84,96.369,0.5,0.7413,0,0,NA,NA,NA,NA,NA,NA,NA,NA,NA,NA,2026,2004-07-09,NA,NA,NA,NA
"Brevyn Spann-Ford","DAL","TE","16647","robust",NA,NA,NA,NA,NA,NA,0,0,0,0,0,0,0,0,NA,NA,NA,NA,11.3,0.44478,123.5,21.4977,1.1,0.14826,0,0,NA,NA,NA,NA,NA,NA,NA,NA,NA,NA,2024,1999-12-27,NA,NA,NA,NA
"Jack Endries","CIN","TE","17545","robust",NA,NA,NA,NA,NA,NA,0,0,0,0,0,0,0,0,NA,NA,NA,NA,12.5,0.7413,128,7.413,1,0,NA,NA,NA,NA,NA,NA,NA,NA,NA,NA,NA,NA,2026,2004-03-26,NA,NA,NA,NA
"Jack Stoll","CLE","TE","15541","robust",NA,NA,NA,NA,NA,NA,NA,NA,0,0,0,0,0,0,NA,NA,NA,NA,14.15,4.67019,109.5,27.4281,1.3,0.44478,0,0,NA,NA,NA,NA,NA,NA,NA,NA,NA,NA,2021,1998-01-28,NA,NA,NA,NA
"Bauer Sharp","TB","TE","17660","robust",NA,NA,NA,NA,NA,NA,0,0,0,0,0,0,0,0,NA,NA,NA,NA,11,0,120,10.3782,1,0,NA,NA,NA,NA,NA,NA,NA,NA,NA,NA,NA,NA,2026,2003-05-03,NA,NA,NA,NA
"Will Mallory","IND","TE","16220","robust",NA,NA,NA,NA,NA,NA,NA,NA,0,0,0,0,0,0,NA,NA,NA,NA,6.6,6.52344,70.5,82.2843,0.5,0.7413,0,0,NA,NA,NA,NA,NA,NA,NA,NA,NA,NA,2023,1999-06-22,NA,NA,NA,NA
"Jelani Woods","NYJ","TE","15840","robust",NA,NA,NA,NA,NA,NA,0,0,0,0,0,0,0,0,NA,NA,NA,NA,5.05,7.33887,61.5,89.6973,0.5,0.7413,0,0,NA,NA,NA,NA,NA,NA,NA,NA,NA,NA,2022,1998-10-09,NA,NA,NA,NA
"Devin Culp","TB","TE","16796","robust",NA,NA,NA,NA,NA,NA,NA,NA,0,0,0,0,0,0,NA,NA,NA,NA,6.35,6.89409,73.5,65.9757,1,1.4826,0,0,NA,NA,NA,NA,NA,NA,NA,NA,NA,NA,2024,2000-02-02,NA,NA,NA,NA
"Tyler Conklin","DET","TE","13675","robust",NA,NA,NA,NA,NA,NA,0,0,0.5,0.7413,0,0,0,0,NA,NA,NA,NA,10.1,2.81694,107.5,15.5673,0.75,0.37065,0,0,NA,NA,NA,NA,NA,NA,NA,NA,NA,NA,2018,1995-07-30,NA,NA,NA,NA
"James Mitchell","CAR","TE","15909","robust",NA,NA,NA,NA,NA,NA,0,0,0,0,0,0,0,0,NA,NA,NA,NA,9.9,1.63086,102,19.2738,0.65,0.51891,0,0,NA,NA,NA,NA,NA,NA,NA,NA,NA,NA,2022,1999-08-11,NA,NA,NA,NA
"Nate Adkins","DEN","TE","16474","robust",NA,NA,NA,NA,NA,NA,0,0,0,0,0,0,0,0,0,NA,0,NA,12.8,3.85476,95,17.7912,1.325,1.03782,0,0,NA,NA,NA,NA,NA,NA,NA,NA,NA,NA,2023,1999-07-09,NA,NA,NA,NA
"Travis Vokolek","ARI","TE","16447","robust",NA,NA,NA,NA,NA,NA,NA,NA,0,0,0,0,0,0,NA,NA,NA,NA,8.35,5.41149,68.5,60.0453,0.5,0.7413,0,0,NA,NA,NA,NA,NA,NA,NA,NA,NA,NA,2023,1998-06-04,NA,NA,NA,NA
"Luke Farrell","SF","TE","15335","robust",NA,NA,NA,NA,NA,NA,0,0,0,0,0,0,0.8,0,NA,NA,NA,NA,12.05,3.03933,96,14.826,1.6,0.88956,0,0,NA,NA,NA,NA,NA,NA,NA,NA,NA,NA,2021,1997-10-14,NA,NA,NA,NA
"Connor Heyward","LVR","TE","15800","robust",NA,NA,NA,NA,NA,NA,12,NA,36,0,1,0,0,0,NA,NA,NA,NA,12.5,2.2239,99,5.9304,1.5,0.7413,NA,NA,NA,NA,NA,NA,NA,NA,NA,NA,NA,NA,2022,1999-01-22,NA,NA,NA,NA
"Cam Grandy","CIN","TE","16979","robust",NA,NA,NA,NA,NA,NA,NA,NA,3,0,0,0,0,0,NA,NA,NA,NA,12.7,0.44478,95,7.413,0.5,0.7413,0,0,NA,NA,NA,NA,NA,NA,NA,NA,NA,NA,2024,1999-11-19,NA,NA,NA,NA
"Josh Whyle","GB","TE","16312","robust",NA,NA,NA,NA,NA,NA,0,0,0,0,0,0,0,0,NA,NA,NA,NA,10.3,1.03782,88.5,15.5673,1.4,0.59304,0,0,NA,NA,NA,NA,NA,NA,NA,NA,NA,NA,2023,1999-09-08,NA,NA,NA,NA
"Jared Wiley","KC","TE","16648","robust",NA,NA,NA,NA,NA,NA,NA,NA,0,0,0,0,0,0,NA,NA,NA,NA,6.85,6.15279,49.5,68.9409,0.5,0.7413,0,0,NA,NA,NA,NA,NA,NA,NA,NA,NA,NA,2024,2000-11-02,NA,NA,NA,NA
"Payne Durham","TB","TE","16218","robust",NA,NA,NA,NA,NA,NA,NA,NA,0,0,0,0,0,0,NA,NA,NA,NA,7.65,0.51891,92.5,2.2239,1.65,0.96369,0,0,NA,NA,NA,NA,NA,NA,NA,NA,NA,NA,2023,2000-06-15,NA,NA,NA,NA
"Tanner Koziol","JAC","TE","17644","robust",NA,NA,NA,NA,NA,NA,0,0,0,0,0,0,0,0,NA,NA,NA,NA,6.45,3.78063,64,44.478,0.5,0.7413,0,0,NA,NA,NA,NA,NA,NA,NA,NA,NA,NA,2026,2004-01-28,NA,NA,NA,NA
"Joe Royer","CLE","TE","17566","robust",NA,NA,NA,NA,NA,NA,NA,NA,0,0,0,0,0,0,NA,NA,NA,NA,5.2,5.63388,58.5,48.1845,0.5,0.7413,0,0,NA,NA,NA,NA,NA,NA,NA,NA,NA,NA,2026,2002-02-25,NA,NA,NA,NA
"Lucas Krull","DEN","TE","15970","robust",NA,NA,NA,NA,NA,NA,0,0,0,0,0,0,0,0,NA,NA,NA,NA,11,1.4826,90,1.4826,1,0,NA,NA,NA,NA,NA,NA,NA,NA,NA,NA,NA,NA,2022,1998-07-11,NA,NA,NA,NA
"Hunter Long","JAC","TE","15334","robust",NA,NA,NA,NA,NA,NA,NA,NA,0,0,0,0,0,0,NA,NA,NA,NA,8.75,1.85325,71,26.6868,1.55,0.66717,0,0,NA,NA,NA,NA,NA,NA,NA,NA,NA,NA,2021,1998-08-19,NA,NA,NA,NA
"Chris Manhertz","NYG","TE","12955","robust",NA,NA,NA,NA,NA,NA,NA,NA,0,0,0,0,0,0,NA,NA,NA,NA,7.05,2.89107,70,22.239,0.65,0.51891,0,0,NA,NA,NA,NA,NA,NA,NA,NA,NA,NA,NA,1992-04-10,NA,NA,NA,NA
"Maxx Crosby","LVR","DL","14225","robust",NA,NA,NA,NA,NA,NA,NA,NA,NA,NA,NA,NA,NA,NA,NA,NA,NA,NA,NA,NA,NA,NA,NA,NA,NA,NA,53.4,4.89258,11,0,0.6,0.44478,4.95,0.0741299999999997,0,0,2019,1997-08-22,NA,NA,NA,NA
"Jeffery Simmons","TEN","DL","14163","robust",NA,NA,NA,NA,NA,NA,NA,NA,NA,NA,NA,NA,NA,NA,NA,NA,NA,NA,NA,NA,NA,NA,NA,NA,NA,NA,46.85,9.78516,9,0,0,0,2.2,0.29652,0,0,2019,1997-07-28,NA,NA,NA,NA
"Andrew Van Ginkel","MIN","DL","14249","robust",NA,NA,NA,NA,NA,NA,NA,NA,NA,NA,NA,NA,NA,NA,NA,NA,NA,NA,NA,NA,NA,NA,NA,NA,NA,NA,48.675,7.85778,6,0,0.975,0,8.6,2.37216,0,0,2019,1995-07-01,NA,NA,NA,NA
"DeForest Buckner","IND","DL","12688","robust",NA,NA,NA,NA,NA,NA,NA,NA,NA,NA,NA,NA,NA,NA,NA,NA,NA,NA,NA,NA,NA,NA,NA,NA,NA,NA,41.925,9.34038,6,0,0,0,1,0,0,0,2016,1994-03-17,NA,NA,NA,NA
"Derrick Brown","CAR","DL","14897","robust",NA,NA,NA,NA,NA,NA,NA,NA,NA,NA,NA,NA,NA,NA,NA,NA,NA,NA,NA,NA,NA,NA,NA,NA,NA,NA,42.825,8.45082,4,0,0,0,3.45,0.66717,0,0,2020,1998-04-15,NA,NA,NA,NA
"Byron Young","LAR","DL","16276","robust",NA,NA,NA,NA,NA,NA,NA,NA,NA,NA,NA,NA,NA,NA,NA,NA,NA,NA,NA,NA,NA,NA,NA,NA,NA,NA,54.25,23.35095,6,0,0,0,0,0,0,0,2023,1998-03-13,NA,NA,NA,NA
"Dallas Turner","MIN","DL","16650","robust",NA,NA,NA,NA,NA,NA,NA,NA,NA,NA,NA,NA,NA,NA,NA,NA,NA,NA,NA,NA,NA,NA,NA,NA,NA,NA,36.725,0.148260000000002,6,0,0.15,0,2.3,0.44478,0,0,2024,2003-02-02,NA,NA,NA,NA
"Tommy Togiai","HOU","DL","15358","robust",NA,NA,NA,NA,NA,NA,NA,NA,NA,NA,NA,NA,NA,NA,NA,NA,NA,NA,NA,NA,NA,NA,NA,NA,NA,NA,49,25.2042,2,0,0,0,3.4,0,1.4,0,2021,1999-09-19,NA,NA,NA,NA
"Cameron Heyward","PIT","DL","10266","robust",NA,NA,NA,NA,NA,NA,NA,NA,NA,NA,NA,NA,NA,NA,NA,NA,NA,NA,NA,NA,NA,NA,NA,NA,NA,NA,42,7.413,3,0,0,0,4.75,0.37065,0,0,2011,1989-05-06,NA,NA,NA,NA
"Brian Burns","NYG","DL","14171","robust",NA,NA,NA,NA,NA,NA,NA,NA,NA,NA,NA,NA,NA,NA,NA,NA,NA,NA,NA,NA,NA,NA,NA,NA,NA,NA,43.15,21.34944,11,0,0,0,5.3,2.52042,0,0,2019,1998-04-23,NA,NA,NA,NA
"Nick Bosa","SF","DL","14147","robust",NA,NA,NA,NA,NA,NA,NA,NA,NA,NA,NA,NA,NA,NA,NA,NA,NA,NA,NA,NA,NA,NA,NA,NA,NA,NA,41.7,3.26172,11,0,0.15,0,0.95,0.0741299999999999,0,0,2019,1997-10-23,"Q","Knee - ACL",2026,0
"Jalen Redmond","MIN","DL","16927","robust",NA,NA,NA,NA,NA,NA,NA,NA,NA,NA,NA,NA,NA,NA,NA,NA,NA,NA,NA,NA,NA,NA,NA,NA,NA,NA,35.9,3.40998,4,0,0,0,3.95,1.40847,0,0,2022,1999-03-12,NA,NA,NA,NA
"T.J. Watt","PIT","DL","13214","robust",NA,NA,NA,NA,NA,NA,NA,NA,NA,NA,NA,NA,NA,NA,NA,NA,NA,NA,NA,NA,NA,NA,NA,NA,NA,NA,39.275,2.81694,8,0,0.8,0.29652,5.4,0.889559999999999,0,0,2017,1994-10-11,NA,NA,NA,NA
"Jordan Davis","PHI","DL","15817","robust",NA,NA,NA,NA,NA,NA,NA,NA,NA,NA,NA,NA,NA,NA,NA,NA,NA,NA,NA,NA,NA,NA,NA,NA,NA,NA,35.575,6.96822,3,0,0,0,3.35,0.51891,0.7,0,2022,2000-01-12,NA,NA,NA,NA
"Myles Garrett","LAR","DL","13198","robust",NA,NA,NA,NA,NA,NA,NA,NA,NA,NA,NA,NA,NA,NA,NA,NA,NA,NA,NA,NA,NA,NA,NA,NA,NA,NA,44.05,16.01208,13,0,0.125,0,1.4,0.59304,0,0,2017,1995-12-29,NA,NA,NA,NA
"Alex Highsmith","PIT","DL","14940","robust",NA,NA,NA,NA,NA,NA,NA,NA,NA,NA,NA,NA,NA,NA,NA,NA,NA,NA,NA,NA,NA,NA,NA,NA,NA,NA,42.1,0.889560000000002,9,0,0,0,3.85,1.26021,0,0,2020,1997-08-07,NA,NA,NA,NA
"Quinnen Williams","DAL","DL","14157","robust",NA,NA,NA,NA,NA,NA,NA,NA,NA,NA,NA,NA,NA,NA,NA,NA,NA,NA,NA,NA,NA,NA,NA,NA,NA,NA,34.75,19.2738,6,0,0.15,0,0.8,0.29652,0,0,2019,1997-12-21,NA,NA,NA,NA
"Byron Murphy","SEA","DL","16689","robust",NA,NA,NA,NA,NA,NA,NA,NA,NA,NA,NA,NA,NA,NA,NA,NA,NA,NA,NA,NA,NA,NA,NA,NA,NA,NA,30.025,5.78214,5,0,0,0,1.15,0.22239,0,0,2024,2002-09-08,NA,NA,NA,NA
"Will Anderson","HOU","DL","16223","robust",NA,NA,NA,NA,NA,NA,NA,NA,NA,NA,NA,NA,NA,NA,NA,NA,NA,NA,NA,NA,NA,NA,NA,NA,NA,NA,38.175,4.89258,12,0,0,0,3.1,0.14826,0,0,2023,2001-09-02,NA,NA,NA,NA
"Travon Walker","JAC","DL","15815","robust",NA,NA,NA,NA,NA,NA,NA,NA,NA,NA,NA,NA,NA,NA,NA,NA,NA,NA,NA,NA,NA,NA,NA,NA,NA,NA,34.725,3.11346,7,0,0,0,1.65,0.51891,0.4,0,2022,2000-12-18,NA,NA,NA,NA
"Malcolm Roach","DEN","DL","15089","robust",NA,NA,NA,NA,NA,NA,NA,NA,NA,NA,NA,NA,NA,NA,NA,NA,NA,NA,NA,NA,NA,NA,NA,NA,NA,NA,38.4,27.57636,4,0,0,0,0.3,0,0,0,2020,1998-06-09,NA,NA,NA,NA
"Jared Verse","CLE","DL","16653","robust",NA,NA,NA,NA,NA,NA,NA,NA,NA,NA,NA,NA,NA,NA,NA,NA,NA,NA,NA,NA,NA,NA,NA,NA,NA,NA,39.7,3.26172,8,0,0,0,1.25,1.11195,1.1,0,2024,2000-11-04,NA,NA,NA,NA
"Gregory Rousseau","BUF","DL","15346","robust",NA,NA,NA,NA,NA,NA,NA,NA,NA,NA,NA,NA,NA,NA,NA,NA,NA,NA,NA,NA,NA,NA,NA,NA,NA,NA,34.9,9.48864,7,0,0,0,2.65,0.96369,0,0,2021,2000-04-05,NA,NA,NA,NA
"Carl Granderson","NO","DL","14405","robust",NA,NA,NA,NA,NA,NA,NA,NA,NA,NA,NA,NA,NA,NA,NA,NA,NA,NA,NA,NA,NA,NA,NA,NA,NA,NA,37.85,5.33736,6,0,0.6,0.44478,3.2,0.29652,0,0,2019,1996-12-18,NA,NA,NA,NA
"Zach Harrison","ATL","DL","16227","robust",NA,NA,NA,NA,NA,NA,NA,NA,NA,NA,NA,NA,NA,NA,NA,NA,NA,NA,NA,NA,NA,NA,NA,NA,NA,NA,30.975,19.42206,4,0,0,0,2.75,1.85325,0,0,2023,2001-08-14,"O","Undisclosed",2026,0
"Leonard Williams","SEA","DL","12225","robust",NA,NA,NA,NA,NA,NA,NA,NA,NA,NA,NA,NA,NA,NA,NA,NA,NA,NA,NA,NA,NA,NA,NA,NA,NA,NA,36.2,24.01812,4,0,0.15,0,1.35,0.96369,0.6,0,2015,1994-06-20,NA,NA,NA,NA
"Adam Butler","LVR","DL","13448","robust",NA,NA,NA,NA,NA,NA,NA,NA,NA,NA,NA,NA,NA,NA,NA,NA,NA,NA,NA,NA,NA,NA,NA,NA,NA,NA,30.75,11.8608,3,0,0,0,1.15,0.22239,0,0,NA,1994-04-12,NA,NA,NA,NA
"Danielle Hunter","HOU","DL","12221","robust",NA,NA,NA,NA,NA,NA,NA,NA,NA,NA,NA,NA,NA,NA,NA,NA,NA,NA,NA,NA,NA,NA,NA,NA,NA,NA,37.5,3.7065,11,0,0,0,2.85,0.22239,0.2,0,2015,1994-10-29,NA,NA,NA,NA
"Aidan Hutchinson","DET","DL","15805","robust",NA,NA,NA,NA,NA,NA,NA,NA,NA,NA,NA,NA,NA,NA,NA,NA,NA,NA,NA,NA,NA,NA,NA,NA,NA,NA,41.4,4.15128,12,0,0.75,0,2.65,0.51891,0,0,2022,2000-08-09,NA,NA,NA,NA
"Aidan Hutchinson","DET","DL","15805","robust",NA,NA,NA,NA,NA,NA,NA,NA,NA,NA,NA,NA,NA,NA,NA,NA,NA,NA,NA,NA,NA,NA,NA,NA,NA,NA,41.4,4.15128,12,0,0.75,0,2.65,0.51891,0,0,2022,2002-02-13,NA,NA,NA,NA
"Jonathan Greenard","PHI","DL","14882","robust",NA,NA,NA,NA,NA,NA,NA,NA,NA,NA,NA,NA,NA,NA,NA,NA,NA,NA,NA,NA,NA,NA,NA,NA,NA,NA,35.55,13.04688,8,0,0.175,0,3.55,0.81543,0.3,0,2020,1997-05-25,"O","Pectoral",2026,0
"Tuli Tuipulotu","LAC","DL","16266","robust",NA,NA,NA,NA,NA,NA,NA,NA,NA,NA,NA,NA,NA,NA,NA,NA,NA,NA,NA,NA,NA,NA,NA,NA,NA,NA,38.9,0.444779999999996,10,0,0.175,0,3.2,0.29652,0,0,2023,2002-09-03,NA,NA,NA,NA
"Josh Allen","JAC","DL","14167","robust",NA,NA,NA,NA,NA,NA,NA,NA,NA,NA,NA,NA,NA,NA,NA,NA,NA,NA,NA,NA,NA,NA,NA,NA,NA,NA,35.55,6.07866,10,0,0,0,2.35,0.96369,0,0,2019,1997-07-13,NA,NA,NA,NA
"George Karlaftis","KC","DL","15808","robust",NA,NA,NA,NA,NA,NA,NA,NA,NA,NA,NA,NA,NA,NA,NA,NA,NA,NA,NA,NA,NA,NA,NA,NA,NA,NA,31.05,1.18608,8,0,0,0,1.75,0.37065,0,0,2022,2001-04-03,NA,NA,NA,NA
"Harold Landry","NE","DL","13700","robust",NA,NA,NA,NA,NA,NA,NA,NA,NA,NA,NA,NA,NA,NA,NA,NA,NA,NA,NA,NA,NA,NA,NA,NA,NA,NA,36,25.2042,7,0,0,0,1,1.4826,0,0,2018,1996-06-05,"O","Undisclosed",2026,0
"Demarcus Lawrence","SEA","DL","11769","robust",NA,NA,NA,NA,NA,NA,NA,NA,NA,NA,NA,NA,NA,NA,NA,NA,NA,NA,NA,NA,NA,NA,NA,NA,NA,NA,31.05,0.148260000000002,7,0,0,0,2,1.4826,1.1,0,2014,1992-04-28,NA,NA,NA,NA
"Montez Sweat","CHI","DL","14148","robust",NA,NA,NA,NA,NA,NA,NA,NA,NA,NA,NA,NA,NA,NA,NA,NA,NA,NA,NA,NA,NA,NA,NA,NA,NA,NA,35.925,22.239,7,0,0,0,2.85,0.22239,0,0,2019,1996-09-04,NA,NA,NA,NA
"YaYa Diaby","TB","DL","16278","robust",NA,NA,NA,NA,NA,NA,NA,NA,NA,NA,NA,NA,NA,NA,NA,NA,NA,NA,NA,NA,NA,NA,NA,NA,NA,NA,36.725,1.63086,7,0,0,0,0.95,0.0741299999999999,0,0,2023,1999-05-30,NA,NA,NA,NA
"Donovan Ezeiruaku","DAL","DL","17135","robust",NA,NA,NA,NA,NA,NA,NA,NA,NA,NA,NA,NA,NA,NA,NA,NA,NA,NA,NA,NA,NA,NA,NA,NA,NA,NA,35.025,2.81694,5,0,0.175,0,1.2,0.29652,0,0,2025,2003-05-25,NA,NA,NA,NA
"Jalen Carter","PHI","DL","16233","robust",NA,NA,NA,NA,NA,NA,NA,NA,NA,NA,NA,NA,NA,NA,NA,NA,NA,NA,NA,NA,NA,NA,NA,NA,NA,NA,30,1.4826,5,0,0,0,5.95,1.40847,0,0,2023,2001-04-04,NA,NA,NA,NA
"Mason Graham","CLE","DL","17121","robust",NA,NA,NA,NA,NA,NA,NA,NA,NA,NA,NA,NA,NA,NA,NA,NA,NA,NA,NA,NA,NA,NA,NA,NA,NA,NA,33.4,3.55824,3,0,0,0,3.1,0.14826,0,0,2025,2003-09-03,NA,NA,NA,NA
"Nathan Shepherd","NO","DL","13744","robust",NA,NA,NA,NA,NA,NA,NA,NA,NA,NA,NA,NA,NA,NA,NA,NA,NA,NA,NA,NA,NA,NA,NA,NA,NA,NA,34.85,25.42659,3,0,0,0,0,0,0,0,2018,1993-10-09,NA,NA,NA,NA
"Austin Booker","CHI","DL","16734","robust",NA,NA,NA,NA,NA,NA,NA,NA,NA,NA,NA,NA,NA,NA,NA,NA,NA,NA,NA,NA,NA,NA,NA,NA,NA,NA,28.75,0.7413,7,0,0,0,1.35,0.51891,0,0,2024,2002-12-14,NA,NA,NA,NA
"Myles Murphy","CIN","DL","16224","robust",NA,NA,NA,NA,NA,NA,NA,NA,NA,NA,NA,NA,NA,NA,NA,NA,NA,NA,NA,NA,NA,NA,NA,NA,NA,NA,41.05,13.93644,6,0,0,0,1.3,1.03782,0,0,2023,2002-01-03,NA,NA,NA,NA
"Lukas Van Ness","GB","DL","16230","robust",NA,NA,NA,NA,NA,NA,NA,NA,NA,NA,NA,NA,NA,NA,NA,NA,NA,NA,NA,NA,NA,NA,NA,NA,NA,NA,28.65,1.18608,5,0,0,0,1.5,2.2239,0,0,2023,2001-07-06,NA,NA,NA,NA
"Jermaine Johnson","TEN","DL","15809","robust",NA,NA,NA,NA,NA,NA,NA,NA,NA,NA,NA,NA,NA,NA,NA,NA,NA,NA,NA,NA,NA,NA,NA,NA,NA,NA,34.1,8.45082,5,0,0,0,2.35,0.51891,0,0,2022,1999-01-08,NA,NA,NA,NA
"Jonah Laulu","LVR","DL","16787","robust",NA,NA,NA,NA,NA,NA,NA,NA,NA,NA,NA,NA,NA,NA,NA,NA,NA,NA,NA,NA,NA,NA,NA,NA,NA,NA,37.8,18.08772,3,0,0,0,4.9,0,0,0,2024,2000-06-30,NA,NA,NA,NA
"Chase Young","NO","DL","14877","robust",NA,NA,NA,NA,NA,NA,NA,NA,NA,NA,NA,NA,NA,NA,NA,NA,NA,NA,NA,NA,NA,NA,NA,NA,NA,NA,37.95,13.93644,10,0,0,0,4.6,0.889559999999999,1.3,0,2020,1999-04-14,NA,NA,NA,NA
"Ed Oliver","BUF","DL","14158","robust",NA,NA,NA,NA,NA,NA,NA,NA,NA,NA,NA,NA,NA,NA,NA,NA,NA,NA,NA,NA,NA,NA,NA,NA,NA,NA,27.6,2.37216,6,0,0,0,1.9,0.14826,0,0,2019,1997-12-12,NA,NA,NA,NA
"Devonte Wyatt","GB","DL","15819","robust",NA,NA,NA,NA,NA,NA,NA,NA,NA,NA,NA,NA,NA,NA,NA,NA,NA,NA,NA,NA,NA,NA,NA,NA,NA,NA,26,5.1891,4,0,0,0,1.3,0.44478,0,0,2022,1998-03-31,NA,NA,NA,NA
"Da'Ron Payne","WAS","DL","13723","robust",NA,NA,NA,NA,NA,NA,NA,NA,NA,NA,NA,NA,NA,NA,NA,NA,NA,NA,NA,NA,NA,NA,NA,NA,NA,NA,27.9,0.593039999999998,3,0,0,0,3.3,0.44478,0,0,2018,1997-05-27,NA,NA,NA,NA
"Jayson Oweh","WAS","DL","15378","robust",NA,NA,NA,NA,NA,NA,NA,NA,NA,NA,NA,NA,NA,NA,NA,NA,NA,NA,NA,NA,NA,NA,NA,NA,NA,NA,30.45,3.55824,8,0,0,0,0,0,0,0,2021,1998-12-15,NA,NA,NA,NA
"David Bailey","NYJ","DL","17551","robust",NA,NA,NA,NA,NA,NA,NA,NA,NA,NA,NA,NA,NA,NA,NA,NA,NA,NA,NA,NA,NA,NA,NA,NA,NA,NA,31.5,2.2239,8,0,0,0,1.5,0.7413,0,0,2026,2003-08-28,NA,NA,NA,NA
"Bradley Chubb","BUF","DL","13681","robust",NA,NA,NA,NA,NA,NA,NA,NA,NA,NA,NA,NA,NA,NA,NA,NA,NA,NA,NA,NA,NA,NA,NA,NA,NA,NA,31.75,5.1891,6,0,0.2,0,1.05,0.0741300000000001,0,0,2018,1996-06-24,NA,NA,NA,NA
"Justin Madubuike","BAL","DL","14900","robust",NA,NA,NA,NA,NA,NA,NA,NA,NA,NA,NA,NA,NA,NA,NA,NA,NA,NA,NA,NA,NA,NA,NA,NA,NA,NA,21.525,1.33434,5,0,0.075,0,1,0,0,0,2020,1997-11-17,NA,NA,NA,NA
"Jonathon Cooper","DEN","DL","15484","robust",NA,NA,NA,NA,NA,NA,NA,NA,NA,NA,NA,NA,NA,NA,NA,NA,NA,NA,NA,NA,NA,NA,NA,NA,NA,NA,29.05,1.63086,6,0,0,0,2.65,0.51891,0,0,2021,1998-01-08,NA,NA,NA,NA
"Zach Sieler","MIA","DL","13839","robust",NA,NA,NA,NA,NA,NA,NA,NA,NA,NA,NA,NA,NA,NA,NA,NA,NA,NA,NA,NA,NA,NA,NA,NA,NA,NA,34.6,0.296519999999999,4,0,0,0,1.15,0.22239,0,0,2018,1995-09-07,NA,NA,NA,NA
"Khalil Mack","LAC","DL","11721","robust",NA,NA,NA,NA,NA,NA,NA,NA,NA,NA,NA,NA,NA,NA,NA,NA,NA,NA,NA,NA,NA,NA,NA,NA,NA,NA,29.8,4.15128,6,0,0,0,2.1,1.63086,0,0,2014,1991-02-22,NA,NA,NA,NA
"Laiatu Latu","IND","DL","16651","robust",NA,NA,NA,NA,NA,NA,NA,NA,NA,NA,NA,NA,NA,NA,NA,NA,NA,NA,NA,NA,NA,NA,NA,NA,NA,NA,33.95,12.45384,8,0,1.05,1.4826,4,1.4826,0,0,2024,2000-12-31,NA,NA,NA,NA
"Alex Wright","CLE","DL","15864","robust",NA,NA,NA,NA,NA,NA,NA,NA,NA,NA,NA,NA,NA,NA,NA,NA,NA,NA,NA,NA,NA,NA,NA,NA,NA,NA,33.5,20.0151,6,0,0,0,1.85,1.26021,0,0,2022,2000-09-05,NA,NA,NA,NA
"Jaelan Phillips","CAR","DL","15349","robust",NA,NA,NA,NA,NA,NA,NA,NA,NA,NA,NA,NA,NA,NA,NA,NA,NA,NA,NA,NA,NA,NA,NA,NA,NA,NA,32.375,2.2239,6,0,0.075,0,3.55,0.81543,0,0,2021,1999-05-28,NA,NA,NA,NA
"Teair Tart","LAC","DL","15173","robust",NA,NA,NA,NA,NA,NA,NA,NA,NA,NA,NA,NA,NA,NA,NA,NA,NA,NA,NA,NA,NA,NA,NA,NA,NA,NA,37.8,13.63992,3,0,0,0,5.9,0,0,0,2020,1997-02-28,NA,NA,NA,NA
"D.J. Wonnum","DET","DL","14947","robust",NA,NA,NA,NA,NA,NA,NA,NA,NA,NA,NA,NA,NA,NA,NA,NA,NA,NA,NA,NA,NA,NA,NA,NA,NA,NA,26.75,2.9652,5,0,0.125,0,2,1.4826,0,0,2020,1997-10-31,NA,NA,NA,NA
"Walter Nolen","ARI","DL","17136","robust",NA,NA,NA,NA,NA,NA,NA,NA,NA,NA,NA,NA,NA,NA,NA,NA,NA,NA,NA,NA,NA,NA,NA,NA,NA,NA,26.775,2.81694,4,0,0,0,1.05,0.0741300000000001,0.3,0,2025,2003-10-14,NA,NA,NA,NA
"Trey Hendrickson","BAL","DL","13284","robust",NA,NA,NA,NA,NA,NA,NA,NA,NA,NA,NA,NA,NA,NA,NA,NA,NA,NA,NA,NA,NA,NA,NA,NA,NA,NA,33.125,8.1543,10,0,0,0,3.6,0.59304,0,0,2017,1994-12-05,NA,NA,NA,NA
"Milton Williams","NE","DL","15391","robust",NA,NA,NA,NA,NA,NA,NA,NA,NA,NA,NA,NA,NA,NA,NA,NA,NA,NA,NA,NA,NA,NA,NA,NA,NA,NA,31.4,20.16336,6,0,0,0,1.8,0,0,0,2021,1999-04-06,NA,NA,NA,NA
"Kobie Turner","LAR","DL","16282","robust",NA,NA,NA,NA,NA,NA,NA,NA,NA,NA,NA,NA,NA,NA,NA,NA,NA,NA,NA,NA,NA,NA,NA,NA,NA,NA,30.45,1.77912,5,0,0.025,0,2.4,0.88956,0.3,0,2023,1999-04-26,"Q","Undisclosed",2026,0
"Nik Bonitto","DEN","DL","15861","robust",NA,NA,NA,NA,NA,NA,NA,NA,NA,NA,NA,NA,NA,NA,NA,NA,NA,NA,NA,NA,NA,NA,NA,NA,NA,NA,33.5,8.8956,10,0,0.05,0,2.25,0.37065,0,0,2022,1999-09-26,"Q","Leg",2026,0
"Chop Robinson","MIA","DL","16655","robust",NA,NA,NA,NA,NA,NA,NA,NA,NA,NA,NA,NA,NA,NA,NA,NA,NA,NA,NA,NA,NA,NA,NA,NA,NA,NA,28.525,11.71254,8,0,0,0,2.5,0.7413,0,0,2024,2003-01-02,NA,NA,NA,NA
"Abdul Carter","NYG","DL","17112","robust",NA,NA,NA,NA,NA,NA,NA,NA,NA,NA,NA,NA,NA,NA,NA,NA,NA,NA,NA,NA,NA,NA,NA,NA,NA,NA,28.8,5.63388,8,0,0.05,0,0.45,0.66717,0,0,2025,2003-10-03,"Q","Ankle",2026,0
"Dorance Armstrong","WAS","DL","13759","robust",NA,NA,NA,NA,NA,NA,NA,NA,NA,NA,NA,NA,NA,NA,NA,NA,NA,NA,NA,NA,NA,NA,NA,NA,NA,NA,24.35,9.78516,7,0,0,0,0.75,0.37065,0,0,2018,1997-06-10,"O","Knee - ACL",2026,0
"Nolan Smith","PHI","DL","16228","robust",NA,NA,NA,NA,NA,NA,NA,NA,NA,NA,NA,NA,NA,NA,NA,NA,NA,NA,NA,NA,NA,NA,NA,NA,NA,NA,27.9,10.08168,5,0,0,0,0.5,0.7413,0,0,2023,2001-01-18,NA,NA,NA,NA
"Travis Jones","BAL","DL","15863","robust",NA,NA,NA,NA,NA,NA,NA,NA,NA,NA,NA,NA,NA,NA,NA,NA,NA,NA,NA,NA,NA,NA,NA,NA,NA,NA,24.3,14.52948,4,0,0,0,0.6,0.59304,0,0,2022,1999-10-15,"O","Pectoral",2026,0
"Boye Mafe","CIN","DL","15853","robust",NA,NA,NA,NA,NA,NA,NA,NA,NA,NA,NA,NA,NA,NA,NA,NA,NA,NA,NA,NA,NA,NA,NA,NA,NA,NA,28.95,7.70952,8,0,0,0,3.35,0.51891,0,0,2022,1998-11-30,NA,NA,NA,NA
"Rueben Bain Jr.","TB","DL","17550","robust",NA,NA,NA,NA,NA,NA,NA,NA,NA,NA,NA,NA,NA,NA,NA,NA,NA,NA,NA,NA,NA,NA,NA,NA,NA,NA,31.85,16.01208,6,0,0,0,1.5,0.7413,0,0,2026,2004-09-08,NA,NA,NA,NA
"Kayvon Thibodeaux","NYG","DL","15806","robust",NA,NA,NA,NA,NA,NA,NA,NA,NA,NA,NA,NA,NA,NA,NA,NA,NA,NA,NA,NA,NA,NA,NA,NA,NA,NA,23.8,14.52948,6,0,0,0,1.85,0.22239,0,0,2022,2000-12-15,NA,NA,NA,NA
"Patrick Jones","CAR","DL","15398","robust",NA,NA,NA,NA,NA,NA,NA,NA,NA,NA,NA,NA,NA,NA,NA,NA,NA,NA,NA,NA,NA,NA,NA,NA,NA,NA,34.4,11.26776,6,0,0,0,1.8,0,0,0,2021,1998-09-29,NA,NA,NA,NA
"Tershawn Wharton","CAR","DL","15081","robust",NA,NA,NA,NA,NA,NA,NA,NA,NA,NA,NA,NA,NA,NA,NA,NA,NA,NA,NA,NA,NA,NA,NA,NA,NA,NA,29.95,17.86533,3,0,0,0,1.3,0,0,0,2020,1998-06-25,"O","Neck",2026,0
"Jalyx Hunt","PHI","DL","16712","robust",NA,NA,NA,NA,NA,NA,NA,NA,NA,NA,NA,NA,NA,NA,NA,NA,NA,NA,NA,NA,NA,NA,NA,NA,NA,NA,27.6,3.85476,5,0,0.55,0,2.1,0.14826,0.7,0,2024,2001-03-13,NA,NA,NA,NA
"Dayo Odeyingbo","CHI","DL","15386","robust",NA,NA,NA,NA,NA,NA,NA,NA,NA,NA,NA,NA,NA,NA,NA,NA,NA,NA,NA,NA,NA,NA,NA,NA,NA,NA,30,16.3086,5,0,0,0,1.9,0,0,0,2021,1999-09-24,"Q","Achilles",2026,0
"Rashan Gary","DAL","DL","14149","robust",NA,NA,NA,NA,NA,NA,NA,NA,NA,NA,NA,NA,NA,NA,NA,NA,NA,NA,NA,NA,NA,NA,NA,NA,NA,NA,27.9,0.593039999999998,6,0,0,0,0.8,0.29652,0,0,2019,1997-12-03,NA,NA,NA,NA
"Dre'Mont Jones","NE","DL","14164","robust",NA,NA,NA,NA,NA,NA,NA,NA,NA,NA,NA,NA,NA,NA,NA,NA,NA,NA,NA,NA,NA,NA,NA,NA,NA,NA,27.3,2.37216,6,0,0,0,1.1,0.14826,0,0,2019,1997-01-05,NA,NA,NA,NA
"Byron Young","PHI","DL","16273","robust",NA,NA,NA,NA,NA,NA,NA,NA,NA,NA,NA,NA,NA,NA,NA,NA,NA,NA,NA,NA,NA,NA,NA,NA,NA,NA,26.8,19.57032,NA,NA,0,0,0.6,0.59304,0.3,0,2023,2000-11-10,NA,NA,NA,NA
"Micah Parsons","GB","DL","15350","robust",NA,NA,NA,NA,NA,NA,NA,NA,NA,NA,NA,NA,NA,NA,NA,NA,NA,NA,NA,NA,NA,NA,NA,NA,NA,NA,28.525,13.3434,9,0,0,0,1.3,1.03782,0,0,2021,1999-05-26,"O","Knee - ACL",2026,0
"James Pearce","ATL","DL","17115","robust",NA,NA,NA,NA,NA,NA,NA,NA,NA,NA,NA,NA,NA,NA,NA,NA,NA,NA,NA,NA,NA,NA,NA,NA,NA,NA,26.8,11.26776,8,0,0,0,5.25,1.85325,0,0,2025,2003-10-12,NA,NA,NA,NA
"Chris Jones","KC","DL","12741","robust",NA,NA,NA,NA,NA,NA,NA,NA,NA,NA,NA,NA,NA,NA,NA,NA,NA,NA,NA,NA,NA,NA,NA,NA,NA,NA,21.875,2.2239,8,0,0,0,1.15,0.22239,0,0,2016,1994-07-03,NA,NA,NA,NA
"Will McDonald","NYJ","DL","16252","robust",NA,NA,NA,NA,NA,NA,NA,NA,NA,NA,NA,NA,NA,NA,NA,NA,NA,NA,NA,NA,NA,NA,NA,NA,NA,NA,29.05,7.56126,8,0,0,0,1.3,0.44478,0,0,2023,1999-06-04,NA,NA,NA,NA
"Uchenna Nwosu","SEA","DL","13704","robust",NA,NA,NA,NA,NA,NA,NA,NA,NA,NA,NA,NA,NA,NA,NA,NA,NA,NA,NA,NA,NA,NA,NA,NA,NA,NA,25,6.6717,6,0,0,0,2.35,0.51891,0,0,2018,1996-12-28,NA,NA,NA,NA
"Malachi Lawrence","DAL","DL","17580","robust",NA,NA,NA,NA,NA,NA,NA,NA,NA,NA,NA,NA,NA,NA,NA,NA,NA,NA,NA,NA,NA,NA,NA,NA,NA,NA,20.75,21.12705,6,0,0,0,0.4,0,0,0,2026,2003-07-21,NA,NA,NA,NA
"Akheem Mesidor","LAC","DL","17568","robust",NA,NA,NA,NA,NA,NA,NA,NA,NA,NA,NA,NA,NA,NA,NA,NA,NA,NA,NA,NA,NA,NA,NA,NA,NA,NA,20.8,19.57032,5,0,0,0,0,0,0,0,2026,2001-04-05,NA,NA,NA,NA
"Cameron Jordan","NO","DL","10292","robust",NA,NA,NA,NA,NA,NA,NA,NA,NA,NA,NA,NA,NA,NA,NA,NA,NA,NA,NA,NA,NA,NA,NA,NA,NA,NA,29.1,4.59606,NA,NA,0,0,1.8,1.18608,0,0,2011,1989-07-10,NA,NA,NA,NA
"Josh Sweat","ARI","DL","13690","robust",NA,NA,NA,NA,NA,NA,NA,NA,NA,NA,NA,NA,NA,NA,NA,NA,NA,NA,NA,NA,NA,NA,NA,NA,NA,NA,23.725,7.413,8,0,0,0,1.55,0.66717,0,0,2018,1997-03-29,"O","Knee",2026,0
"K'Lavon Chaisson","WAS","DL","14888","robust",NA,NA,NA,NA,NA,NA,NA,NA,NA,NA,NA,NA,NA,NA,NA,NA,NA,NA,NA,NA,NA,NA,NA,NA,NA,NA,21.2,7.70952,NA,NA,0,0,2.75,1.11195,0.5,0,2020,1999-07-25,NA,NA,NA,NA
"B.J. Hill","CIN","DL","13742","robust",NA,NA,NA,NA,NA,NA,NA,NA,NA,NA,NA,NA,NA,NA,NA,NA,NA,NA,NA,NA,NA,NA,NA,NA,NA,NA,20.2,7.11648,NA,NA,0,0,0.6,0.59304,0,0,2018,1995-04-20,"O","Undisclosed",2026,0
"Mike Green","BAL","DL","17120","robust",NA,NA,NA,NA,NA,NA,NA,NA,NA,NA,NA,NA,NA,NA,NA,NA,NA,NA,NA,NA,NA,NA,NA,NA,NA,NA,17.9,9.04386,NA,NA,0,0,0.75,0.37065,0,0,2025,2003-07-28,NA,NA,NA,NA
"Zach Allen","DEN","DL","14153","robust",NA,NA,NA,NA,NA,NA,NA,NA,NA,NA,NA,NA,NA,NA,NA,NA,NA,NA,NA,NA,NA,NA,NA,NA,NA,NA,22.15,1.26021,NA,NA,0,0,3.35,0.51891,0,0,2019,1997-08-20,NA,NA,NA,NA
"Dexter Lawrence","CIN","DL","14159","robust",NA,NA,NA,NA,NA,NA,NA,NA,NA,NA,NA,NA,NA,NA,NA,NA,NA,NA,NA,NA,NA,NA,NA,NA,NA,NA,19.95,4.52193,NA,NA,0,0,2.05,0.0741300000000001,0,0,2019,1997-11-12,NA,NA,NA,NA
"Caleb Banks","MIN","DL","17579","robust",NA,NA,NA,NA,NA,NA,NA,NA,NA,NA,NA,NA,NA,NA,NA,NA,NA,NA,NA,NA,NA,NA,NA,NA,NA,NA,17.35,8.37669,NA,NA,0,0,2.15,0.22239,0,0,2026,2003-03-12,NA,NA,NA,NA
"T'Vondre Sweat","NYJ","DL","16693","robust",NA,NA,NA,NA,NA,NA,NA,NA,NA,NA,NA,NA,NA,NA,NA,NA,NA,NA,NA,NA,NA,NA,NA,NA,NA,NA,16.85,9.11799,NA,NA,0,0,0.7,0.44478,0,0,2024,2001-07-11,"O","Hamstring",2026,0
"Gervon Dexter","CHI","DL","16265","robust",NA,NA,NA,NA,NA,NA,NA,NA,NA,NA,NA,NA,NA,NA,NA,NA,NA,NA,NA,NA,NA,NA,NA,NA,NA,NA,19.25,4.07715,NA,NA,0,0,2,1.4826,0,0,2023,2000-10-05,NA,NA,NA,NA
"Vita Vea","TB","DL","13692","robust",NA,NA,NA,NA,NA,NA,NA,NA,NA,NA,NA,NA,NA,NA,NA,NA,NA,NA,NA,NA,NA,NA,NA,NA,NA,NA,19.45,3.78063,NA,NA,0,0,0.9,0.14826,0,0,2018,1995-02-05,"Q","Back",2026,0
"Mykel Williams","SF","DL","17113","robust",NA,NA,NA,NA,NA,NA,NA,NA,NA,NA,NA,NA,NA,NA,NA,NA,NA,NA,NA,NA,NA,NA,NA,NA,NA,NA,20.6,2.07564,NA,NA,0,0,1.2,0.29652,0,0,2025,2004-06-29,"O","Knee - ACL",2026,0
"Nick Herbig","PIT","DL","16303","robust",NA,NA,NA,NA,NA,NA,NA,NA,NA,NA,NA,NA,NA,NA,NA,NA,NA,NA,NA,NA,NA,NA,NA,NA,NA,NA,18.5,3.7065,NA,NA,0.4,0.59304,1.8,0.29652,0,0,2023,2001-11-21,NA,NA,NA,NA
"Kwity Paye","LVR","DL","15345","robust",NA,NA,NA,NA,NA,NA,NA,NA,NA,NA,NA,NA,NA,NA,NA,NA,NA,NA,NA,NA,NA,NA,NA,NA,NA,NA,20.9,0.148259999999999,NA,NA,0.2,0.29652,1,0,0,0,2021,1998-11-19,NA,NA,NA,NA
"Arden Key","IND","DL","13682","robust",NA,NA,NA,NA,NA,NA,NA,NA,NA,NA,NA,NA,NA,NA,NA,NA,NA,NA,NA,NA,NA,NA,NA,NA,NA,NA,13.25,11.49015,NA,NA,0,0,1.15,1.26021,0,0,2018,1996-05-03,NA,NA,NA,NA
"Osa Odighizuwa","SF","DL","15393","robust",NA,NA,NA,NA,NA,NA,NA,NA,NA,NA,NA,NA,NA,NA,NA,NA,NA,NA,NA,NA,NA,NA,NA,NA,NA,NA,16.35,6.89409,NA,NA,0,0,1.55,0.66717,0,0,2021,1998-08-13,"Q","Undisclosed",2026,0
"Kenny Clark","DAL","DL","12739","robust",NA,NA,NA,NA,NA,NA,NA,NA,NA,NA,NA,NA,NA,NA,NA,NA,NA,NA,NA,NA,NA,NA,NA,NA,NA,NA,18.2,4.15128,NA,NA,0.1,0.14826,1.2,0.29652,0,0,2016,1995-10-04,NA,NA,NA,NA
"John Franklin-Myers","TEN","DL","13770","robust",NA,NA,NA,NA,NA,NA,NA,NA,NA,NA,NA,NA,NA,NA,NA,NA,NA,NA,NA,NA,NA,NA,NA,NA,NA,NA,20.25,0.37065,NA,NA,0,0,1.2,0.29652,0,0,2018,1996-09-26,NA,NA,NA,NA
"Grover Stewart","IND","DL","13298","robust",NA,NA,NA,NA,NA,NA,NA,NA,NA,NA,NA,NA,NA,NA,NA,NA,NA,NA,NA,NA,NA,NA,NA,NA,NA,NA,17.05,4.52193,NA,NA,0.3,0.44478,2.95,0.0741300000000001,0,0,2017,1993-10-20,NA,NA,NA,NA
"Ashton Gillotte","KC","DL","17155","robust",NA,NA,NA,NA,NA,NA,NA,NA,NA,NA,NA,NA,NA,NA,NA,NA,NA,NA,NA,NA,NA,NA,NA,NA,NA,NA,15.25,7.04235,NA,NA,0.3,0.44478,0.8,0.29652,0,0,2025,2002-10-30,"Q","Hamstring",2026,0
"Grady Jarrett","CHI","DL","12305","robust",NA,NA,NA,NA,NA,NA,NA,NA,NA,NA,NA,NA,NA,NA,NA,NA,NA,NA,NA,NA,NA,NA,NA,NA,NA,NA,18.2,2.66868,NA,NA,0,0,2.6,0.88956,0,0,2015,1993-04-28,NA,NA,NA,NA
"Derrick Moore","DET","DL","17587","robust",NA,NA,NA,NA,NA,NA,NA,NA,NA,NA,NA,NA,NA,NA,NA,NA,NA,NA,NA,NA,NA,NA,NA,NA,NA,NA,12,11.8608,NA,NA,0,0,2.25,0.37065,0,0,2026,2002-12-06,"Q","Groin",2026,0
"Maliek Collins","CLE","DL","12754","robust",NA,NA,NA,NA,NA,NA,NA,NA,NA,NA,NA,NA,NA,NA,NA,NA,NA,NA,NA,NA,NA,NA,NA,NA,NA,NA,16.05,4.37367,NA,NA,0,0,0.5,0.7413,0,0,2016,1995-04-08,"O","Quadriceps",2026,0
"Arik Armstead","JAC","DL","12218","robust",NA,NA,NA,NA,NA,NA,NA,NA,NA,NA,NA,NA,NA,NA,NA,NA,NA,NA,NA,NA,NA,NA,NA,NA,NA,NA,15.2,4.15128,NA,NA,0,0,1.45,0.66717,0,0,2015,1993-11-15,NA,NA,NA,NA
"Brandon Dorlus","ATL","DL","16657","robust",NA,NA,NA,NA,NA,NA,NA,NA,NA,NA,NA,NA,NA,NA,NA,NA,NA,NA,NA,NA,NA,NA,NA,NA,NA,NA,16.55,0.815430000000001,NA,NA,0,0,0.6,0.59304,0,0,2024,2001-03-22,NA,NA,NA,NA
"R Mason Thomas","KC","DL","17583","robust",NA,NA,NA,NA,NA,NA,NA,NA,NA,NA,NA,NA,NA,NA,NA,NA,NA,NA,NA,NA,NA,NA,NA,NA,NA,NA,9.4,3.85476,NA,NA,0,0,0,0,0,0,2026,2004-08-25,NA,NA,NA,NA
"Jordan Burch","ARI","DL","17161","robust",NA,NA,NA,NA,NA,NA,NA,NA,NA,NA,NA,NA,NA,NA,NA,NA,NA,NA,NA,NA,NA,NA,NA,NA,NA,NA,11.35,0.96369,NA,NA,0,0,1.85,0.22239,0,0,2025,2001-10-10,NA,NA,NA,NA
"Blake Cashman","MIN","LB","14251","robust",NA,NA,NA,NA,NA,NA,NA,NA,NA,NA,NA,NA,NA,NA,NA,NA,NA,NA,NA,NA,NA,NA,NA,NA,NA,NA,102.7,3.55824000000001,4,0,0.35,0.29652,3.6,0.59304,0,0,2019,1996-05-10,NA,NA,NA,NA
"Jordyn Brooks","MIA","LB","14892","robust",NA,NA,NA,NA,NA,NA,NA,NA,NA,NA,NA,NA,NA,NA,NA,NA,NA,NA,NA,NA,NA,NA,NA,NA,NA,NA,112.8,2.66868,3,0,0.35,0.29652,4.4,0.593039999999999,0,0,2020,1997-10-21,NA,NA,NA,NA
"Cedric Gray","TEN","LB","16667","robust",NA,NA,NA,NA,NA,NA,NA,NA,NA,NA,NA,NA,NA,NA,NA,NA,NA,NA,NA,NA,NA,NA,NA,NA,NA,NA,96.25,0,2,0,0.35,0.29652,3.1,0.14826,0,0,2024,2002-10-30,NA,NA,NA,NA
"Jack Campbell","DET","LB","16239","robust",NA,NA,NA,NA,NA,NA,NA,NA,NA,NA,NA,NA,NA,NA,NA,NA,NA,NA,NA,NA,NA,NA,NA,NA,NA,NA,99.65,0.593040000000008,3,0,0.75,0,4.4,0.593039999999999,0,0,2023,2000-08-22,NA,NA,NA,NA
"Nick Bolton","KC","LB","15355","robust",NA,NA,NA,NA,NA,NA,NA,NA,NA,NA,NA,NA,NA,NA,NA,NA,NA,NA,NA,NA,NA,NA,NA,NA,NA,NA,94.725,3.11345999999999,3,0,1,0,5.9,0.148259999999999,0,0,2021,2000-03-10,NA,NA,NA,NA
"Carson Schwesinger","CLE","LB","17147","robust",NA,NA,NA,NA,NA,NA,NA,NA,NA,NA,NA,NA,NA,NA,NA,NA,NA,NA,NA,NA,NA,NA,NA,NA,NA,NA,93.5,37.065,2,0,1.15,0,3.65,0.51891,0.3,0,2025,2003-02-24,NA,NA,NA,NA
"Fred Warner","SF","LB","13743","robust",NA,NA,NA,NA,NA,NA,NA,NA,NA,NA,NA,NA,NA,NA,NA,NA,NA,NA,NA,NA,NA,NA,NA,NA,NA,NA,93.075,24.75942,1,0,1,1.4826,5.5,0.7413,0,0,2018,1996-11-19,NA,NA,NA,NA
"Jamien Sherwood","NYJ","LB","15428","robust",NA,NA,NA,NA,NA,NA,NA,NA,NA,NA,NA,NA,NA,NA,NA,NA,NA,NA,NA,NA,NA,NA,NA,NA,NA,NA,92.3,8.30255999999999,2,0,0.75,0,6,0,0,0,2021,2000-01-12,NA,NA,NA,NA
"Ernest Jones","SEA","LB","15404","robust",NA,NA,NA,NA,NA,NA,NA,NA,NA,NA,NA,NA,NA,NA,NA,NA,NA,NA,NA,NA,NA,NA,NA,NA,NA,NA,91.75,6.6717,2,0,2.1,1.4826,5.35,0.963689999999999,0.3,0,2021,1999-11-22,NA,NA,NA,NA
"Foyesade Oluokun","JAC","LB","13813","robust",NA,NA,NA,NA,NA,NA,NA,NA,NA,NA,NA,NA,NA,NA,NA,NA,NA,NA,NA,NA,NA,NA,NA,NA,NA,NA,90.5,0,3,0,0.925,0,7.1,1.63086,0,0,2018,1995-08-02,NA,NA,NA,NA
"Alex Singleton","DEN","LB","14412","robust",NA,NA,NA,NA,NA,NA,NA,NA,NA,NA,NA,NA,NA,NA,NA,NA,NA,NA,NA,NA,NA,NA,NA,NA,NA,NA,86.825,17.34642,2,0,0.85,0,4.05,0.0741299999999997,0.2,0,2015,1993-12-07,NA,NA,NA,NA
"Roquan Smith","BAL","LB","13696","robust",NA,NA,NA,NA,NA,NA,NA,NA,NA,NA,NA,NA,NA,NA,NA,NA,NA,NA,NA,NA,NA,NA,NA,NA,NA,NA,96.15,1.92738,2,0,0.75,0,3.25,1.11195,0.5,0,2018,1997-04-08,NA,NA,NA,NA
"Quay Walker","LVR","LB","15846","robust",NA,NA,NA,NA,NA,NA,NA,NA,NA,NA,NA,NA,NA,NA,NA,NA,NA,NA,NA,NA,NA,NA,NA,NA,NA,NA,88.825,32.17242,3,0,1.075,1.03782,3.95,0.0741299999999997,0,0,2022,2000-05-08,NA,NA,NA,NA
"Nakobe Dean","LVR","LB","15821","robust",NA,NA,NA,NA,NA,NA,NA,NA,NA,NA,NA,NA,NA,NA,NA,NA,NA,NA,NA,NA,NA,NA,NA,NA,NA,NA,77.075,41.06802,3,0,0.75,0,2.1,1.33434,0,0,2022,2000-12-13,NA,NA,NA,NA
"Barrett Carter","CIN","LB","17124","robust",NA,NA,NA,NA,NA,NA,NA,NA,NA,NA,NA,NA,NA,NA,NA,NA,NA,NA,NA,NA,NA,NA,NA,NA,NA,NA,79.225,7.56126,2,0,1.15,0,4.9,1.33434,0,0,2025,2002-10-23,NA,NA,NA,NA
"Tyrel Dodson","MIA","LB","14472","robust",NA,NA,NA,NA,NA,NA,NA,NA,NA,NA,NA,NA,NA,NA,NA,NA,NA,NA,NA,NA,NA,NA,NA,NA,NA,NA,82.15,12.45384,2,0,0.85,0,3.15,1.26021,0,0,2019,1998-06-25,NA,NA,NA,NA
"Tremaine Edmunds","NYG","LB","13697","robust",NA,NA,NA,NA,NA,NA,NA,NA,NA,NA,NA,NA,NA,NA,NA,NA,NA,NA,NA,NA,NA,NA,NA,NA,NA,NA,87.5,5.1891,2,0,1.975,1.33434,7.35,0.963689999999999,0,0,2018,1998-05-02,NA,NA,NA,NA
"Nate Landman","LAR","LB","16013","robust",NA,NA,NA,NA,NA,NA,NA,NA,NA,NA,NA,NA,NA,NA,NA,NA,NA,NA,NA,NA,NA,NA,NA,NA,NA,NA,80.2,4.29954,2,0,1,0,5.35,0.518909999999999,0,0,2022,1998-11-19,NA,NA,NA,NA
"Demario Davis","NYJ","LB","10816","robust",NA,NA,NA,NA,NA,NA,NA,NA,NA,NA,NA,NA,NA,NA,NA,NA,NA,NA,NA,NA,NA,NA,NA,NA,NA,NA,77.65,42.10584,2,0,0.75,0,3.7,0.44478,0,0,2012,1989-01-11,NA,NA,NA,NA
"Robert Spillane","NE","LB","13987","robust",NA,NA,NA,NA,NA,NA,NA,NA,NA,NA,NA,NA,NA,NA,NA,NA,NA,NA,NA,NA,NA,NA,NA,NA,NA,NA,76.125,37.8063,2,0,0.95,0,5.45,0.66717,0,0,2018,1995-12-14,NA,NA,NA,NA
"T.J. Edwards","CHI","LB","14322","robust",NA,NA,NA,NA,NA,NA,NA,NA,NA,NA,NA,NA,NA,NA,NA,NA,NA,NA,NA,NA,NA,NA,NA,NA,NA,NA,61.55,12.00906,2,0,0.7,0.14826,3.2,1.77912,0.6,0,2019,1996-08-12,NA,NA,NA,NA
"DeMarvion Overshown","DAL","LB","16283","robust",NA,NA,NA,NA,NA,NA,NA,NA,NA,NA,NA,NA,NA,NA,NA,NA,NA,NA,NA,NA,NA,NA,NA,NA,NA,NA,76.5,25.2042,2,0,0.975,0,1.85,0.22239,0.7,0,2023,2000-08-13,"Q","Lower Body",2026,0
"Zack Baun","PHI","LB","14893","robust",NA,NA,NA,NA,NA,NA,NA,NA,NA,NA,NA,NA,NA,NA,NA,NA,NA,NA,NA,NA,NA,NA,NA,NA,NA,NA,79.25,19.2738,2,0,1.25,0,5.95,0.0741299999999997,0,0,2020,1996-12-30,NA,NA,NA,NA
"Daiyan Henley","LAC","LB","16280","robust",NA,NA,NA,NA,NA,NA,NA,NA,NA,NA,NA,NA,NA,NA,NA,NA,NA,NA,NA,NA,NA,NA,NA,NA,NA,NA,80.25,34.0998,2,0,1.3,0,5.35,0.963689999999999,0,0,2023,1999-11-18,NA,NA,NA,NA
"Devin Bush","CHI","LB","14170","robust",NA,NA,NA,NA,NA,NA,NA,NA,NA,NA,NA,NA,NA,NA,NA,NA,NA,NA,NA,NA,NA,NA,NA,NA,NA,NA,72.025,22.09074,2,0,1.275,0,5.65,0.518909999999999,1.2,0,2019,1998-07-18,NA,NA,NA,NA
"Sonny Styles","WAS","LB","17557","robust",NA,NA,NA,NA,NA,NA,NA,NA,NA,NA,NA,NA,NA,NA,NA,NA,NA,NA,NA,NA,NA,NA,NA,NA,NA,NA,76.4,1.92738,2,0,1,0,4,1.4826,0,0,2026,2004-11-24,NA,NA,NA,NA
"Azeez Al-Shaair","HOU","LB","14590","robust",NA,NA,NA,NA,NA,NA,NA,NA,NA,NA,NA,NA,NA,NA,NA,NA,NA,NA,NA,NA,NA,NA,NA,NA,NA,NA,74.85,40.91976,1,0,1.075,0,5.5,2.2239,0,0,2019,1997-08-04,NA,NA,NA,NA
"Edgerrin Cooper","GB","LB","16696","robust",NA,NA,NA,NA,NA,NA,NA,NA,NA,NA,NA,NA,NA,NA,NA,NA,NA,NA,NA,NA,NA,NA,NA,NA,NA,NA,82.375,39.2889,2,0,0.825,0,3.6,0.59304,0,0,2024,2001-11-17,NA,NA,NA,NA
"Patrick Queen","PIT","LB","14896","robust",NA,NA,NA,NA,NA,NA,NA,NA,NA,NA,NA,NA,NA,NA,NA,NA,NA,NA,NA,NA,NA,NA,NA,NA,NA,NA,81.6,14.23296,2,0,0.75,0,5.05,1.40847,0,0,2020,1999-08-13,NA,NA,NA,NA
"Mack Wilson","ARI","LB","14169","robust",NA,NA,NA,NA,NA,NA,NA,NA,NA,NA,NA,NA,NA,NA,NA,NA,NA,NA,NA,NA,NA,NA,NA,NA,NA,NA,67.1,10.67472,1,0,1.175,0.44478,5.9,0.148259999999999,0,0,2019,1998-02-14,NA,NA,NA,NA
"Arvell Reese","NYG","LB","17556","robust",NA,NA,NA,NA,NA,NA,NA,NA,NA,NA,NA,NA,NA,NA,NA,NA,NA,NA,NA,NA,NA,NA,NA,NA,NA,NA,60.875,24.4629,2,0,0.75,0,2.15,1.26021,0,0,2026,2005-08-30,NA,NA,NA,NA
"Terrel Bernard","BUF","LB","15869","robust",NA,NA,NA,NA,NA,NA,NA,NA,NA,NA,NA,NA,NA,NA,NA,NA,NA,NA,NA,NA,NA,NA,NA,NA,NA,NA,74.475,25.35246,3,0,1.1,0,2.9,0.14826,0,0,2022,1999-05-07,NA,NA,NA,NA
"Zaire Franklin","GB","LB","13837","robust",NA,NA,NA,NA,NA,NA,NA,NA,NA,NA,NA,NA,NA,NA,NA,NA,NA,NA,NA,NA,NA,NA,NA,NA,NA,NA,78.45,21.34944,2,0,0.825,0,5.45,0.66717,0,0,2018,1996-07-02,NA,NA,NA,NA
"Jihaad Campbell","PHI","LB","17123","robust",NA,NA,NA,NA,NA,NA,NA,NA,NA,NA,NA,NA,NA,NA,NA,NA,NA,NA,NA,NA,NA,NA,NA,NA,NA,NA,62.975,16.45686,2,0,1.125,0,2.8,0.29652,0,0,2025,1999-10-08,NA,NA,NA,NA
"Jihaad Campbell","PHI","LB","17123","robust",NA,NA,NA,NA,NA,NA,NA,NA,NA,NA,NA,NA,NA,NA,NA,NA,NA,NA,NA,NA,NA,NA,NA,NA,NA,NA,62.975,16.45686,2,0,1.125,0,2.8,0.29652,0,0,2025,2004-02-24,NA,NA,NA,NA
"Drue Tranquill","KC","LB","14235","robust",NA,NA,NA,NA,NA,NA,NA,NA,NA,NA,NA,NA,NA,NA,NA,NA,NA,NA,NA,NA,NA,NA,NA,NA,NA,NA,70.45,1.33434,3,0,0,0,1.7,0.44478,0,0,2019,1995-08-15,NA,NA,NA,NA
"Divine Deablo","ATL","LB","15396","robust",NA,NA,NA,NA,NA,NA,NA,NA,NA,NA,NA,NA,NA,NA,NA,NA,NA,NA,NA,NA,NA,NA,NA,NA,NA,NA,66.25,11.8608,2,0,0.25,0,6.6,0.889559999999999,0,0,2021,1998-08-17,NA,NA,NA,NA
"Kaden Elliss","NO","LB","14303","robust",NA,NA,NA,NA,NA,NA,NA,NA,NA,NA,NA,NA,NA,NA,NA,NA,NA,NA,NA,NA,NA,NA,NA,NA,NA,NA,72.5,31.1346,4,0,0.875,0,4,0,0,0,2019,1995-06-10,NA,NA,NA,NA
"Quincy Williams","CLE","LB","14221","robust",NA,NA,NA,NA,NA,NA,NA,NA,NA,NA,NA,NA,NA,NA,NA,NA,NA,NA,NA,NA,NA,NA,NA,NA,NA,NA,68.025,22.09074,2,0,0.75,0,5.35,0.518909999999999,0,0,2019,1996-08-28,NA,NA,NA,NA
"Demetrius Knight","CIN","LB","17125","robust",NA,NA,NA,NA,NA,NA,NA,NA,NA,NA,NA,NA,NA,NA,NA,NA,NA,NA,NA,NA,NA,NA,NA,NA,NA,NA,70.375,8.1543,2,0,1.025,0,5.3,0.44478,0,0,2025,2000-07-21,NA,NA,NA,NA
"Dre Greenlaw","SF","LB","14247","robust",NA,NA,NA,NA,NA,NA,NA,NA,NA,NA,NA,NA,NA,NA,NA,NA,NA,NA,NA,NA,NA,NA,NA,NA,NA,NA,56.3,14.23296,2,0,0.65,0.29652,3.15,0.22239,0.8,0,2019,1997-05-25,"Q","Undisclosed",2026,0
"Akeem Davis-Gaither","IND","LB","14943","robust",NA,NA,NA,NA,NA,NA,NA,NA,NA,NA,NA,NA,NA,NA,NA,NA,NA,NA,NA,NA,NA,NA,NA,NA,NA,NA,58.7,24.01812,1,0,0.95,0,3.85,0.22239,0,0,2020,1997-09-21,NA,NA,NA,NA
"Henry To'oTo'o","HOU","LB","16236","robust",NA,NA,NA,NA,NA,NA,NA,NA,NA,NA,NA,NA,NA,NA,NA,NA,NA,NA,NA,NA,NA,NA,NA,NA,NA,NA,60.35,17.19816,1,0,0.85,0,3.75,0.37065,0,0,2023,2001-01-05,NA,NA,NA,NA
"Alex Anzalone","TB","LB","13268","robust",NA,NA,NA,NA,NA,NA,NA,NA,NA,NA,NA,NA,NA,NA,NA,NA,NA,NA,NA,NA,NA,NA,NA,NA,NA,NA,61.05,16.01208,2,0,0.85,0,6,0,0,0,2017,1994-09-22,NA,NA,NA,NA
"Devin Lloyd","CAR","LB","15822","robust",NA,NA,NA,NA,NA,NA,NA,NA,NA,NA,NA,NA,NA,NA,NA,NA,NA,NA,NA,NA,NA,NA,NA,NA,NA,NA,68.45,28.46592,3,0,2,1.4826,6.5,0.7413,0.6,0,2022,1998-09-30,NA,NA,NA,NA
"Christian Harris","ATL","LB","15823","robust",NA,NA,NA,NA,NA,NA,NA,NA,NA,NA,NA,NA,NA,NA,NA,NA,NA,NA,NA,NA,NA,NA,NA,NA,NA,NA,57.725,6.07866,0,0,0.85,0,4.4,0.593039999999999,0,0,2022,2001-01-16,NA,NA,NA,NA
"Eric Wilson","MIN","LB","13447","robust",NA,NA,NA,NA,NA,NA,NA,NA,NA,NA,NA,NA,NA,NA,NA,NA,NA,NA,NA,NA,NA,NA,NA,NA,NA,NA,63.875,8.1543,4,0,0.25,0,1,1.4826,0,0,2017,1994-09-26,NA,NA,NA,NA
"Trevin Wallace","CAR","LB","16704","robust",NA,NA,NA,NA,NA,NA,NA,NA,NA,NA,NA,NA,NA,NA,NA,NA,NA,NA,NA,NA,NA,NA,NA,NA,NA,NA,56.775,5.78214,2,0,0.25,0,2.65,0.51891,0,0,2024,2003-02-22,"Q","Shoulder",2026,0
"CJ Allen","IND","LB","17558","robust",NA,NA,NA,NA,NA,NA,NA,NA,NA,NA,NA,NA,NA,NA,NA,NA,NA,NA,NA,NA,NA,NA,NA,NA,NA,NA,66.625,11.1195,2,0,1,0,4.15,1.70499,0,0,2026,2005-03-01,NA,NA,NA,NA
"Dee Winters","DAL","LB","16346","robust",NA,NA,NA,NA,NA,NA,NA,NA,NA,NA,NA,NA,NA,NA,NA,NA,NA,NA,NA,NA,NA,NA,NA,NA,NA,NA,61.4,21.34944,1,0,0.925,0,3.7,0.44478,0.7,0,2023,2000-10-17,NA,NA,NA,NA
"Frankie Luvu","WAS","LB","13952","robust",NA,NA,NA,NA,NA,NA,NA,NA,NA,NA,NA,NA,NA,NA,NA,NA,NA,NA,NA,NA,NA,NA,NA,NA,NA,NA,50.325,6.96822,3,0,0.25,0,3.15,1.70499,0,0,2018,1996-09-19,NA,NA,NA,NA
"Drake Thomas","SEA","LB","16450","robust",NA,NA,NA,NA,NA,NA,NA,NA,NA,NA,NA,NA,NA,NA,NA,NA,NA,NA,NA,NA,NA,NA,NA,NA,NA,NA,57.15,6.52344,2,0,1.025,0,6.05,0.0741299999999997,0,0,2023,2000-02-25,NA,NA,NA,NA
"Cody Barton","TEN","LB","14217","robust",NA,NA,NA,NA,NA,NA,NA,NA,NA,NA,NA,NA,NA,NA,NA,NA,NA,NA,NA,NA,NA,NA,NA,NA,NA,NA,52.4,4.15128,1,0,1.225,1.4826,5.9,7.26474,0.7,0,2019,1996-11-13,NA,NA,NA,NA
"Teddye Buchanan","BAL","LB","17185","robust",NA,NA,NA,NA,NA,NA,NA,NA,NA,NA,NA,NA,NA,NA,NA,NA,NA,NA,NA,NA,NA,NA,NA,NA,NA,NA,55.85,37.95456,1,0,0,0,1.4,0.88956,0,0,2025,2002-10-03,"O","Knee - ACL",2026,0
"Omar Speights","LAR","LB","16870","robust",NA,NA,NA,NA,NA,NA,NA,NA,NA,NA,NA,NA,NA,NA,NA,NA,NA,NA,NA,NA,NA,NA,NA,NA,NA,NA,56.25,11.8608,1,0,0,0,3.15,0.22239,0,0,2024,2001-03-02,NA,NA,NA,NA
"Christian Elliss","NE","LB","15681","robust",NA,NA,NA,NA,NA,NA,NA,NA,NA,NA,NA,NA,NA,NA,NA,NA,NA,NA,NA,NA,NA,NA,NA,NA,NA,NA,53.95,3.55824,2,0,0.8,0,4.9,1.33434,0,0,2021,1999-01-02,NA,NA,NA,NA
"Derrick Barnes","DET","LB","15409","robust",NA,NA,NA,NA,NA,NA,NA,NA,NA,NA,NA,NA,NA,NA,NA,NA,NA,NA,NA,NA,NA,NA,NA,NA,NA,NA,51.85,17.19816,4,0,1.05,0,3,0,0,0,2021,1999-05-29,NA,NA,NA,NA
"Ventrell Miller","JAC","LB","16296","robust",NA,NA,NA,NA,NA,NA,NA,NA,NA,NA,NA,NA,NA,NA,NA,NA,NA,NA,NA,NA,NA,NA,NA,NA,NA,NA,47.375,11.1195,2,0,1.3,0,4.85,0.222389999999999,0.2,0,2023,1999-01-15,NA,NA,NA,NA
"Denzel Perryman","LAC","LB","12238","robust",NA,NA,NA,NA,NA,NA,NA,NA,NA,NA,NA,NA,NA,NA,NA,NA,NA,NA,NA,NA,NA,NA,NA,NA,NA,NA,49.675,0.444779999999996,0,0,0.25,0,2.15,0.22239,0,0,NA,1992-12-05,NA,NA,NA,NA
"SirVocea Dennis","TB","LB","16314","robust",NA,NA,NA,NA,NA,NA,NA,NA,NA,NA,NA,NA,NA,NA,NA,NA,NA,NA,NA,NA,NA,NA,NA,NA,NA,NA,63,19.2738,2,0,0.9,0.14826,3.4,0,0,0,2023,2000-03-09,NA,NA,NA,NA
"Justin Strnad","DEN","LB","14979","robust",NA,NA,NA,NA,NA,NA,NA,NA,NA,NA,NA,NA,NA,NA,NA,NA,NA,NA,NA,NA,NA,NA,NA,NA,NA,NA,40.825,11.41602,3,0,0.95,0,2.35,0.51891,0,0,2020,1996-08-21,NA,NA,NA,NA
"Christian Rozeboom","TB","LB","15076","robust",NA,NA,NA,NA,NA,NA,NA,NA,NA,NA,NA,NA,NA,NA,NA,NA,NA,NA,NA,NA,NA,NA,NA,NA,NA,NA,47.9,30.98634,NA,NA,0.85,1.26021,3.05,1.55673,0,0,2020,1997-01-30,NA,NA,NA,NA
"Payton Wilson","PIT","LB","16716","robust",NA,NA,NA,NA,NA,NA,NA,NA,NA,NA,NA,NA,NA,NA,NA,NA,NA,NA,NA,NA,NA,NA,NA,NA,NA,NA,54.75,19.64445,NA,NA,0.55,0.66717,1.9,1.63086,0,0,2024,2000-04-21,NA,NA,NA,NA
"Pete Werner","NO","LB","15387","robust",NA,NA,NA,NA,NA,NA,NA,NA,NA,NA,NA,NA,NA,NA,NA,NA,NA,NA,NA,NA,NA,NA,NA,NA,NA,NA,39.65,21.72009,NA,NA,0,0,4,0,0,0,2021,1999-06-05,NA,NA,NA,NA
"Leo Chenal","WAS","LB","15831","robust",NA,NA,NA,NA,NA,NA,NA,NA,NA,NA,NA,NA,NA,NA,NA,NA,NA,NA,NA,NA,NA,NA,NA,NA,NA,NA,40.9,19.42206,NA,NA,0.8,0.29652,2.95,0.0741300000000001,0,0,2022,2000-10-26,NA,NA,NA,NA
"Bryce Boettcher","IND","LB","17629","robust",NA,NA,NA,NA,NA,NA,NA,NA,NA,NA,NA,NA,NA,NA,NA,NA,NA,NA,NA,NA,NA,NA,NA,NA,NA,NA,41.6,11.26776,NA,NA,0.15,0.22239,2.8,1.18608,0,0,2026,2002-07-08,NA,NA,NA,NA
"Malcolm Rodriguez","DET","LB","15914","robust",NA,NA,NA,NA,NA,NA,NA,NA,NA,NA,NA,NA,NA,NA,NA,NA,NA,NA,NA,NA,NA,NA,NA,NA,NA,NA,36.55,8.22843,NA,NA,0.15,0.22239,4.65,2.44629,0,0,2022,1999-03-29,"Q","Ankle",2026,0
"Dorian Williams","BUF","LB","16284","robust",NA,NA,NA,NA,NA,NA,NA,NA,NA,NA,NA,NA,NA,NA,NA,NA,NA,NA,NA,NA,NA,NA,NA,NA,NA,NA,35.3,6.96822,NA,NA,0,0,2.05,1.40847,0,0,2023,2001-06-28,NA,NA,NA,NA
"D'Marco Jackson","CHI","LB","15899","robust",NA,NA,NA,NA,NA,NA,NA,NA,NA,NA,NA,NA,NA,NA,NA,NA,NA,NA,NA,NA,NA,NA,NA,NA,NA,NA,39.85,0.222389999999998,NA,NA,0.05,0.07413,3.55,0.81543,0,0,2022,1998-07-20,NA,NA,NA,NA
"Isaiah McDuffie","GB","LB","15473","robust",NA,NA,NA,NA,NA,NA,NA,NA,NA,NA,NA,NA,NA,NA,NA,NA,NA,NA,NA,NA,NA,NA,NA,NA,NA,NA,39.15,1.26021,NA,NA,0.25,0.37065,2,0,0,0,2021,1999-07-21,NA,NA,NA,NA
"Troy Andersen","ATL","LB","15858","robust",NA,NA,NA,NA,NA,NA,NA,NA,NA,NA,NA,NA,NA,NA,NA,NA,NA,NA,NA,NA,NA,NA,NA,NA,NA,NA,19.35,27.65049,NA,NA,0.5,0.7413,0.5,0.7413,0,0,2022,1999-04-23,"O","Knee",2026,0
"Cody Simon","ARI","LB","17178","robust",NA,NA,NA,NA,NA,NA,NA,NA,NA,NA,NA,NA,NA,NA,NA,NA,NA,NA,NA,NA,NA,NA,NA,NA,NA,NA,36.25,1.11195,NA,NA,0.1,0.14826,3.25,0.37065,0,0,2025,2002-04-01,NA,NA,NA,NA
"Jacob Rodriguez","MIA","LB","17586","robust",NA,NA,NA,NA,NA,NA,NA,NA,NA,NA,NA,NA,NA,NA,NA,NA,NA,NA,NA,NA,NA,NA,NA,NA,NA,NA,17.4,23.12856,NA,NA,0,0,2.1,1.33434,0,0,2026,2002-09-06,NA,NA,NA,NA
"Kaleb Elarms-Orr","BUF","LB","17623","robust",NA,NA,NA,NA,NA,NA,NA,NA,NA,NA,NA,NA,NA,NA,NA,NA,NA,NA,NA,NA,NA,NA,NA,NA,NA,NA,23.75,12.23145,NA,NA,0,0,1.2,1.18608,0,0,2026,2003-08-29,NA,NA,NA,NA
"Anthony Hill Jr.","TEN","LB","17560","robust",NA,NA,NA,NA,NA,NA,NA,NA,NA,NA,NA,NA,NA,NA,NA,NA,NA,NA,NA,NA,NA,NA,NA,NA,NA,NA,16.6,21.34944,NA,NA,0,0,0.5,0.7413,0,0,2026,2005-02-14,NA,NA,NA,NA
"Ivan Pace","MIN","LB","16383","robust",NA,NA,NA,NA,NA,NA,NA,NA,NA,NA,NA,NA,NA,NA,NA,NA,NA,NA,NA,NA,NA,NA,NA,NA,NA,NA,27.45,3.78063,NA,NA,0.5,0.7413,0.5,0.7413,0,0,2023,2000-12-16,NA,NA,NA,NA
"Troy Dye","LAC","LB","14953","robust",NA,NA,NA,NA,NA,NA,NA,NA,NA,NA,NA,NA,NA,NA,NA,NA,NA,NA,NA,NA,NA,NA,NA,NA,NA,NA,26.25,5.55975,NA,NA,0,0,2.35,0.51891,0,0,2020,1996-09-18,NA,NA,NA,NA
"Danny Stutsman","NO","LB","17126","robust",NA,NA,NA,NA,NA,NA,NA,NA,NA,NA,NA,NA,NA,NA,NA,NA,NA,NA,NA,NA,NA,NA,NA,NA,NA,NA,25.2,7.11648,NA,NA,0,0,0.5,0.7413,0,0,2025,2003-03-10,NA,NA,NA,NA
"Tommy Eichenberg","LVR","LB","16666","robust",NA,NA,NA,NA,NA,NA,NA,NA,NA,NA,NA,NA,NA,NA,NA,NA,NA,NA,NA,NA,NA,NA,NA,NA,NA,NA,27.9,2.81694,NA,NA,0.15,0.22239,1.9,0.14826,0,0,2024,2001-01-11,NA,NA,NA,NA
"Jack Kiser","JAC","LB","17173","robust",NA,NA,NA,NA,NA,NA,NA,NA,NA,NA,NA,NA,NA,NA,NA,NA,NA,NA,NA,NA,NA,NA,NA,NA,NA,NA,19.2,10.08168,NA,NA,0,0,1.3,1.03782,0,0,2025,2000-09-10,"Q","Knee",2026,0
"Jeremiah Trotter Jr.","PHI","LB","16664","robust",NA,NA,NA,NA,NA,NA,NA,NA,NA,NA,NA,NA,NA,NA,NA,NA,NA,NA,NA,NA,NA,NA,NA,NA,NA,NA,17.25,11.49015,NA,NA,0,0,1.25,0.37065,0,0,2024,2002-12-24,NA,NA,NA,NA
"Jake Golday","MIN","LB","17571","robust",NA,NA,NA,NA,NA,NA,NA,NA,NA,NA,NA,NA,NA,NA,NA,NA,NA,NA,NA,NA,NA,NA,NA,NA,NA,NA,13.3,15.86382,NA,NA,0,0,0.5,0.7413,0,0,2026,2003-05-23,NA,NA,NA,NA
"Jaishawn Barham","DAL","LB","17606","robust",NA,NA,NA,NA,NA,NA,NA,NA,NA,NA,NA,NA,NA,NA,NA,NA,NA,NA,NA,NA,NA,NA,NA,NA,NA,NA,16.6,6.52344,NA,NA,0,0,1.7,0.44478,0,0,2026,2004-02-02,NA,NA,NA,NA
"Budda Baker","ARI","DB","13251","robust",NA,NA,NA,NA,NA,NA,NA,NA,NA,NA,NA,NA,NA,NA,NA,NA,NA,NA,NA,NA,NA,NA,NA,NA,NA,NA,80.075,11.41602,1,0,0.9,0,5.05,0.0741299999999997,0,0,2017,1996-01-10,NA,NA,NA,NA
"Jeremy Chinn","LVR","DB","14927","robust",NA,NA,NA,NA,NA,NA,NA,NA,NA,NA,NA,NA,NA,NA,NA,NA,NA,NA,NA,NA,NA,NA,NA,NA,NA,NA,75.75,8.8956,1,0,0.8,0,3.55,0.66717,0,0,2020,1998-02-26,NA,NA,NA,NA
"Kamren Curl","LAR","DB","15001","robust",NA,NA,NA,NA,NA,NA,NA,NA,NA,NA,NA,NA,NA,NA,NA,NA,NA,NA,NA,NA,NA,NA,NA,NA,NA,NA,81.075,12.89862,1,0,1.95,0,5.4,2.37216,0,0,2020,1999-03-03,NA,NA,NA,NA
"Tykee Smith","TB","DB","16708","robust",NA,NA,NA,NA,NA,NA,NA,NA,NA,NA,NA,NA,NA,NA,NA,NA,NA,NA,NA,NA,NA,NA,NA,NA,NA,NA,73.475,17.93946,1,0,2.05,1.18608,9.9,1.33434,0,0,2024,2001-02-18,NA,NA,NA,NA
"Malik Mustapha","SF","DB","16725","robust",NA,NA,NA,NA,NA,NA,NA,NA,NA,NA,NA,NA,NA,NA,NA,NA,NA,NA,NA,NA,NA,NA,NA,NA,NA,NA,70.75,8.8956,0,0,0.95,0,4.8,0.29652,0,0,2024,2002-06-25,"Q","Hamstring",2026,0
"Nick Scott","CAR","DB","14302","robust",NA,NA,NA,NA,NA,NA,NA,NA,NA,NA,NA,NA,NA,NA,NA,NA,NA,NA,NA,NA,NA,NA,NA,NA,NA,NA,74.95,16.90164,0,0,1.125,0,3.4,0.59304,0,0,2019,1995-05-17,NA,NA,NA,NA
"Kyle Hamilton","BAL","DB","15834","robust",NA,NA,NA,NA,NA,NA,NA,NA,NA,NA,NA,NA,NA,NA,NA,NA,NA,NA,NA,NA,NA,NA,NA,NA,NA,NA,76.6,0.296520000000004,2,0,1.875,1.4826,8.85,1.26021,0,0,2022,2001-03-16,NA,NA,NA,NA
"Nick Cross","WAS","DB","15839","robust",NA,NA,NA,NA,NA,NA,NA,NA,NA,NA,NA,NA,NA,NA,NA,NA,NA,NA,NA,NA,NA,NA,NA,NA,NA,NA,80.9,5.04084000000001,1,0,1.4,0.44478,6.25,1.85325,0,0,2022,2001-09-10,NA,NA,NA,NA
"Chamarri Conner","KC","DB","16295","robust",NA,NA,NA,NA,NA,NA,NA,NA,NA,NA,NA,NA,NA,NA,NA,NA,NA,NA,NA,NA,NA,NA,NA,NA,NA,NA,76.75,7.413,1,0,1.15,0,4,1.4826,0,0,2023,2000-07-11,NA,NA,NA,NA
"Derwin James","LAC","DB","13714","robust",NA,NA,NA,NA,NA,NA,NA,NA,NA,NA,NA,NA,NA,NA,NA,NA,NA,NA,NA,NA,NA,NA,NA,NA,NA,NA,67.35,11.26776,2,0,2.05,0,7,0,0,0,2018,1996-08-03,NA,NA,NA,NA
"Jordan Battle","CIN","DB","16245","robust",NA,NA,NA,NA,NA,NA,NA,NA,NA,NA,NA,NA,NA,NA,NA,NA,NA,NA,NA,NA,NA,NA,NA,NA,NA,NA,68.325,5.48562,1,0,2.275,0,5.3,0.44478,0.2,0,2023,2000-12-14,NA,NA,NA,NA
"Talanoa Hufanga","DEN","DB","15452","robust",NA,NA,NA,NA,NA,NA,NA,NA,NA,NA,NA,NA,NA,NA,NA,NA,NA,NA,NA,NA,NA,NA,NA,NA,NA,NA,77.25,14.0847,1,0,1.35,0.88956,9.65,2.44629,0.2,0,2021,2000-02-01,NA,NA,NA,NA
"Trevon Moehrig","CAR","DB","15365","robust",NA,NA,NA,NA,NA,NA,NA,NA,NA,NA,NA,NA,NA,NA,NA,NA,NA,NA,NA,NA,NA,NA,NA,NA,NA,NA,74.175,3.40998,2,0,1.1,0,4.2,1.18608,0,0,2021,1999-06-16,NA,NA,NA,NA
"Josh Metellus","MIN","DB","14995","robust",NA,NA,NA,NA,NA,NA,NA,NA,NA,NA,NA,NA,NA,NA,NA,NA,NA,NA,NA,NA,NA,NA,NA,NA,NA,NA,65.2,37.36152,1,0,2.25,0,6.4,2.07564,0,0,2020,1998-01-21,"Q","Shoulder",2026,0
"Jalen Thompson","DAL","DB","14518","robust",NA,NA,NA,NA,NA,NA,NA,NA,NA,NA,NA,NA,NA,NA,NA,NA,NA,NA,NA,NA,NA,NA,NA,NA,NA,NA,67.575,12.89862,1,0,1,1.4826,4.5,0.7413,0,0,2019,1998-07-18,"Q","Hip",2026,0
"Xavier McKinney","GB","DB","14908","robust",NA,NA,NA,NA,NA,NA,NA,NA,NA,NA,NA,NA,NA,NA,NA,NA,NA,NA,NA,NA,NA,NA,NA,NA,NA,NA,69.975,1.63086,0,0,2.65,0,9.4,0.889559999999999,0,0,2020,1999-08-09,NA,NA,NA,NA
"DeShon Elliott","PIT","DB","13806","robust",NA,NA,NA,NA,NA,NA,NA,NA,NA,NA,NA,NA,NA,NA,NA,NA,NA,NA,NA,NA,NA,NA,NA,NA,NA,NA,70.75,14.826,2,0,2.15,0,6.85,2.74281,0.5,0,2018,1997-04-21,NA,NA,NA,NA
"Nick Emmanwori","SEA","DB","17144","robust",NA,NA,NA,NA,NA,NA,NA,NA,NA,NA,NA,NA,NA,NA,NA,NA,NA,NA,NA,NA,NA,NA,NA,NA,NA,NA,68.575,35.13762,3,0,1.2,0.29652,10.05,0.0741299999999984,0,0,2025,2004-02-07,"O","Ankle",2026,0
"Ronnie Hickman","CLE","DB","16460","robust",NA,NA,NA,NA,NA,NA,NA,NA,NA,NA,NA,NA,NA,NA,NA,NA,NA,NA,NA,NA,NA,NA,NA,NA,NA,NA,62.95,3.55824,0,0,1.9,0,6.6,0.889559999999999,0,0,2023,2001-10-11,NA,NA,NA,NA
"DaRon Bland","DAL","DB","15904","robust",NA,NA,NA,NA,NA,NA,NA,NA,NA,NA,NA,NA,NA,NA,NA,NA,NA,NA,NA,NA,NA,NA,NA,NA,NA,NA,65.3,15.71556,0,0,1.125,0.7413,7.45,0.66717,0.5,0,2022,1999-07-12,NA,NA,NA,NA
"Jaquan Brisker","PIT","DB","15835","robust",NA,NA,NA,NA,NA,NA,NA,NA,NA,NA,NA,NA,NA,NA,NA,NA,NA,NA,NA,NA,NA,NA,NA,NA,NA,NA,67.45,15.41904,2,0,1.65,0.29652,8.7,4.00302,0.5,0,2022,1999-04-20,NA,NA,NA,NA
"Paulson Adebo","NYG","DB","15394","robust",NA,NA,NA,NA,NA,NA,NA,NA,NA,NA,NA,NA,NA,NA,NA,NA,NA,NA,NA,NA,NA,NA,NA,NA,NA,NA,68.45,10.67472,0,0,1.85,0,9.6,3.55824,0,0,2021,1999-07-03,NA,NA,NA,NA
"Cole Bishop","BUF","DB","16700","robust",NA,NA,NA,NA,NA,NA,NA,NA,NA,NA,NA,NA,NA,NA,NA,NA,NA,NA,NA,NA,NA,NA,NA,NA,NA,NA,64.2,18.08772,1,0,2.2,0,6.8,1.18608,0.5,0,2024,2002-10-24,NA,NA,NA,NA
"Evan Williams","GB","DB","16719","robust",NA,NA,NA,NA,NA,NA,NA,NA,NA,NA,NA,NA,NA,NA,NA,NA,NA,NA,NA,NA,NA,NA,NA,NA,NA,NA,62.25,5.1891,0,0,1.975,0,6.1,3.11346,0,0,2024,2001-07-28,NA,NA,NA,NA
"Kamari Lassiter","HOU","DB","16672","robust",NA,NA,NA,NA,NA,NA,NA,NA,NA,NA,NA,NA,NA,NA,NA,NA,NA,NA,NA,NA,NA,NA,NA,NA,NA,NA,65.125,14.0847,0,0,2.8,0.29652,15.5,2.2239,0,0,2024,2003-01-23,NA,NA,NA,NA
"Quentin Lake","LAR","DB","15923","robust",NA,NA,NA,NA,NA,NA,NA,NA,NA,NA,NA,NA,NA,NA,NA,NA,NA,NA,NA,NA,NA,NA,NA,NA,NA,NA,67.75,25.2042,1,0,1.1,0.88956,9.2,1.77912,0,0,2022,1999-01-29,NA,NA,NA,NA
"Devon Witherspoon","SEA","DB","16241","robust",NA,NA,NA,NA,NA,NA,NA,NA,NA,NA,NA,NA,NA,NA,NA,NA,NA,NA,NA,NA,NA,NA,NA,NA,NA,NA,69.05,13.49166,1,0,1.175,0.44478,10,2.9652,0,0,2023,2000-12-11,NA,NA,NA,NA
"Jessie Bates","ATL","DB","13737","robust",NA,NA,NA,NA,NA,NA,NA,NA,NA,NA,NA,NA,NA,NA,NA,NA,NA,NA,NA,NA,NA,NA,NA,NA,NA,NA,67.6,3.85476,0,0,2.275,0,7.6,0.593039999999999,1.4,0,2018,1997-02-26,NA,NA,NA,NA
"Antoine Winfield","TB","DB","14909","robust",NA,NA,NA,NA,NA,NA,NA,NA,NA,NA,NA,NA,NA,NA,NA,NA,NA,NA,NA,NA,NA,NA,NA,NA,NA,NA,71.35,24.61116,2,0,1.85,0,8.05,1.40847,0.5,0,2020,1998-08-16,NA,NA,NA,NA
"Minkah Fitzpatrick","NYJ","DB","13713","robust",NA,NA,NA,NA,NA,NA,NA,NA,NA,NA,NA,NA,NA,NA,NA,NA,NA,NA,NA,NA,NA,NA,NA,NA,NA,NA,69.85,0.889560000000002,1,0,1.15,0.59304,6.6,0.889559999999999,0,0,2018,1996-11-17,NA,NA,NA,NA
"Alohi Gilman","KC","DB","14982","robust",NA,NA,NA,NA,NA,NA,NA,NA,NA,NA,NA,NA,NA,NA,NA,NA,NA,NA,NA,NA,NA,NA,NA,NA,NA,NA,69.25,32.6172,0,0,1.35,1.77912,8.95,4.37367,0.7,0,2020,1997-09-17,NA,NA,NA,NA
"Amani Hooker","TEN","DB","14182","robust",NA,NA,NA,NA,NA,NA,NA,NA,NA,NA,NA,NA,NA,NA,NA,NA,NA,NA,NA,NA,NA,NA,NA,NA,NA,NA,65.575,40.0302,1,0,1.825,0,6.9,1.63086,0,0,2019,1998-06-14,NA,NA,NA,NA
"Bryan Cook","CIN","DB","15860","robust",NA,NA,NA,NA,NA,NA,NA,NA,NA,NA,NA,NA,NA,NA,NA,NA,NA,NA,NA,NA,NA,NA,NA,NA,NA,NA,64.5,4.4478,0,0,1.075,1.03782,8.05,3.03933,0,0,2022,1999-09-07,NA,NA,NA,NA
"Trent McDuffie","LAR","DB","15845","robust",NA,NA,NA,NA,NA,NA,NA,NA,NA,NA,NA,NA,NA,NA,NA,NA,NA,NA,NA,NA,NA,NA,NA,NA,NA,NA,54.725,14.97426,1,0,1.7,0,9.45,2.29803,0,0,2022,2000-09-13,NA,NA,NA,NA
"Xavier Watts","ATL","DB","17131","robust",NA,NA,NA,NA,NA,NA,NA,NA,NA,NA,NA,NA,NA,NA,NA,NA,NA,NA,NA,NA,NA,NA,NA,NA,NA,NA,64.75,4.4478,0,0,3.325,0,10.2,0.296519999999999,0.2,0,2025,2001-11-22,"Q","Undisclosed",2026,0
"Justin Reid","NO","DB","13717","robust",NA,NA,NA,NA,NA,NA,NA,NA,NA,NA,NA,NA,NA,NA,NA,NA,NA,NA,NA,NA,NA,NA,NA,NA,NA,NA,60.9,18.38424,1,0,1.85,0,8.15,0.222390000000001,0.8,0,2018,1997-02-15,NA,NA,NA,NA
"Brandon Jones","DEN","DB","14910","robust",NA,NA,NA,NA,NA,NA,NA,NA,NA,NA,NA,NA,NA,NA,NA,NA,NA,NA,NA,NA,NA,NA,NA,NA,NA,NA,64.575,9.93342,1,0,1.75,0,7.6,0.593039999999999,0,0,2020,1998-04-02,NA,NA,NA,NA
"Jalen Pitre","HOU","DB","15850","robust",NA,NA,NA,NA,NA,NA,NA,NA,NA,NA,NA,NA,NA,NA,NA,NA,NA,NA,NA,NA,NA,NA,NA,NA,NA,NA,59.45,32.91372,2,0,2.025,0,10,1.4826,0,0,2022,1999-06-03,NA,NA,NA,NA
"Craig Woodson","NE","DB","17172","robust",NA,NA,NA,NA,NA,NA,NA,NA,NA,NA,NA,NA,NA,NA,NA,NA,NA,NA,NA,NA,NA,NA,NA,NA,NA,NA,59.6,6.22692,1,0,1.6,0.44478,6.4,3.55824,0,0,2025,2001-02-20,NA,NA,NA,NA
"Kevin Byard","NE","DB","12752","robust",NA,NA,NA,NA,NA,NA,NA,NA,NA,NA,NA,NA,NA,NA,NA,NA,NA,NA,NA,NA,NA,NA,NA,NA,NA,NA,70.275,17.64294,0,0,3.125,1.4826,8.55,2.29803,0,0,2016,1993-08-17,NA,NA,NA,NA
"Zyon McCollum","TB","DB","15895","robust",NA,NA,NA,NA,NA,NA,NA,NA,NA,NA,NA,NA,NA,NA,NA,NA,NA,NA,NA,NA,NA,NA,NA,NA,NA,NA,58.775,13.19514,0,0,1.1,0,10.25,2.59455,0.2,0,2022,1999-05-03,NA,NA,NA,NA
"Caleb Downs","DAL","DB","17563","robust",NA,NA,NA,NA,NA,NA,NA,NA,NA,NA,NA,NA,NA,NA,NA,NA,NA,NA,NA,NA,NA,NA,NA,NA,NA,NA,53.85,40.91976,1,0,1.725,0,3.95,4.52193,0,0,2026,2004-12-10,NA,NA,NA,NA
"Dadrion Taylor-Demerson","ARI","DB","16717","robust",NA,NA,NA,NA,NA,NA,NA,NA,NA,NA,NA,NA,NA,NA,NA,NA,NA,NA,NA,NA,NA,NA,NA,NA,NA,NA,58.55,42.17997,0,0,2,0,5.7,0,0,0,2024,2001-01-20,NA,NA,NA,NA
"Christian Gonzalez","NE","DB","16251","robust",NA,NA,NA,NA,NA,NA,NA,NA,NA,NA,NA,NA,NA,NA,NA,NA,NA,NA,NA,NA,NA,NA,NA,NA,NA,NA,59.825,4.00302,0,0,1.975,1.4826,12.8,1.18608,0.4,0,2023,2002-06-28,NA,NA,NA,NA
"Grant Delpit","CLE","DB","14907","robust",NA,NA,NA,NA,NA,NA,NA,NA,NA,NA,NA,NA,NA,NA,NA,NA,NA,NA,NA,NA,NA,NA,NA,NA,NA,NA,61.55,7.11648,2,0,0.775,0,2.55,0.66717,0.3,0,2020,1998-09-20,NA,NA,NA,NA
"Tyson Campbell","CLE","DB","15380","robust",NA,NA,NA,NA,NA,NA,NA,NA,NA,NA,NA,NA,NA,NA,NA,NA,NA,NA,NA,NA,NA,NA,NA,NA,NA,NA,61.05,12.00906,0,0,1.95,1.4826,14.7,2.52042,0.8,0,2021,2000-03-17,NA,NA,NA,NA
"Cooper DeJean","PHI","DB","16675","robust",NA,NA,NA,NA,NA,NA,NA,NA,NA,NA,NA,NA,NA,NA,NA,NA,NA,NA,NA,NA,NA,NA,NA,NA,NA,NA,64.175,25.2042,1,0,2.35,0.29652,12.7,0.444779999999998,0,0,2024,2003-02-09,NA,NA,NA,NA
"Alontae Taylor","TEN","DB","15856","robust",NA,NA,NA,NA,NA,NA,NA,NA,NA,NA,NA,NA,NA,NA,NA,NA,NA,NA,NA,NA,NA,NA,NA,NA,NA,NA,64.525,5.78214,2,0,1.4,0.44478,9.5,3.7065,0,0,2022,1998-12-03,NA,NA,NA,NA
"Julian Love","SEA","DB","14179","robust",NA,NA,NA,NA,NA,NA,NA,NA,NA,NA,NA,NA,NA,NA,NA,NA,NA,NA,NA,NA,NA,NA,NA,NA,NA,NA,67.75,0,1,0,3.075,1.4826,9.45,3.63237,0,0,2019,1998-03-19,NA,NA,NA,NA
"Daxton Hill","CIN","DB","15836","robust",NA,NA,NA,NA,NA,NA,NA,NA,NA,NA,NA,NA,NA,NA,NA,NA,NA,NA,NA,NA,NA,NA,NA,NA,NA,NA,54.475,12.00906,1,0,0.775,0,9.75,1.11195,0,0,2022,2000-09-29,NA,NA,NA,NA
"Eric Murray","JAC","DB","12772","robust",NA,NA,NA,NA,NA,NA,NA,NA,NA,NA,NA,NA,NA,NA,NA,NA,NA,NA,NA,NA,NA,NA,NA,NA,NA,NA,59.65,13.78818,1,0,1.75,0,7.9,0.148259999999999,0.2,0,2016,1994-01-07,NA,NA,NA,NA
"Camryn Bynum","IND","DB","15418","robust",NA,NA,NA,NA,NA,NA,NA,NA,NA,NA,NA,NA,NA,NA,NA,NA,NA,NA,NA,NA,NA,NA,NA,NA,NA,NA,66.75,21.4977,1,0,2.5,0,8.1,1.33434,0,0,2021,1998-07-19,NA,NA,NA,NA
"D.J. Reed","DET","DB","13774","robust",NA,NA,NA,NA,NA,NA,NA,NA,NA,NA,NA,NA,NA,NA,NA,NA,NA,NA,NA,NA,NA,NA,NA,NA,NA,NA,55.35,0.296520000000004,0,0,1.2,0.29652,9.45,2.29803,0,0,2018,1996-11-11,NA,NA,NA,NA
"Kamren Kinchens","LAR","DB","16676","robust",NA,NA,NA,NA,NA,NA,NA,NA,NA,NA,NA,NA,NA,NA,NA,NA,NA,NA,NA,NA,NA,NA,NA,NA,NA,NA,68.2,15.12252,NA,NA,2,0,5.85,0.22239,0,0,2024,2002-09-29,NA,NA,NA,NA
"Carlton Davis","NE","DB","13710","robust",NA,NA,NA,NA,NA,NA,NA,NA,NA,NA,NA,NA,NA,NA,NA,NA,NA,NA,NA,NA,NA,NA,NA,NA,NA,NA,52.1,1.03782,0,0,1.4,0.44478,10.15,0.222390000000001,0,0,2018,1996-12-31,"Q","Undisclosed",2026,0
"Keisean Nixon","GB","DB","14669","robust",NA,NA,NA,NA,NA,NA,NA,NA,NA,NA,NA,NA,NA,NA,NA,NA,NA,NA,NA,NA,NA,NA,NA,NA,NA,NA,61.325,12.89862,0,0,1.225,0.14826,11.85,1.70499,0,0,2019,1997-06-22,NA,NA,NA,NA
"A.J. Terrell","ATL","DB","14918","robust",NA,NA,NA,NA,NA,NA,NA,NA,NA,NA,NA,NA,NA,NA,NA,NA,NA,NA,NA,NA,NA,NA,NA,NA,NA,NA,56.3,6.07866,0,0,1.75,0,10.6,0.889559999999999,0,0,2020,1998-09-23,NA,NA,NA,NA
"A.J. Terrell","ATL","DB","14918","robust",NA,NA,NA,NA,NA,NA,NA,NA,NA,NA,NA,NA,NA,NA,NA,NA,NA,NA,NA,NA,NA,NA,NA,NA,NA,NA,56.3,6.07866,0,0,1.75,0,10.6,0.889559999999999,0,0,2020,2001-03-28,NA,NA,NA,NA
"Kool-Aid McKinstry","NO","DB","16670","robust",NA,NA,NA,NA,NA,NA,NA,NA,NA,NA,NA,NA,NA,NA,NA,NA,NA,NA,NA,NA,NA,NA,NA,NA,NA,NA,58.95,5.78214,0,0,1.8,0,13.5,2.2239,0,0,2024,2002-09-30,NA,NA,NA,NA
"Brian Branch","DET","DB","16244","robust",NA,NA,NA,NA,NA,NA,NA,NA,NA,NA,NA,NA,NA,NA,NA,NA,NA,NA,NA,NA,NA,NA,NA,NA,NA,NA,58.4,13.93644,1,0,1.65,0,9.6,0.59304,0,0,2023,2001-10-22,"O","Achilles",2026,0
"Marlon Humphrey","BAL","DB","13223","robust",NA,NA,NA,NA,NA,NA,NA,NA,NA,NA,NA,NA,NA,NA,NA,NA,NA,NA,NA,NA,NA,NA,NA,NA,NA,NA,59.1,8.45082,1,0,3.1,1.4826,13.35,2.00151,0.5,0,2017,1996-07-08,NA,NA,NA,NA
"Riley Moss","DEN","DB","16279","robust",NA,NA,NA,NA,NA,NA,NA,NA,NA,NA,NA,NA,NA,NA,NA,NA,NA,NA,NA,NA,NA,NA,NA,NA,NA,NA,62.65,3.92889,NA,NA,0.9,0.14826,15.1,1.63086,0,0,2023,2000-03-03,NA,NA,NA,NA
"Dante Trader","MIA","DB","17202","robust",NA,NA,NA,NA,NA,NA,NA,NA,NA,NA,NA,NA,NA,NA,NA,NA,NA,NA,NA,NA,NA,NA,NA,NA,NA,NA,57.15,4.22541,NA,NA,0.5,0.7413,4.35,0.51891,0,0,2025,2003-02-13,NA,NA,NA,NA
"Malaki Starks","BAL","DB","17132","robust",NA,NA,NA,NA,NA,NA,NA,NA,NA,NA,NA,NA,NA,NA,NA,NA,NA,NA,NA,NA,NA,NA,NA,NA,NA,NA,53.5,8.1543,NA,NA,1.65,0.96369,7,2.9652,0.6,0,2025,2003-11-13,NA,NA,NA,NA
"Jevon Holland","NYG","DB","15366","robust",NA,NA,NA,NA,NA,NA,NA,NA,NA,NA,NA,NA,NA,NA,NA,NA,NA,NA,NA,NA,NA,NA,NA,NA,NA,NA,50.3,10.82298,NA,NA,1.65,0.96369,5.6,2.37216,0.2,0,2021,2000-03-03,"Q","Knee",2026,0
"Ty Okada","SEA","DB","16572","robust",NA,NA,NA,NA,NA,NA,NA,NA,NA,NA,NA,NA,NA,NA,NA,NA,NA,NA,NA,NA,NA,NA,NA,NA,NA,NA,50.75,10.00755,NA,NA,1.15,0.22239,9.1,4.59606,0,0,2023,1999-06-04,NA,NA,NA,NA
"Geno Stone","BUF","DB","15003","robust",NA,NA,NA,NA,NA,NA,NA,NA,NA,NA,NA,NA,NA,NA,NA,NA,NA,NA,NA,NA,NA,NA,NA,NA,NA,NA,56.4,0.889560000000002,NA,NA,1.45,0.81543,4.45,0.81543,0,0,2020,1999-04-19,NA,NA,NA,NA
"Dillon Thieneman","CHI","DB","17576","robust",NA,NA,NA,NA,NA,NA,NA,NA,NA,NA,NA,NA,NA,NA,NA,NA,NA,NA,NA,NA,NA,NA,NA,NA,NA,NA,54.9,1.63086,NA,NA,2,0,8.1,3.11346,0,0,2026,2004-08-08,NA,NA,NA,NA
"Michael Jackson","CAR","DB","14252","robust",NA,NA,NA,NA,NA,NA,NA,NA,NA,NA,NA,NA,NA,NA,NA,NA,NA,NA,NA,NA,NA,NA,NA,NA,NA,NA,54.6,2.07564,NA,NA,3,1.4826,18.05,4.52193,0.8,0,2019,1997-01-10,NA,NA,NA,NA
"Michael Jackson","CAR","DB","14252","robust",NA,NA,NA,NA,NA,NA,NA,NA,NA,NA,NA,NA,NA,NA,NA,NA,NA,NA,NA,NA,NA,NA,NA,NA,NA,NA,54.6,2.07564,NA,NA,3,1.4826,18.05,4.52193,0.8,0,2019,2002-05-24,NA,NA,NA,NA
"Marcus Jones","NE","DB","15868","robust",NA,NA,NA,NA,NA,NA,NA,NA,NA,NA,NA,NA,NA,NA,NA,NA,NA,NA,NA,NA,NA,NA,NA,NA,NA,NA,50.45,8.08017,NA,NA,2.3,0.44478,11.1,1.63086,2.9,0,2022,1998-10-22,NA,NA,NA,NA
"Jartavius Martin","WAS","DB","16263","robust",NA,NA,NA,NA,NA,NA,NA,NA,NA,NA,NA,NA,NA,NA,NA,NA,NA,NA,NA,NA,NA,NA,NA,NA,NA,NA,53.4,3.55824,NA,NA,1.55,0.66717,4.3,1.92738,0,0,2023,2000-04-17,NA,NA,NA,NA
"Andrew Mukuba","PHI","DB","17153","robust",NA,NA,NA,NA,NA,NA,NA,NA,NA,NA,NA,NA,NA,NA,NA,NA,NA,NA,NA,NA,NA,NA,NA,NA,NA,NA,48.85,10.15581,NA,NA,3.75,2.59455,8.5,5.1891,0.5,0,2025,2002-12-07,NA,NA,NA,NA
"Kerby Joseph","DET","DB","15871","robust",NA,NA,NA,NA,NA,NA,NA,NA,NA,NA,NA,NA,NA,NA,NA,NA,NA,NA,NA,NA,NA,NA,NA,NA,NA,NA,48.9,9.04386,NA,NA,3.6,0.88956,7.8,1.18608,0.4,0,2022,2000-11-14,"O","Knee",2026,0
"Kevin Winston","TEN","DB","17145","robust",NA,NA,NA,NA,NA,NA,NA,NA,NA,NA,NA,NA,NA,NA,NA,NA,NA,NA,NA,NA,NA,NA,NA,NA,NA,NA,47.6,9.78516,NA,NA,1.05,0.0741300000000001,4.3,0.44478,0,0,2025,2003-12-02,NA,NA,NA,NA
"A.J. Haulcy","IND","DB","17601","robust",NA,NA,NA,NA,NA,NA,NA,NA,NA,NA,NA,NA,NA,NA,NA,NA,NA,NA,NA,NA,NA,NA,NA,NA,NA,NA,50,5.9304,NA,NA,2,1.4826,5.7,2.52042,0.8,0,2026,2004-01-10,NA,NA,NA,NA
"Byron Murphy","MIN","DB","14180","robust",NA,NA,NA,NA,NA,NA,NA,NA,NA,NA,NA,NA,NA,NA,NA,NA,NA,NA,NA,NA,NA,NA,NA,NA,NA,NA,45.55,12.52797,NA,NA,1.5,0.7413,8.15,4.22541,0,0,2019,1998-01-18,NA,NA,NA,NA
"Tyler Nubin","NYG","DB","16679","robust",NA,NA,NA,NA,NA,NA,NA,NA,NA,NA,NA,NA,NA,NA,NA,NA,NA,NA,NA,NA,NA,NA,NA,NA,NA,NA,51.65,3.48411,NA,NA,0.85,0.22239,3.6,2.37216,1.1,0,2024,2001-06-14,NA,NA,NA,NA
"Reed Blankenship","HOU","DB","16018","robust",NA,NA,NA,NA,NA,NA,NA,NA,NA,NA,NA,NA,NA,NA,NA,NA,NA,NA,NA,NA,NA,NA,NA,NA,NA,NA,50.2,4.15128,NA,NA,1.95,0.0741300000000001,6.2,1.77912,0,0,2022,1999-03-02,NA,NA,NA,NA
"Javon Bullard","GB","DB","16677","robust",NA,NA,NA,NA,NA,NA,NA,NA,NA,NA,NA,NA,NA,NA,NA,NA,NA,NA,NA,NA,NA,NA,NA,NA,NA,NA,49.05,5.85627,NA,NA,0.5,0.7413,2.75,1.11195,0,0,2024,2002-09-05,NA,NA,NA,NA
"Kyler Gordon","CHI","DB","15852","robust",NA,NA,NA,NA,NA,NA,NA,NA,NA,NA,NA,NA,NA,NA,NA,NA,NA,NA,NA,NA,NA,NA,NA,NA,NA,NA,40.85,18.01359,NA,NA,0.5,0.7413,6.95,4.52193,0,0,2022,1999-12-17,"O","Calf",2026,0
"Nate Wiggins","BAL","DB","16673","robust",NA,NA,NA,NA,NA,NA,NA,NA,NA,NA,NA,NA,NA,NA,NA,NA,NA,NA,NA,NA,NA,NA,NA,NA,NA,NA,51.4,2.07564,NA,NA,2.25,0.37065,13.85,1.26021,0.8,0,2024,2003-08-28,NA,NA,NA,NA
"Theo Jackson","MIN","DB","15921","robust",NA,NA,NA,NA,NA,NA,NA,NA,NA,NA,NA,NA,NA,NA,NA,NA,NA,NA,NA,NA,NA,NA,NA,NA,NA,NA,44.6,11.26776,NA,NA,1.8,1.18608,6.55,3.78063,0,0,2022,1998-10-02,NA,NA,NA,NA
"Mike Sainristil","WAS","DB","16698","robust",NA,NA,NA,NA,NA,NA,NA,NA,NA,NA,NA,NA,NA,NA,NA,NA,NA,NA,NA,NA,NA,NA,NA,NA,NA,NA,48.75,3.33585,NA,NA,2.6,0.88956,12.85,0.222390000000001,0,0,2024,2000-10-03,NA,NA,NA,NA
"Marcus Epps","PHI","DB","14270","robust",NA,NA,NA,NA,NA,NA,NA,NA,NA,NA,NA,NA,NA,NA,NA,NA,NA,NA,NA,NA,NA,NA,NA,NA,NA,NA,49.3,1.92738,NA,NA,0.85,0.22239,4.45,2.14977,0,0,2019,1996-01-27,NA,NA,NA,NA
"Chauncey Gardner-Johnson","BUF","DB","14224","robust",NA,NA,NA,NA,NA,NA,NA,NA,NA,NA,NA,NA,NA,NA,NA,NA,NA,NA,NA,NA,NA,NA,NA,NA,NA,NA,39.05,16.23447,NA,NA,1.3,1.03782,5.3,4.00302,0,0,2019,1997-12-20,"Q","Calf",2026,0
"Julian Blackmon","NO","DB","14933","robust",NA,NA,NA,NA,NA,NA,NA,NA,NA,NA,NA,NA,NA,NA,NA,NA,NA,NA,NA,NA,NA,NA,NA,NA,NA,NA,48.85,1.26021,NA,NA,2.05,0.0741300000000001,7.4,5.04084,0,0,2020,1998-08-24,NA,NA,NA,NA
"Jacob Parrish","TB","DB","17163","robust",NA,NA,NA,NA,NA,NA,NA,NA,NA,NA,NA,NA,NA,NA,NA,NA,NA,NA,NA,NA,NA,NA,NA,NA,NA,NA,47.55,2.14977,NA,NA,2.15,0.22239,6.75,1.11195,0.2,0,2025,2004-02-29,NA,NA,NA,NA
"Maxwell Hairston","BUF","DB","17141","robust",NA,NA,NA,NA,NA,NA,NA,NA,NA,NA,NA,NA,NA,NA,NA,NA,NA,NA,NA,NA,NA,NA,NA,NA,NA,NA,38.15,16.08621,NA,NA,2.2,0.29652,9.15,1.26021,0.3,0,2025,2003-08-06,NA,NA,NA,NA
"Mansoor Delane","KC","DB","17562","robust",NA,NA,NA,NA,NA,NA,NA,NA,NA,NA,NA,NA,NA,NA,NA,NA,NA,NA,NA,NA,NA,NA,NA,NA,NA,NA,46.35,3.48411,NA,NA,1.2,1.18608,7.45,6.74583,0,0,2026,2003-12-15,"Q","Shoulder",2026,0
"Upton Stout","SF","DB","17169","robust",NA,NA,NA,NA,NA,NA,NA,NA,NA,NA,NA,NA,NA,NA,NA,NA,NA,NA,NA,NA,NA,NA,NA,NA,NA,NA,44.6,5.04084,NA,NA,0.6,0.59304,6.3,0.44478,0,0,2025,2002-01-09,NA,NA,NA,NA
"D'Angelo Ponds","NYJ","DB","17590","robust",NA,NA,NA,NA,NA,NA,NA,NA,NA,NA,NA,NA,NA,NA,NA,NA,NA,NA,NA,NA,NA,NA,NA,NA,NA,NA,35.3,18.82902,NA,NA,1.2,1.18608,5.6,3.55824,0,0,2026,2005-01-13,"Q","Calf",2026,0
"Andru Phillips","NYG","DB","16703","robust",NA,NA,NA,NA,NA,NA,NA,NA,NA,NA,NA,NA,NA,NA,NA,NA,NA,NA,NA,NA,NA,NA,NA,NA,NA,NA,47.45,0.815430000000001,NA,NA,1.1,0.14826,7,0,0,0,2024,2001-11-30,"Q","Lower Leg",2026,0
"Mike Hughes","ATL","DB","13731","robust",NA,NA,NA,NA,NA,NA,NA,NA,NA,NA,NA,NA,NA,NA,NA,NA,NA,NA,NA,NA,NA,NA,NA,NA,NA,NA,47.8,0.296519999999999,NA,NA,0.7,0.44478,7.95,0.0741299999999997,0,0,2018,1997-02-11,NA,NA,NA,NA
"Isaiah Rodgers","MIN","DB","14997","robust",NA,NA,NA,NA,NA,NA,NA,NA,NA,NA,NA,NA,NA,NA,NA,NA,NA,NA,NA,NA,NA,NA,NA,NA,NA,NA,44.85,4.22541,NA,NA,0.8,0.29652,5.75,3.33585,0.4,0,2020,1998-01-07,NA,NA,NA,NA
"Coby Bryant","CHI","DB","15872","robust",NA,NA,NA,NA,NA,NA,NA,NA,NA,NA,NA,NA,NA,NA,NA,NA,NA,NA,NA,NA,NA,NA,NA,NA,NA,NA,45.8,2.66868,NA,NA,3.4,2.07564,7.65,2.44629,0,0,2022,1999-03-29,"Q","Knee",2026,0
"Andrew Wingard","ARI","DB","14328","robust",NA,NA,NA,NA,NA,NA,NA,NA,NA,NA,NA,NA,NA,NA,NA,NA,NA,NA,NA,NA,NA,NA,NA,NA,NA,NA,42.05,7.48713,NA,NA,0.75,0.37065,6.15,0.22239,0,0,2019,1996-12-05,NA,NA,NA,NA
"Joey Porter Jr.","PIT","DB","16240","robust",NA,NA,NA,NA,NA,NA,NA,NA,NA,NA,NA,NA,NA,NA,NA,NA,NA,NA,NA,NA,NA,NA,NA,NA,NA,NA,37.55,14.01057,NA,NA,0.55,0.66717,10.3,2.52042,0,0,2023,2000-07-26,"O","Back",2026,0
"Montaric Brown","JAC","DB","15933","robust",NA,NA,NA,NA,NA,NA,NA,NA,NA,NA,NA,NA,NA,NA,NA,NA,NA,NA,NA,NA,NA,NA,NA,NA,NA,NA,46.4,0.889560000000002,NA,NA,2.2,0.29652,12.8,4.15128,0,0,2022,1999-08-24,NA,NA,NA,NA
"Deommodore Lenoir","SF","DB","15445","robust",NA,NA,NA,NA,NA,NA,NA,NA,NA,NA,NA,NA,NA,NA,NA,NA,NA,NA,NA,NA,NA,NA,NA,NA,NA,NA,46.35,0.518910000000002,NA,NA,1.5,0.7413,5.45,2.29803,0,0,2021,1999-10-06,NA,NA,NA,NA
"Ja'Quan McMillian","DEN","DB","16145","robust",NA,NA,NA,NA,NA,NA,NA,NA,NA,NA,NA,NA,NA,NA,NA,NA,NA,NA,NA,NA,NA,NA,NA,NA,NA,NA,42.35,5.41149,NA,NA,2.3,0.44478,8.5,0.7413,1.1,0,2022,2000-06-04,NA,NA,NA,NA
"Ji'Ayir Brown","SF","DB","16281","robust",NA,NA,NA,NA,NA,NA,NA,NA,NA,NA,NA,NA,NA,NA,NA,NA,NA,NA,NA,NA,NA,NA,NA,NA,NA,NA,43.4,3.85476,NA,NA,1.4,0.88956,5.4,0.88956,0,0,2023,2000-01-25,NA,NA,NA,NA
"Jalen Ramsey","PIT","DB","12711","robust",NA,NA,NA,NA,NA,NA,NA,NA,NA,NA,NA,NA,NA,NA,NA,NA,NA,NA,NA,NA,NA,NA,NA,NA,NA,NA,42.15,5.70801,NA,NA,1.1,1.33434,7.25,1.11195,0,0,2016,1994-10-24,"O","Knee",2026,0
"Tarheeb Still","LAC","DB","16729","robust",NA,NA,NA,NA,NA,NA,NA,NA,NA,NA,NA,NA,NA,NA,NA,NA,NA,NA,NA,NA,NA,NA,NA,NA,NA,NA,43,2.9652,NA,NA,1.7,0.44478,7.05,1.40847,0.5,0,2024,2002-06-09,NA,NA,NA,NA
"Brandon Stephens","NYJ","DB","15405","robust",NA,NA,NA,NA,NA,NA,NA,NA,NA,NA,NA,NA,NA,NA,NA,NA,NA,NA,NA,NA,NA,NA,NA,NA,NA,NA,42.1,4.29954,NA,NA,0.5,0.7413,8.45,2.29803,0,0,2021,1997-12-29,NA,NA,NA,NA
"Elijah Molden","LAC","DB","15402","robust",NA,NA,NA,NA,NA,NA,NA,NA,NA,NA,NA,NA,NA,NA,NA,NA,NA,NA,NA,NA,NA,NA,NA,NA,NA,NA,39,7.413,NA,NA,1.65,0.51891,3.65,0.51891,0,0,2021,1999-01-30,NA,NA,NA,NA
"Renardo Green","SF","DB","16702","robust",NA,NA,NA,NA,NA,NA,NA,NA,NA,NA,NA,NA,NA,NA,NA,NA,NA,NA,NA,NA,NA,NA,NA,NA,NA,NA,40.95,4.52193,NA,NA,0.5,0.7413,9.9,1.63086,0,0,2024,2000-11-09,NA,NA,NA,NA
"Jamel Dean","PIT","DB","14219","robust",NA,NA,NA,NA,NA,NA,NA,NA,NA,NA,NA,NA,NA,NA,NA,NA,NA,NA,NA,NA,NA,NA,NA,NA,NA,NA,35.85,12.08319,NA,NA,1.5,0.7413,6.45,2.29803,0.5,0,2019,1996-10-15,NA,NA,NA,NA
"Jaylon Johnson","CHI","DB","14924","robust",NA,NA,NA,NA,NA,NA,NA,NA,NA,NA,NA,NA,NA,NA,NA,NA,NA,NA,NA,NA,NA,NA,NA,NA,NA,NA,42.2,2.66868,NA,NA,1.55,0.66717,7.4,0.88956,0,0,2020,1999-04-19,NA,NA,NA,NA
"Jaylon Johnson","CHI","DB","14924","robust",NA,NA,NA,NA,NA,NA,NA,NA,NA,NA,NA,NA,NA,NA,NA,NA,NA,NA,NA,NA,NA,NA,NA,NA,NA,NA,42.2,2.66868,NA,NA,1.55,0.66717,7.4,0.88956,0,0,2020,1999-12-02,NA,NA,NA,NA
"Will Johnson","ARI","DB","17127","robust",NA,NA,NA,NA,NA,NA,NA,NA,NA,NA,NA,NA,NA,NA,NA,NA,NA,NA,NA,NA,NA,NA,NA,NA,NA,NA,39.65,6.44931,NA,NA,1.65,0.51891,10.4,2.07564,0,0,2025,2003-03-29,NA,NA,NA,NA
"Antonio Johnson","JAC","DB","16246","robust",NA,NA,NA,NA,NA,NA,NA,NA,NA,NA,NA,NA,NA,NA,NA,NA,NA,NA,NA,NA,NA,NA,NA,NA,NA,NA,41.75,2.59455,NA,NA,3.3,3.40998,10.15,3.18759,0.9,0,2023,2001-10-29,NA,NA,NA,NA
"Dane Belton","NYJ","DB","15875","robust",NA,NA,NA,NA,NA,NA,NA,NA,NA,NA,NA,NA,NA,NA,NA,NA,NA,NA,NA,NA,NA,NA,NA,NA,NA,NA,43.15,0.222389999999998,NA,NA,1.3,0.44478,5.3,0.44478,0,0,2022,2000-12-07,NA,NA,NA,NA
"Josh Jobe","SEA","DB","15989","robust",NA,NA,NA,NA,NA,NA,NA,NA,NA,NA,NA,NA,NA,NA,NA,NA,NA,NA,NA,NA,NA,NA,NA,NA,NA,NA,43.1,0.148260000000002,NA,NA,0.9,0.14826,11,0,0,0,2022,1998-04-09,NA,NA,NA,NA
"Patrick Surtain II","DEN","DB","15362","robust",NA,NA,NA,NA,NA,NA,NA,NA,NA,NA,NA,NA,NA,NA,NA,NA,NA,NA,NA,NA,NA,NA,NA,NA,NA,NA,42.15,0.222389999999998,NA,NA,1.85,0.22239,11.5,0.7413,0,0,2021,2000-04-14,NA,NA,NA,NA
"Tyrique Stevenson","CHI","DB","16267","robust",NA,NA,NA,NA,NA,NA,NA,NA,NA,NA,NA,NA,NA,NA,NA,NA,NA,NA,NA,NA,NA,NA,NA,NA,NA,NA,41.5,0.7413,NA,NA,1.3,1.03782,11,0,0,0,2023,2000-05-26,NA,NA,NA,NA
"Calen Bullock","HOU","DB","16705","robust",NA,NA,NA,NA,NA,NA,NA,NA,NA,NA,NA,NA,NA,NA,NA,NA,NA,NA,NA,NA,NA,NA,NA,NA,NA,NA,40.45,2.29803,NA,NA,2.75,1.11195,9.35,0.96369,1,0,2024,2003-04-30,NA,NA,NA,NA
"Lonnie Johnson","MIA","DB","14205","robust",NA,NA,NA,NA,NA,NA,NA,NA,NA,NA,NA,NA,NA,NA,NA,NA,NA,NA,NA,NA,NA,NA,NA,NA,NA,NA,40.5,2.2239,NA,NA,1.3,0.44478,6.85,2.74281,0,0,2019,1995-11-04,"Q","Leg",2026,0
"Christian Benford","BUF","DB","15913","robust",NA,NA,NA,NA,NA,NA,NA,NA,NA,NA,NA,NA,NA,NA,NA,NA,NA,NA,NA,NA,NA,NA,NA,NA,NA,NA,38.65,2.00151,NA,NA,1.8,0.29652,7.35,0.96369,1.7,0,2022,2000-09-21,NA,NA,NA,NA
"Eric Stokes","LVR","DB","15377","robust",NA,NA,NA,NA,NA,NA,NA,NA,NA,NA,NA,NA,NA,NA,NA,NA,NA,NA,NA,NA,NA,NA,NA,NA,NA,NA,39.85,0.222389999999998,NA,NA,1,1.4826,5.55,2.14977,0,0,2021,1999-03-01,NA,NA,NA,NA
"Jaylen Watson","LAR","DB","15950","robust",NA,NA,NA,NA,NA,NA,NA,NA,NA,NA,NA,NA,NA,NA,NA,NA,NA,NA,NA,NA,NA,NA,NA,NA,NA,NA,36.55,5.11497,NA,NA,1.7,1.03782,5.3,1.03782,0.4,0,2022,1998-09-17,NA,NA,NA,NA
"Quinyon Mitchell","PHI","DB","16690","robust",NA,NA,NA,NA,NA,NA,NA,NA,NA,NA,NA,NA,NA,NA,NA,NA,NA,NA,NA,NA,NA,NA,NA,NA,NA,NA,38.85,0.222389999999998,NA,NA,2.25,1.11195,13.65,0.96369,0,0,2024,2001-07-18,NA,NA,NA,NA
"Jourdan Lewis","JAC","DB","13227","robust",NA,NA,NA,NA,NA,NA,NA,NA,NA,NA,NA,NA,NA,NA,NA,NA,NA,NA,NA,NA,NA,NA,NA,NA,NA,NA,35.3,4.00302,NA,NA,1.95,0.0741300000000001,9.4,0.59304,0,0,2017,1995-08-31,NA,NA,NA,NA
"Charvarius Ward","IND","DB","13920","robust",NA,NA,NA,NA,NA,NA,NA,NA,NA,NA,NA,NA,NA,NA,NA,NA,NA,NA,NA,NA,NA,NA,NA,NA,NA,NA,36.1,2.81694,NA,NA,1,1.4826,7.25,4.07715,0,0,2018,1996-05-16,NA,NA,NA,NA
"Chris Johnson","MIA","DB","17573","robust",NA,NA,NA,NA,NA,NA,NA,NA,NA,NA,NA,NA,NA,NA,NA,NA,NA,NA,NA,NA,NA,NA,NA,NA,NA,NA,34.85,4.67019,NA,NA,1.2,1.18608,6.4,2.37216,0,0,2026,2004-11-09,NA,NA,NA,NA
"Ahmad Gardner","IND","DB","15833","robust",NA,NA,NA,NA,NA,NA,NA,NA,NA,NA,NA,NA,NA,NA,NA,NA,NA,NA,NA,NA,NA,NA,NA,NA,NA,NA,37.55,0.667169999999999,NA,NA,1,1.4826,10.8,1.77912,0,0,2022,2001-08-31,"Q","Illness",2026,0
"Garrett Williams","ARI","DB","16274","robust",NA,NA,NA,NA,NA,NA,NA,NA,NA,NA,NA,NA,NA,NA,NA,NA,NA,NA,NA,NA,NA,NA,NA,NA,NA,NA,28.5,14.0847,NA,NA,0.95,0.07413,5.7,1.92738,0,0,2023,2001-06-01,"O","Achilles",2026,0
"Garrett Williams","ARI","DB","16274","robust",NA,NA,NA,NA,NA,NA,NA,NA,NA,NA,NA,NA,NA,NA,NA,NA,NA,NA,NA,NA,NA,NA,NA,NA,NA,NA,28.5,14.0847,NA,NA,0.95,0.07413,5.7,1.92738,0,0,2023,2003-12-05,"O","Achilles",2026,0
"Trey Amos","WAS","DB","17130","robust",NA,NA,NA,NA,NA,NA,NA,NA,NA,NA,NA,NA,NA,NA,NA,NA,NA,NA,NA,NA,NA,NA,NA,NA,NA,NA,29.15,11.63841,NA,NA,0.5,0.7413,7.6,3.55824,0,0,2025,2002-03-03,"O","Lower Leg",2026,0
"Jaylinn Hawkins","BAL","DB","14954","robust",NA,NA,NA,NA,NA,NA,NA,NA,NA,NA,NA,NA,NA,NA,NA,NA,NA,NA,NA,NA,NA,NA,NA,NA,NA,NA,32,5.9304,NA,NA,2.45,0.66717,4.3,0.44478,0,0,2020,1997-08-27,NA,NA,NA,NA
"Cam Hart","LAC","DB","16731","robust",NA,NA,NA,NA,NA,NA,NA,NA,NA,NA,NA,NA,NA,NA,NA,NA,NA,NA,NA,NA,NA,NA,NA,NA,NA,NA,34.85,1.70499,NA,NA,1.3,1.03782,8.95,0.0741299999999997,0,0,2024,2000-12-05,NA,NA,NA,NA
"Kader Kohou","KC","DB","16016","robust",NA,NA,NA,NA,NA,NA,NA,NA,NA,NA,NA,NA,NA,NA,NA,NA,NA,NA,NA,NA,NA,NA,NA,NA,NA,NA,21.95,20.83053,NA,NA,1,1.4826,5.6,5.04084,0,0,2022,1998-11-28,NA,NA,NA,NA
"Jaycee Horn","CAR","DB","15361","robust",NA,NA,NA,NA,NA,NA,NA,NA,NA,NA,NA,NA,NA,NA,NA,NA,NA,NA,NA,NA,NA,NA,NA,NA,NA,NA,31.6,6.52344,NA,NA,1.95,0.0741300000000001,8.45,2.29803,0,0,2021,1999-11-26,NA,NA,NA,NA
"DJ Turner","CIN","DB","16268","robust",NA,NA,NA,NA,NA,NA,NA,NA,NA,NA,NA,NA,NA,NA,NA,NA,NA,NA,NA,NA,NA,NA,NA,NA,NA,NA,30.6,5.04084,NA,NA,1.7,0.44478,13.2,1.18608,0,0,2023,2000-11-09,NA,NA,NA,NA
"Denzel Ward","CLE","DB","13707","robust",NA,NA,NA,NA,NA,NA,NA,NA,NA,NA,NA,NA,NA,NA,NA,NA,NA,NA,NA,NA,NA,NA,NA,NA,NA,NA,33.3,0.444780000000001,NA,NA,1.45,0.81543,12.45,2.29803,0,0,2018,1997-04-28,NA,NA,NA,NA
"Nohl Williams","KC","DB","17164","robust",NA,NA,NA,NA,NA,NA,NA,NA,NA,NA,NA,NA,NA,NA,NA,NA,NA,NA,NA,NA,NA,NA,NA,NA,NA,NA,29.8,4.74432,NA,NA,0.5,0.7413,6.25,0.37065,0,0,2025,2002-09-23,NA,NA,NA,NA
"Derek Stingley Jr.","HOU","DB","15832","robust",NA,NA,NA,NA,NA,NA,NA,NA,NA,NA,NA,NA,NA,NA,NA,NA,NA,NA,NA,NA,NA,NA,NA,NA,NA,NA,29.7,3.40998,NA,NA,3.95,0.0741300000000001,15.3,1.03782,0.7,0,2022,2001-06-20,NA,NA,NA,NA
"Tariq Woolen","PHI","DB","15894","robust",NA,NA,NA,NA,NA,NA,NA,NA,NA,NA,NA,NA,NA,NA,NA,NA,NA,NA,NA,NA,NA,NA,NA,NA,NA,NA,31.4,0.889559999999999,NA,NA,1.3,1.03782,10.2,1.18608,0,0,2022,1999-05-02,NA,NA,NA,NA
"Tariq Woolen","PHI","DB","15894","robust",NA,NA,NA,NA,NA,NA,NA,NA,NA,NA,NA,NA,NA,NA,NA,NA,NA,NA,NA,NA,NA,NA,NA,NA,NA,NA,31.4,0.889559999999999,NA,NA,1.3,1.03782,10.2,1.18608,0,0,2022,1999-01-14,NA,NA,NA,NA
"Will Harris","WAS","DB","14213","robust",NA,NA,NA,NA,NA,NA,NA,NA,NA,NA,NA,NA,NA,NA,NA,NA,NA,NA,NA,NA,NA,NA,NA,NA,NA,NA,27.95,1.55673,NA,NA,0.5,0.7413,4,0,0,0,2019,1995-12-19,NA,NA,NA,NA
"Myles Harden","CLE","DB","16784","robust",NA,NA,NA,NA,NA,NA,NA,NA,NA,NA,NA,NA,NA,NA,NA,NA,NA,NA,NA,NA,NA,NA,NA,NA,NA,NA,23.1,0.148259999999999,NA,NA,0.5,0.7413,3.9,1.63086,0,0,2024,2001-12-13,NA,NA,NA,NA
