"player","team","position","id","avg_type","pass_yds","pass_yds_sd","pass_tds","pass_tds_sd","pass_int","pass_int_sd","rush_yds","rush_yds_sd","rush_tds","rush_tds_sd","fumbles_lost","fumbles_lost_sd","two_pts","two_pts_sd","return_tds","return_tds_sd","rec","rec_sd","rec_yds","rec_yds_sd","rec_tds","rec_tds_sd","fg_miss","fg_miss_sd","fg_0019","fg_0019_sd","fg_2029","fg_2029_sd","fg_3039","fg_3039_sd","fg_4049","fg_4049_sd","fg_50","fg_50_sd","xp","xp_sd","dst_int","dst_int_sd","dst_sacks","dst_sacks_sd","dst_safety","dst_safety_sd","dst_td","dst_td_sd","dst_blk","dst_blk_sd","birthdate","draft_year","injury_status","injury_details","season_year","week"
"Joe Burrow","CIN","QB","14777","weighted",4651.16054524801,183.554631542713,37.7623248769406,3.60985000294558,10.3968496781522,1.45539438553477,188.324399848542,20.048569381632,2.04472548277168,0.691897723334343,3.77276599772813,0.363529492202325,NA,NA,NA,NA,NA,NA,NA,NA,NA,NA,NA,NA,NA,NA,NA,NA,NA,NA,NA,NA,NA,NA,NA,NA,NA,NA,NA,NA,NA,NA,NA,NA,NA,NA,1970-01-01,2020,NA,NA,NA,NA
"Brock Purdy","SF","QB","15698","weighted",4211.47059447179,248.871213161692,27.8779174555093,2.4238479260429,12.3142446043165,0.941408213805093,276.528156001515,23.8413176654384,3.25790988262022,0.735807498993763,2.62080651268459,0.278982830446839,NA,NA,NA,NA,NA,NA,NA,NA,NA,NA,NA,NA,NA,NA,NA,NA,NA,NA,NA,NA,NA,NA,NA,NA,NA,NA,NA,NA,NA,NA,NA,NA,NA,NA,1999-12-27,2022,NA,NA,NA,NA
"Tua Tagovailoa","MIA","QB","14778","weighted",4077.42362741386,356.452259953339,26.6423400227187,2.72061924984418,11.2743203332071,1.13091086170468,88.9148049981068,27.820768252406,0.652517985611511,0.447569313824634,3.62080651268459,0.278982830446839,NA,NA,NA,NA,NA,NA,NA,NA,NA,NA,NA,NA,NA,NA,NA,NA,NA,NA,NA,NA,NA,NA,NA,NA,NA,NA,NA,NA,NA,NA,NA,NA,NA,NA,1970-01-01,2020,NA,NA,NA,NA
"Jared Goff","DET","QB","12611","weighted",4380.03584248391,122.997603803127,31.8659825823552,4.28656903756949,11.7399924271109,1.03050607425467,74.989928057554,49.023565903517,0.582915562287013,0.509259532741524,2.55929572131768,0.275597520032662,NA,NA,NA,NA,NA,NA,NA,NA,NA,NA,NA,NA,NA,NA,NA,NA,NA,NA,NA,NA,NA,NA,NA,NA,NA,NA,NA,NA,NA,NA,NA,NA,NA,NA,1994-10-14,2016,NA,NA,NA,NA
"Matthew Stafford","LAR","QB","9431","weighted",3998.38686103749,263.883198201476,26.2070579326013,2.41182195070041,9.93652404392276,2.20374560037928,73.5554714123438,59.5942787425827,0.602211283604695,0.67784111256804,1.99392275653162,0.120335217661344,NA,NA,NA,NA,NA,NA,NA,NA,NA,NA,NA,NA,NA,NA,NA,NA,NA,NA,NA,NA,NA,NA,NA,NA,NA,NA,NA,NA,NA,NA,NA,NA,NA,NA,1988-02-07,2009,NA,NA,NA,NA
"Baker Mayfield","TB","QB","13590","weighted",4192.3711397198,121.252750559284,33.4051268458917,3.00664080599566,14.5628019689512,1.65388564193213,283.75831124574,35.8371915028845,2.35133661491859,0.467008565731279,3.61512684589171,0.281716432603377,NA,NA,NA,NA,NA,NA,NA,NA,NA,NA,NA,NA,NA,NA,NA,NA,NA,NA,NA,NA,NA,NA,NA,NA,NA,NA,NA,NA,NA,NA,NA,NA,NA,NA,1995-04-14,2018,NA,NA,NA,NA
"Joe Flacco","CLE","QB","9064","weighted",2434.61706171905,1080.57413341628,14.716160545248,8.27427863704844,10.8765846270352,6.2675609177439,46.0492237788716,48.8775019994934,0.416478606588413,0.470054397363396,4.28812003029156,0.825151162937699,NA,NA,NA,NA,NA,NA,NA,NA,NA,NA,NA,NA,NA,NA,NA,NA,NA,NA,NA,NA,NA,NA,NA,NA,NA,NA,NA,NA,NA,NA,NA,NA,NA,NA,1985-01-16,2008,NA,NA,NA,NA
"Dak Prescott","DAL","QB","12620","weighted",4196.47847027641,174.666332315809,28.6012343809163,2.70252191210705,12.1282241575161,1.48536735468379,172.044460431655,30.6631647459711,1.75275274517228,0.407859823688382,2.46316736084816,0.307279274632514,NA,NA,NA,NA,NA,NA,NA,NA,NA,NA,NA,NA,NA,NA,NA,NA,NA,NA,NA,NA,NA,NA,NA,NA,NA,NA,NA,NA,NA,NA,NA,NA,NA,NA,1993-07-29,2016,NA,NA,NA,NA
"C.J. Stroud","HOU","QB","16150","weighted",4038.08424839076,166.866985285351,25.4322605073836,3.00884369814262,10.8099053388868,0.55262030569764,251.039462324877,58.0864836038736,1.94153729647861,1.14409783920756,3.5339076107535,0.270795495873747,NA,NA,NA,NA,NA,NA,NA,NA,NA,NA,NA,NA,NA,NA,NA,NA,NA,NA,NA,NA,NA,NA,NA,NA,NA,NA,NA,NA,NA,NA,NA,NA,NA,NA,2001-10-03,2023,NA,NA,NA,NA
"Patrick Mahomes","KC","QB","13116","weighted",4191.36788337751,244.088906581801,31.4563120030292,2.7632678723983,11.828337750852,0.670635274263689,357.513775085195,51.6190349913671,2.50271109428247,0.689278831763094,2.04975388110564,0.0754446923489083,NA,NA,NA,NA,NA,NA,NA,NA,NA,NA,NA,NA,NA,NA,NA,NA,NA,NA,NA,NA,NA,NA,NA,NA,NA,NA,NA,NA,NA,NA,NA,NA,NA,NA,NA,2017,NA,NA,NA,NA
"Trevor Lawrence","JAC","QB","15237","weighted",3972.16780007573,268.091369137378,24.6384399848542,2.66827032140872,12.6876107535025,0.877157570072491,249.782786823173,17.4259409969748,3.21622870124953,0.77262792740229,3.90387163953048,0.126837767301143,NA,NA,NA,NA,NA,NA,NA,NA,NA,NA,NA,NA,NA,NA,NA,NA,NA,NA,NA,NA,NA,NA,NA,NA,NA,NA,NA,NA,NA,NA,NA,NA,NA,NA,1970-01-01,2021,NA,NA,NA,NA
"Geno Smith","LVR","QB","11150","weighted",3915.71316168118,307.729206026546,23.2276258992806,3.55969532715535,12.8865884134797,1.81210699166402,235.378909503976,30.5745480416076,1.69122302158273,0.461338319405803,2.00692919348732,0.566732526204098,NA,NA,NA,NA,NA,NA,NA,NA,NA,NA,NA,NA,NA,NA,NA,NA,NA,NA,NA,NA,NA,NA,NA,NA,NA,NA,NA,NA,NA,NA,NA,NA,NA,NA,1990-10-10,2013,NA,NA,NA,NA
"J.J. McCarthy","MIN","QB","16584","weighted",3983.15825066263,204.053488359931,28.0265808405907,2.67767364130396,13.772979931844,1.77144283265493,268.674123438092,54.6458885466645,2.03326770162817,0.864095696291895,3.74485043544112,0.343670968542477,NA,NA,NA,NA,NA,NA,NA,NA,NA,NA,NA,NA,NA,NA,NA,NA,NA,NA,NA,NA,NA,NA,NA,NA,NA,NA,NA,NA,NA,NA,NA,NA,NA,NA,2003-01-20,2024,NA,NA,NA,NA
"Josh Allen","BUF","QB","13589","weighted",3896.07084437713,188.279087421334,29.6597879591064,2.22143876817174,10.1866868610375,1.88656205913309,569.689057175312,48.6579658289596,11.3589473684211,1.19229651722784,2.58757099583491,0.538329836361561,NA,NA,NA,NA,NA,NA,NA,NA,NA,NA,NA,NA,NA,NA,NA,NA,NA,NA,NA,NA,NA,NA,NA,NA,NA,NA,NA,NA,NA,NA,NA,NA,NA,NA,1996-05-21,2018,NA,NA,NA,NA
"Caleb Williams","CHI","QB","16579","weighted",3777.35332828474,253.180526269391,26.0584475577433,4.40728538611981,9.96657326770163,1.39107545630854,478.784770920106,57.3503521134488,2.17441878076486,1.20662586051616,4.78199545626657,0.409821010528546,NA,NA,NA,NA,NA,NA,NA,NA,NA,NA,NA,NA,NA,NA,NA,NA,NA,NA,NA,NA,NA,NA,NA,NA,NA,NA,NA,NA,NA,NA,NA,NA,NA,NA,2001-11-18,2024,NA,NA,NA,NA
"Justin Herbert","LAC","QB","14779","weighted",3945.8841499432,183.055401672079,26.6135327527452,2.50040287629367,7.93812192351382,1.78031209995158,281.65035971223,29.1659578052917,2.71150321847785,0.579542284560458,2.10558500567967,0.0682337157461454,NA,NA,NA,NA,NA,NA,NA,NA,NA,NA,NA,NA,NA,NA,NA,NA,NA,NA,NA,NA,NA,NA,NA,NA,NA,NA,NA,NA,NA,NA,NA,NA,NA,NA,1970-01-01,2020,NA,NA,NA,NA
"Lamar Jackson","BAL","QB","13593","weighted",3869.4455357819,185.718192866249,33.6211283604695,3.41545892646515,7.8596819386596,1.54047891761752,844.44843619841,60.3008466807254,3.85080651268459,0.713107887097258,4.69824876940553,0.345071706931211,NA,NA,NA,NA,NA,NA,NA,NA,NA,NA,NA,NA,NA,NA,NA,NA,NA,NA,NA,NA,NA,NA,NA,NA,NA,NA,NA,NA,NA,NA,NA,NA,NA,NA,1997-01-07,2018,"Q","Foot",2025,0
"Michael Penix Jr.","ATL","QB","16583","weighted",3880.8563347217,205.116094375294,24.433775085195,2.54811811104906,13.4495797046573,1.92010524063884,176.784596743658,74.167635153894,2.20730026505112,0.705338562573528,2.60589738735328,0.286019349942876,NA,NA,NA,NA,NA,NA,NA,NA,NA,NA,NA,NA,NA,NA,NA,NA,NA,NA,NA,NA,NA,NA,NA,NA,NA,NA,NA,NA,NA,NA,NA,NA,NA,NA,2000-05-08,2024,NA,NA,NA,NA
"Jayden Daniels","WAS","QB","16581","weighted",3828.67608481636,164.759580252497,27.7257478227944,2.72715122215845,10.3466338508141,1.36065565136817,795.24803483529,111.696014252649,5.92926921620598,1.08797946513571,1.56950965543355,0.783215959340901,NA,NA,NA,NA,NA,NA,NA,NA,NA,NA,NA,NA,NA,NA,NA,NA,NA,NA,NA,NA,NA,NA,NA,NA,NA,NA,NA,NA,NA,NA,NA,NA,NA,NA,2000-12-18,2024,NA,NA,NA,NA
"Kyler Murray","ARI","QB","14056","weighted",3804.39747065506,172.230931439768,25.2828246876183,4.19719739049797,11.1183036728512,0.865779912100949,550.385740249905,32.2874219711716,4.83216963271488,0.682397628652983,3.38194812570996,0.334529480988077,NA,NA,NA,NA,NA,NA,NA,NA,NA,NA,NA,NA,NA,NA,NA,NA,NA,NA,NA,NA,NA,NA,NA,NA,NA,NA,NA,NA,NA,NA,NA,NA,NA,NA,1970-01-01,2019,NA,NA,NA,NA
"Jordan Love","GB","QB","14782","weighted",3861.9609693298,223.793390562461,28.260795153351,2.10022927894831,11.9922605073836,0.962977978857056,161.899886406664,36.667413660662,1.88624763347217,0.417048800963545,1.96032752745172,0.559265152289904,NA,NA,NA,NA,NA,NA,NA,NA,NA,NA,NA,NA,NA,NA,NA,NA,NA,NA,NA,NA,NA,NA,NA,NA,NA,NA,NA,NA,NA,NA,NA,NA,NA,NA,1970-01-01,2020,"Q","Thumb",2025,0
"Sam Darnold","SEA","QB","13592","weighted",3768.48234759561,250.711190042416,24.078409693298,2.87892913045149,13.4201741764483,2.9320591858091,205.484324119652,32.5969718864214,1.77470655054903,0.801860076721575,2.85155244225672,0.831893315531076,NA,NA,NA,NA,NA,NA,NA,NA,NA,NA,NA,NA,NA,NA,NA,NA,NA,NA,NA,NA,NA,NA,NA,NA,NA,NA,NA,NA,NA,NA,NA,NA,NA,NA,1997-06-05,2018,NA,NA,NA,NA
"Aaron Rodgers","PIT","QB","7836","weighted",3769.07682695949,121.200721589313,25.4440363498675,4.56160739049464,10.3303824308974,1.73813870888616,96.3335857629686,62.4077371898456,0.94710336993563,0.910341506523179,2.85651268458917,0.431177996884208,NA,NA,NA,NA,NA,NA,NA,NA,NA,NA,NA,NA,NA,NA,NA,NA,NA,NA,NA,NA,NA,NA,NA,NA,NA,NA,NA,NA,NA,NA,NA,NA,NA,NA,1983-12-02,2005,NA,NA,NA,NA
"Bo Nix","DEN","QB","16582","weighted",3786.35703142749,159.066139519861,28.4396819386596,3.30528022691315,12.1591594093147,0.968100942142334,440.360416508898,32.9196819522756,3.48494509655434,0.801072964413737,1.40165656948126,0.834375484172218,NA,NA,NA,NA,NA,NA,NA,NA,NA,NA,NA,NA,NA,NA,NA,NA,NA,NA,NA,NA,NA,NA,NA,NA,NA,NA,NA,NA,NA,NA,NA,NA,NA,NA,2000-02-25,2024,NA,NA,NA,NA
"Bryce Young","CAR","QB","16148","weighted",3530.03168496781,276.579024757624,22.9325179856115,4.61884797291927,11.6608330177963,1.32770151333757,301.052116622491,17.820318146188,3.95145020825445,0.778933303539229,3.37906096175691,0.642028426854923,NA,NA,NA,NA,NA,NA,NA,NA,NA,NA,NA,NA,NA,NA,NA,NA,NA,NA,NA,NA,NA,NA,NA,NA,NA,NA,NA,NA,NA,NA,NA,NA,NA,NA,2001-07-25,2023,NA,NA,NA,NA
"Cam Ward","TEN","QB","17030","weighted",3499.32229458538,350.337197149472,21.8769632714881,1.72794711470029,12.9953729647861,1.83516136033884,318.786641423703,119.152040432584,2.32465732677016,1.30746844214107,3.98761832639152,0.0352260295704588,NA,NA,NA,NA,NA,NA,NA,NA,NA,NA,NA,NA,NA,NA,NA,NA,NA,NA,NA,NA,NA,NA,NA,NA,NA,NA,NA,NA,NA,NA,NA,NA,NA,NA,2002-05-25,2025,NA,NA,NA,NA
"Kirk Cousins","ATL","QB","10700","weighted",1365.08271081221,1759.92095548292,8.38252457320228,10.2907308291126,4.81135023279876,5.63570929816241,20.930160372478,18.7431036744396,0,0,0.714709432660804,0.147908431874467,NA,NA,NA,NA,NA,NA,NA,NA,NA,NA,NA,NA,NA,NA,NA,NA,NA,NA,NA,NA,NA,NA,NA,NA,NA,NA,NA,NA,NA,NA,NA,NA,NA,NA,1988-08-19,2012,NA,NA,NA,NA
"Russell Wilson","NYG","QB","10703","weighted",2900.47645588792,620.010722143077,18.1051798561151,6.27982750551371,8.4166755017039,2.16294963598832,213.96923892465,88.5702407717846,1.86602044680045,0.661199778609412,3.50185535781901,0.826801019439087,NA,NA,NA,NA,NA,NA,NA,NA,NA,NA,NA,NA,NA,NA,NA,NA,NA,NA,NA,NA,NA,NA,NA,NA,NA,NA,NA,NA,NA,NA,NA,NA,NA,NA,1988-11-29,2012,NA,NA,NA,NA
"Jalen Hurts","PHI","QB","14783","weighted",3451.58748201439,250.184192064847,23.4448239303294,2.28910945480742,8.16839076107535,1.5813631500637,646.892654297615,74.3362774299075,12.9491556228701,1.19576293383089,3.76038432411965,0.344181520637788,NA,NA,NA,NA,NA,NA,NA,NA,NA,NA,NA,NA,NA,NA,NA,NA,NA,NA,NA,NA,NA,NA,NA,NA,NA,NA,NA,NA,NA,NA,NA,NA,NA,NA,1970-01-01,2020,NA,NA,NA,NA
"Drake Maye","NE","QB","16580","weighted",3540.85271488073,152.569890043048,23.8533282847406,3.8557349128025,12.6890496024233,1.0184257492226,509.777160166604,96.2551341762838,3.09499432033321,0.909862461267164,5.1356683074593,0.700783001265703,NA,NA,NA,NA,NA,NA,NA,NA,NA,NA,NA,NA,NA,NA,NA,NA,NA,NA,NA,NA,NA,NA,NA,NA,NA,NA,NA,NA,NA,NA,NA,NA,NA,NA,2002-08-30,2024,NA,NA,NA,NA
"Tyler Shough","NO","QB","17039","weighted",2441.28669443393,761.058614523076,13.8154789852329,5.72908901113162,9.77313138962514,4.49303387990552,171.712517985612,61.8348032235824,1.32395304808785,0.686995187662997,2.16253313138963,0.933899166813355,NA,NA,NA,NA,NA,NA,NA,NA,NA,NA,NA,NA,NA,NA,NA,NA,NA,NA,NA,NA,NA,NA,NA,NA,NA,NA,NA,NA,NA,NA,NA,NA,NA,NA,1999-09-28,2025,NA,NA,NA,NA
"Daniel Jones","IND","QB","14059","weighted",2562.31768269595,882.652562047634,15.8713744793639,7.53164968744601,9.13841726618705,3.72048437317519,346.917334343052,145.475872823353,3.0974706550549,1.23161398946867,3.45371071563802,0.271312840139137,NA,NA,NA,NA,NA,NA,NA,NA,NA,NA,NA,NA,NA,NA,NA,NA,NA,NA,NA,NA,NA,NA,NA,NA,NA,NA,NA,NA,NA,NA,NA,NA,NA,NA,1970-01-01,2019,NA,NA,NA,NA
"Justin Fields","NYJ","QB","15238","weighted",3228.66279439606,254.315323786467,21.290458159788,5.9422998768195,10.9455054903446,1.52175809639671,691.174396062098,195.417465199461,5.5030064369557,1.63748912281344,2.38634986747444,0.902320696758911,NA,NA,NA,NA,NA,NA,NA,NA,NA,NA,NA,NA,NA,NA,NA,NA,NA,NA,NA,NA,NA,NA,NA,NA,NA,NA,NA,NA,NA,NA,NA,NA,NA,NA,1970-01-01,2021,NA,NA,NA,NA
"Anthony Richardson","IND","QB","16152","weighted",1262.83078379402,1035.03253085404,8.27722832260507,7.57892772839673,5.16049981067777,3.723826393352,287.596796667929,238.660941410614,2.77649375236653,2.41779446650939,0.885810299129118,0.56210577527957,NA,NA,NA,NA,NA,NA,NA,NA,NA,NA,NA,NA,NA,NA,NA,NA,NA,NA,NA,NA,NA,NA,NA,NA,NA,NA,NA,NA,NA,NA,NA,NA,NA,NA,2002-05-22,2023,NA,NA,NA,NA
"Spencer Rattler","NO","QB","16586","weighted",1238.88347457627,973.393025365772,8.41915254237288,10.0812100329483,4.60483050847458,2.93961769354488,117.757203389831,81.0073014765055,0.333389830508475,0.591587991668703,2.94872881355932,0.580101044831248,NA,NA,NA,NA,NA,NA,NA,NA,NA,NA,NA,NA,NA,NA,NA,NA,NA,NA,NA,NA,NA,NA,NA,NA,NA,NA,NA,NA,NA,NA,NA,NA,NA,NA,2000-09-28,2024,NA,NA,NA,NA
"Jaxson Dart","NYG","QB","17032","weighted",685.202118644068,669.788649149283,4.11161016949153,4.1883600878986,2.76588983050847,2.58296841327465,50.7364406779661,63.3734671056554,0.613474576271187,0.750601874449579,0.526737288135593,0.309153707961256,NA,NA,NA,NA,NA,NA,NA,NA,NA,NA,NA,NA,NA,NA,NA,NA,NA,NA,NA,NA,NA,NA,NA,NA,NA,NA,NA,NA,NA,NA,NA,NA,NA,NA,2003-05-13,2025,NA,NA,NA,NA
"Shedeur Sanders","CLE","QB","17031","weighted",691.122680802726,535.36716451265,3.83657705414616,2.97725990773609,2.61245740249905,2.02231889767222,32.0931465354033,24.5329227089918,0.404198220371072,0.491564145690719,0.388650132525559,0.313193298026728,NA,NA,NA,NA,NA,NA,NA,NA,NA,NA,NA,NA,NA,NA,NA,NA,NA,NA,NA,NA,NA,NA,NA,NA,NA,NA,NA,NA,NA,NA,NA,NA,NA,NA,2002-02-07,2025,NA,NA,NA,NA
"Dillon Gabriel","CLE","QB","17037","weighted",684.715955581531,543.082282134794,3.4541203974284,2.42667635433956,2.21215663354763,1.29451811383704,37.8977206312098,32.8536058967078,0.44244469354577,0.527353349564408,0.556282875511397,0.35586761921802,NA,NA,NA,NA,NA,NA,NA,NA,NA,NA,NA,NA,NA,NA,NA,NA,NA,NA,NA,NA,NA,NA,NA,NA,NA,NA,NA,NA,NA,NA,NA,NA,NA,NA,2000-12-28,2025,NA,NA,NA,NA
"Deshaun Watson","CLE","QB","13113","weighted",988.041095890411,296.98484809835,8.07671232876712,7.21248916810278,6.87762557077626,6.92964645562817,74.7990867579909,62.2253967444162,0.248858447488584,0.353553390593274,2.39634703196347,1.13137084989848,NA,NA,NA,NA,NA,NA,NA,NA,NA,NA,NA,NA,NA,NA,NA,NA,NA,NA,NA,NA,NA,NA,NA,NA,NA,NA,NA,NA,NA,NA,NA,NA,NA,NA,1995-09-14,2017,"O","Achilles",2025,0
"Aidan O'Connell","LVR","QB","16159","weighted",499.419734904271,419.507689863297,3.96664212076583,3.64125019142215,2.04351988217968,1.91368896025471,12.0486008836524,14.7499301878733,0.12039764359352,0.247044279336937,2.42323269513991,0.765837265944506,NA,NA,NA,NA,NA,NA,NA,NA,NA,NA,NA,NA,NA,NA,NA,NA,NA,NA,NA,NA,NA,NA,NA,NA,NA,NA,NA,NA,NA,NA,NA,NA,NA,NA,1998-09-01,2023,"D","Wrist",2025,0
"Jameis Winston","NYG","QB","12140","weighted",410.646971935007,311.992944270715,2.7425898572132,2.18145650414019,1.77523387493845,1.60224592604321,17.193008370261,12.1895912739582,0.0564007877892664,0.118601616545322,0.115263417035943,0.0974028653112203,NA,NA,NA,NA,NA,NA,NA,NA,NA,NA,NA,NA,NA,NA,NA,NA,NA,NA,NA,NA,NA,NA,NA,NA,NA,NA,NA,NA,NA,NA,NA,NA,NA,NA,1994-01-06,2015,NA,NA,NA,NA
"Mason Rudolph","PIT","QB","13595","weighted",343.781624815362,328.865053841769,2.37806991629739,2.85912669986181,0.951984244214673,1.02073496779385,71.3255145248646,108.458904048906,0.431974396848843,0.953018363357492,0.38421139011981,0.324676217704068,NA,NA,NA,NA,NA,NA,NA,NA,NA,NA,NA,NA,NA,NA,NA,NA,NA,NA,NA,NA,NA,NA,NA,NA,NA,NA,NA,NA,NA,NA,NA,NA,NA,NA,1995-07-17,2018,NA,NA,NA,NA
"Will Levis","TEN","QB","16149","weighted",567.360730593607,197.989898732233,5.09041095890411,2.9698484809835,4.53835616438356,3.60624458405139,40.9634703196347,11.3137084989848,0,0,6,0,NA,NA,NA,NA,NA,NA,NA,NA,NA,NA,NA,NA,NA,NA,NA,NA,NA,NA,NA,NA,NA,NA,NA,NA,NA,NA,NA,NA,NA,NA,NA,NA,NA,NA,1999-06-27,2023,"IR","Shoulder",2025,0
"Kenny Pickett","CLE","QB","15692","weighted",276.968052330473,205.946199800741,1.83589588377724,1.52410511873066,1.63186440677966,1.76987372827665,26.8532475180885,22.6369860655205,0.298435133770823,0.399858890777675,0.327019182231196,0.365707083012776,NA,NA,NA,NA,NA,NA,NA,NA,NA,NA,NA,NA,NA,NA,NA,NA,NA,NA,NA,NA,NA,NA,NA,NA,NA,NA,NA,NA,NA,NA,NA,NA,NA,NA,1998-06-06,2022,"Q","Hamstring",2025,0
"Gardner Minshew","KC","QB","14067","weighted",294.009988249119,236.960468163478,2.30329024676851,2.48415683945288,1.47502937720329,1.84241371178957,13.5052878965922,10.2835013991111,0,0,1.56989815902859,0.592734227284754,NA,NA,NA,NA,NA,NA,NA,NA,NA,NA,NA,NA,NA,NA,NA,NA,NA,NA,NA,NA,NA,NA,NA,NA,NA,NA,NA,NA,NA,NA,NA,NA,NA,NA,1970-01-01,2019,NA,NA,NA,NA
"Jake Browning","CIN","QB","14358","weighted",273.111111111111,243.799307159519,2.62773998488284,2.26788659600452,0.793197278911565,1.04353138877388,17.2955404383976,17.7763932921897,0.222448979591837,0.448331968868381,0,0,NA,NA,NA,NA,NA,NA,NA,NA,NA,NA,NA,NA,NA,NA,NA,NA,NA,NA,NA,NA,NA,NA,NA,NA,NA,NA,NA,NA,NA,NA,NA,NA,NA,NA,1970-01-01,2019,NA,NA,NA,NA
"Cooper Rush","BAL","QB","13124","weighted",226.536855631141,191.909566513636,1.97594860166289,2.34656954349433,0.76042328042328,0.872243792038793,15.7513227513228,14.6586423984121,0,0,0.613429075333837,0.292637670708116,NA,NA,NA,NA,NA,NA,NA,NA,NA,NA,NA,NA,NA,NA,NA,NA,NA,NA,NA,NA,NA,NA,NA,NA,NA,NA,NA,NA,NA,NA,NA,NA,NA,NA,NA,2017,NA,NA,NA,NA
"Marcus Mariota","WAS","QB","12141","weighted",268.54347826087,191.799051590135,2.51639247943596,2.53350091153585,0.424441833137485,0.6027732570417,57.6727379553466,54.0463803998875,0.386016451233843,0.544547641110021,0,0,NA,NA,NA,NA,NA,NA,NA,NA,NA,NA,NA,NA,NA,NA,NA,NA,NA,NA,NA,NA,NA,NA,NA,NA,NA,NA,NA,NA,NA,NA,NA,NA,NA,NA,1993-10-30,2015,"Q","Lower Leg",2025,0
"Tyrod Taylor","NYJ","QB","10413","weighted",225.335025423729,161.733847987888,1.91439830508475,2.79157336894353,1.04747457627119,1.14923536320126,34.6754237288136,33.9651164488074,0,0,0.482415254237288,0.288572783663681,NA,NA,NA,NA,NA,NA,NA,NA,NA,NA,NA,NA,NA,NA,NA,NA,NA,NA,NA,NA,NA,NA,NA,NA,NA,NA,NA,NA,NA,NA,NA,NA,NA,NA,1989-08-03,2011,"Q","Knee",2025,0
"Andy Dalton","CAR","QB","10313","weighted",197.107331821618,190.344853849193,1.87566137566138,1.7428278605769,1.05547996976568,0.816275679911523,9.38397581254724,7.04310895138539,0,0,0,0,NA,NA,NA,NA,NA,NA,NA,NA,NA,NA,NA,NA,NA,NA,NA,NA,NA,NA,NA,NA,NA,NA,NA,NA,NA,NA,NA,NA,NA,NA,NA,NA,NA,NA,1987-10-29,2011,"Q","Elbow",2025,0
"Drew Lock","SEA","QB","14057","weighted",196.261526832955,171.454861705886,1.67339380196523,1.56698056962144,1.25321239606954,0.949389789714859,14.8314436885865,10.2645606209992,0.0247165532879819,0.0498146632075979,0,0,NA,NA,NA,NA,NA,NA,NA,NA,NA,NA,NA,NA,NA,NA,NA,NA,NA,NA,NA,NA,NA,NA,NA,NA,NA,NA,NA,NA,NA,NA,NA,NA,NA,NA,1970-01-01,2019,NA,NA,NA,NA
"Jimmy Garoppolo","LAR","QB","11760","weighted",226.331374853114,206.002924148034,1.67179788484136,1.44441575926853,0.637896592244418,0.517070623332113,2.79947121034078,3.8877025802699,0,0,0,0,NA,NA,NA,NA,NA,NA,NA,NA,NA,NA,NA,NA,NA,NA,NA,NA,NA,NA,NA,NA,NA,NA,NA,NA,NA,NA,NA,NA,NA,NA,NA,NA,NA,NA,1991-11-02,2014,NA,NA,NA,NA
"Malik Willis","GB","QB","15694","weighted",240.346063454759,162.449492341433,1.88237367802585,1.37699306508494,0.386016451233843,0.544547641110021,35.8660399529965,29.5154423786534,0.222679200940071,0.465365922791456,0.866901684292989,0.79419966043518,NA,NA,NA,NA,NA,NA,NA,NA,NA,NA,NA,NA,NA,NA,NA,NA,NA,NA,NA,NA,NA,NA,NA,NA,NA,NA,NA,NA,NA,NA,NA,NA,NA,NA,1999-05-25,2022,NA,NA,NA,NA
"Joshua Dobbs","NE","QB","13119","weighted",233.286721504113,160.122981022259,1.68848413631022,1.24475769525838,1.31210340775558,0.986299965474456,18.9353701527615,12.625116836145,0.115276145710928,0.26440613441841,0.197023110066588,0.180499922826177,NA,NA,NA,NA,NA,NA,NA,NA,NA,NA,NA,NA,NA,NA,NA,NA,NA,NA,NA,NA,NA,NA,NA,NA,NA,NA,NA,NA,NA,NA,NA,NA,NA,NA,1995-01-26,2017,NA,NA,NA,NA
"Davis Mills","HOU","QB","15252","weighted",185.812970795569,201.832420993511,1.93681772406848,2.50529561904212,0.500443101711984,0.858039836830901,13.4803625377643,11.6151795894618,0,0,0,0,NA,NA,NA,NA,NA,NA,NA,NA,NA,NA,NA,NA,NA,NA,NA,NA,NA,NA,NA,NA,NA,NA,NA,NA,NA,NA,NA,NA,NA,NA,NA,NA,NA,NA,1970-01-01,2021,NA,NA,NA,NA
"Jacoby Brissett","ARI","QB","12616","weighted",223.39866039953,113.818678819381,1.58571092831962,1.66142486917837,0.717708578143361,0.595567125092684,16.7508813160987,12.5320049873043,0,0,0.118213866039953,0.108299953695706,NA,NA,NA,NA,NA,NA,NA,NA,NA,NA,NA,NA,NA,NA,NA,NA,NA,NA,NA,NA,NA,NA,NA,NA,NA,NA,NA,NA,NA,NA,NA,NA,NA,NA,1992-12-11,2016,NA,NA,NA,NA
"Mac Jones","SF","QB","15241","weighted",206.044065804935,138.02903711829,1.38108108108108,0.85442448190365,0.985487661574618,0.693850894058214,11.4435957696827,8.21979787672703,0.0384253819036428,0.08813537813947,0.0788092440266353,0.0721999691304709,NA,NA,NA,NA,NA,NA,NA,NA,NA,NA,NA,NA,NA,NA,NA,NA,NA,NA,NA,NA,NA,NA,NA,NA,NA,NA,NA,NA,NA,NA,NA,NA,NA,NA,1970-01-01,2021,"Q","Knee",2025,0
"Sam Howell","MIN","QB","15693","weighted",191.01226993865,180.345452895446,2.34458077709611,2.51225342662988,1.94130879345603,2.53124083237817,13.0685071574642,12.4975189106456,0.401840490797546,0.45765851012446,0.600460122699387,0.260011474028385,NA,NA,NA,NA,NA,NA,NA,NA,NA,NA,NA,NA,NA,NA,NA,NA,NA,NA,NA,NA,NA,NA,NA,NA,NA,NA,NA,NA,NA,NA,NA,NA,NA,NA,2000-09-16,2022,NA,NA,NA,NA
"Mitchell Trubisky","BUF","QB","13115","weighted",167.933560090703,90.9044529694417,1.67448223733938,1.75842836196332,0.329916855631141,0.471154159727422,16.6787603930461,13.4010631495769,0,0,0.205719324766944,0.210292204890124,NA,NA,NA,NA,NA,NA,NA,NA,NA,NA,NA,NA,NA,NA,NA,NA,NA,NA,NA,NA,NA,NA,NA,NA,NA,NA,NA,NA,NA,NA,NA,NA,NA,NA,1994-08-20,2017,NA,NA,NA,NA
"Zach Wilson","MIA","QB","15239","weighted",146.266034985423,122.475258656308,1.08921282798834,0.827230261940407,0.490743440233236,0.552312732723429,9.98396501457726,10.8682057046504,0,0,0.122594752186589,0.124078479702471,NA,NA,NA,NA,NA,NA,NA,NA,NA,NA,NA,NA,NA,NA,NA,NA,NA,NA,NA,NA,NA,NA,NA,NA,NA,NA,NA,NA,NA,NA,NA,NA,NA,NA,1970-01-01,2021,NA,NA,NA,NA
"Joe Milton","DAL","QB","16585","weighted",151.020408163265,119.048931254052,1.20377928949358,0.901556552840162,0.39546485260771,0.797034611321566,9.15646258503401,7.76570306499188,0,0,0.0411438649533888,0.0420584409780248,NA,NA,NA,NA,NA,NA,NA,NA,NA,NA,NA,NA,NA,NA,NA,NA,NA,NA,NA,NA,NA,NA,NA,NA,NA,NA,NA,NA,NA,NA,NA,NA,NA,NA,2000-03-06,2024,NA,NA,NA,NA
"Nick Mullens","JAC","QB","13968","weighted",148.240684793555,141.334321068794,1.10382678751259,1.14260738487735,0.939174219536757,0.892922577248769,10.1701913393756,8.862091751817,0,0,0,0,NA,NA,NA,NA,NA,NA,NA,NA,NA,NA,NA,NA,NA,NA,NA,NA,NA,NA,NA,NA,NA,NA,NA,NA,NA,NA,NA,NA,NA,NA,NA,NA,NA,NA,1970-01-01,2017,NA,NA,NA,NA
"Case Keenum","CHI","QB","10948","weighted",139.693251533742,195.161471607487,1.01226993865031,1.4142135623731,0.506134969325153,0.707106781186548,3.54294478527607,4.94974746830583,0,0,NA,NA,NA,NA,NA,NA,NA,NA,NA,NA,NA,NA,NA,NA,NA,NA,NA,NA,NA,NA,NA,NA,NA,NA,NA,NA,NA,NA,NA,NA,NA,NA,NA,NA,NA,NA,1988-02-12,2012,"Q","Leg",2025,0
"Tanner McKee","PHI","QB","15702","weighted",121.763343403827,115.603992137043,2.2563947633434,3.08273321460672,0.197583081570997,0.345419226804521,14.9728096676737,18.6043632370581,0.0987915407854985,0.172709613402261,0,0,NA,NA,NA,NA,NA,NA,NA,NA,NA,NA,NA,NA,NA,NA,NA,NA,NA,NA,NA,NA,NA,NA,NA,NA,NA,NA,NA,NA,NA,NA,NA,NA,NA,NA,2000-04-27,2023,"Q","Thumb",2025,0
"Taylor Heinicke","LAC","QB","12476","weighted",140.874361593463,122.13346870739,1.03850868232891,1.04758209932532,0.504085801838611,0.499732292542769,17.7456588355465,19.7183167734326,0,0,0,0,NA,NA,NA,NA,NA,NA,NA,NA,NA,NA,NA,NA,NA,NA,NA,NA,NA,NA,NA,NA,NA,NA,NA,NA,NA,NA,NA,NA,NA,NA,NA,NA,NA,NA,NA,NA,NA,NA,NA,NA
"Jalen Milroe","SEA","QB","17033","weighted",165.058737580362,28.6319813079106,1,0,1,0,119.100350672122,90.9461659148593,1.02240472248766,0.702481605987243,0.455172413793103,0.351958018616962,NA,NA,NA,NA,NA,NA,NA,NA,NA,NA,NA,NA,NA,NA,NA,NA,NA,NA,NA,NA,NA,NA,NA,NA,NA,NA,NA,NA,NA,NA,NA,NA,NA,NA,2002-12-13,2025,NA,NA,NA,NA
"Kyle Allen","DET","QB","13879","weighted",93.4894894894895,127.986327394765,0.516516516516517,0.707106781186548,0.516516516516517,0.707106781186548,1.03303303303303,1.4142135623731,0,0,0,0,NA,NA,NA,NA,NA,NA,NA,NA,NA,NA,NA,NA,NA,NA,NA,NA,NA,NA,NA,NA,NA,NA,NA,NA,NA,NA,NA,NA,NA,NA,NA,NA,NA,NA,1970-01-01,2018,NA,NA,NA,NA
"Carson Wentz","FA","QB","12610","weighted",177,NA,1,NA,1,NA,22,NA,0,NA,0,NA,NA,NA,NA,NA,NA,NA,NA,NA,NA,NA,NA,NA,NA,NA,NA,NA,NA,NA,NA,NA,NA,NA,NA,NA,NA,NA,NA,NA,NA,NA,NA,NA,NA,NA,1992-12-30,2016,NA,NA,NA,NA
"Teddy Bridgewater","TB","QB","11640","weighted",127.084384384384,65.6902199722303,0.748588588588589,0.367695526217005,0.671231231231231,0.480832611206852,11.8798798798799,16.2634559672906,0,0,0,0,NA,NA,NA,NA,NA,NA,NA,NA,NA,NA,NA,NA,NA,NA,NA,NA,NA,NA,NA,NA,NA,NA,NA,NA,NA,NA,NA,NA,NA,NA,NA,NA,NA,NA,1992-10-10,2014,NA,NA,NA,NA
"Desmond Ridder","CIN","QB","15697","weighted",103.808219178082,95.4594154601839,0.651598173515982,0.494974746830583,0.552054794520548,0.636396103067893,5.52054794520548,6.36396103067893,0,0,0.3,0,NA,NA,NA,NA,NA,NA,NA,NA,NA,NA,NA,NA,NA,NA,NA,NA,NA,NA,NA,NA,NA,NA,NA,NA,NA,NA,NA,NA,NA,NA,NA,NA,NA,NA,1999-08-31,2022,NA,NA,NA,NA
"Tyson Bagent","CHI","QB","16384","weighted",104.271903323263,88.8060719275474,0.939174219536757,0.892922577248769,0.395166163141994,0.690838453609043,9.58006042296073,10.7584639820507,0.329305135951662,0.575698711340869,0.481134608929171,0.56211683790339,NA,NA,NA,NA,NA,NA,NA,NA,NA,NA,NA,NA,NA,NA,NA,NA,NA,NA,NA,NA,NA,NA,NA,NA,NA,NA,NA,NA,NA,NA,NA,NA,NA,NA,2000-06-08,2023,NA,NA,NA,NA
"Jarrett Stidham","DEN","QB","14063","weighted",59.4350453172205,76.7738171226797,0.445216515609265,0.516599483770717,0.0329305135951662,0.0575698711340869,8.55790533736153,9.77515477577084,0,0,0,0,NA,NA,NA,NA,NA,NA,NA,NA,NA,NA,NA,NA,NA,NA,NA,NA,NA,NA,NA,NA,NA,NA,NA,NA,NA,NA,NA,NA,NA,NA,NA,NA,NA,NA,1970-01-01,2019,NA,NA,NA,NA
"Brandon Allen","TEN","QB","12621","weighted",67.5991943605237,70.6690328368808,0.642799597180262,0.547793432047324,1.16968781470292,1.24709585022807,6.11581067472306,5.5666766755548,0,0,0.349916079221215,0.40881224574792,NA,NA,NA,NA,NA,NA,NA,NA,NA,NA,NA,NA,NA,NA,NA,NA,NA,NA,NA,NA,NA,NA,NA,NA,NA,NA,NA,NA,NA,NA,NA,NA,NA,NA,1992-09-05,2016,NA,NA,NA,NA
"Trey Lance","LAC","QB","15240","weighted",48.4994964753273,81.6044555824157,0,0,0,0,5.88922457200403,9.90911246357904,0,0,0,0,NA,NA,NA,NA,NA,NA,NA,NA,NA,NA,NA,NA,NA,NA,NA,NA,NA,NA,NA,NA,NA,NA,NA,NA,NA,NA,NA,NA,NA,NA,NA,NA,NA,NA,1970-01-01,2021,NA,NA,NA,NA
"Jake Haener","NO","QB","16156","weighted",48.1017119838872,78.4059030160251,0.379355488418933,0.555730265905286,0.346424974823766,0.582888968445826,7.96777442094663,13.406446274254,0,0,0,0,NA,NA,NA,NA,NA,NA,NA,NA,NA,NA,NA,NA,NA,NA,NA,NA,NA,NA,NA,NA,NA,NA,NA,NA,NA,NA,NA,NA,NA,NA,NA,NA,NA,NA,1999-03-16,2023,NA,NA,NA,NA
"Dorian Thompson-Robinson","PHI","QB","16158","weighted",50.1756894790603,72.7736829532746,0.133605720122574,0.231063690285865,0.437282941777324,0.513710855503491,9.08886618998979,12.3119766940546,0,0,0.1,1.69971839373235e-17,NA,NA,NA,NA,NA,NA,NA,NA,NA,NA,NA,NA,NA,NA,NA,NA,NA,NA,NA,NA,NA,NA,NA,NA,NA,NA,NA,NA,NA,NA,NA,NA,NA,NA,1999-11-14,2023,NA,NA,NA,NA
"Graham Mertz","HOU","QB","17227","weighted",119,NA,1,NA,0,NA,8,NA,0,NA,0,NA,NA,NA,NA,NA,NA,NA,NA,NA,NA,NA,NA,NA,NA,NA,NA,NA,NA,NA,NA,NA,NA,NA,NA,NA,NA,NA,NA,NA,NA,NA,NA,NA,NA,NA,2000-12-06,2025,NA,NA,NA,NA
"Will Howard","PIT","QB","17036","weighted",114,NA,1,NA,0,NA,8,NA,0,NA,0,NA,NA,NA,NA,NA,NA,NA,NA,NA,NA,NA,NA,NA,NA,NA,NA,NA,NA,NA,NA,NA,NA,NA,NA,NA,NA,NA,NA,NA,NA,NA,NA,NA,NA,NA,2001-09-24,2025,"Q","Hand",2025,0
"Saquon Barkley","PHI","RB","13604","weighted",NA,NA,NA,NA,NA,NA,1674.04929193487,85.9448216724705,11.8673831213667,1.60428178606678,1.31413290420295,0.325735318070992,NA,NA,NA,NA,40.8580461946232,6.96272223580237,310.969026883756,47.6225736899693,1.93194289150723,0.426313117018704,NA,NA,NA,NA,NA,NA,NA,NA,NA,NA,NA,NA,NA,NA,NA,NA,NA,NA,NA,NA,NA,NA,NA,NA,1997-02-07,2018,NA,NA,NA,NA
"Derrick Henry","BAL","RB","12626","weighted",NA,NA,NA,NA,NA,NA,1549.13884134797,92.9157778008588,13.9529509271839,1.04430361316238,1.25830177962893,0.364235755955726,NA,NA,NA,NA,17.0508216584627,4.15303492199671,155.977357061719,44.3291182205719,0.924913518101927,0.180781227448736,NA,NA,NA,NA,NA,NA,NA,NA,NA,NA,NA,NA,NA,NA,NA,NA,NA,NA,NA,NA,NA,NA,NA,NA,1994-07-17,2016,NA,NA,NA,NA
"Bijan Robinson","ATL","RB","16161","weighted",NA,NA,NA,NA,NA,NA,1447.35419159409,101.098185311562,11.9750675010004,0.962584467894575,1.34204846648997,0.309400434247398,NA,NA,NA,NA,59.8433472169633,4.01763114839161,450.590018932223,29.2604856867617,2.26854476707983,0.555680030491712,NA,NA,NA,NA,NA,NA,NA,NA,NA,NA,NA,NA,NA,NA,NA,NA,NA,NA,NA,NA,NA,NA,NA,NA,2002-01-30,2023,NA,NA,NA,NA
"Jonathan Taylor","IND","RB","14802","weighted",NA,NA,NA,NA,NA,NA,1410.48330935252,85.6884101082542,10.9815893730582,1.40775049430961,1.34520068156002,0.32794603457758,NA,NA,NA,NA,26.7078682317304,5.79480118199171,193.725778114351,41.9140464085521,1.26709673069043,0.387913639232122,NA,NA,NA,NA,NA,NA,NA,NA,NA,NA,NA,NA,NA,NA,NA,NA,NA,NA,NA,NA,NA,NA,NA,NA,1970-01-01,2020,NA,NA,NA,NA
"Josh Jacobs","GB","RB","14073","weighted",NA,NA,NA,NA,NA,NA,1252.56288527073,82.0923885713021,11.9619376150622,1.09477831660133,1.8042313517607,0.438306092853467,NA,NA,NA,NA,38.8304884513442,4.3828232957009,319.552146914048,53.7468317079628,1.3923827181449,0.579246878025458,NA,NA,NA,NA,NA,NA,NA,NA,NA,NA,NA,NA,NA,NA,NA,NA,NA,NA,NA,NA,NA,NA,NA,NA,1970-01-01,2019,NA,NA,NA,NA
"Kyren Williams","LAR","RB","15710","weighted",NA,NA,NA,NA,NA,NA,1254.45913669065,101.548864382071,11.8839988146782,0.983521730985615,2.72301211662249,0.390463433437027,NA,NA,NA,NA,33.7407269973495,3.27334141442704,207.496152972359,24.3205230006449,1.80734537312941,0.677758416877441,NA,NA,NA,NA,NA,NA,NA,NA,NA,NA,NA,NA,NA,NA,NA,NA,NA,NA,NA,NA,NA,NA,NA,NA,2000-08-26,2022,NA,NA,NA,NA
"Bucky Irving","TB","RB","16598","weighted",NA,NA,NA,NA,NA,NA,1208.12901931087,103.901326806808,8.65181543407933,0.844555328617051,1.23038621734192,0.385819913519425,NA,NA,NA,NA,47.843438091632,6.97821540663838,373.861703900038,57.2965352239827,1.73762795857497,0.743045496902698,NA,NA,NA,NA,NA,NA,NA,NA,NA,NA,NA,NA,NA,NA,NA,NA,NA,NA,NA,NA,NA,NA,NA,NA,2002-08-19,2024,NA,NA,NA,NA
"Ashton Jeanty","LVR","RB","17042","weighted",NA,NA,NA,NA,NA,NA,1234.00502839833,100.31771226318,8.9756858822773,1.29654976229973,2.18667171525937,0.973172902468367,NA,NA,NA,NA,48.3836425596365,13.3742719130963,374.050776221128,98.8769184772951,2.03897523093739,0.573393770526602,NA,NA,NA,NA,NA,NA,NA,NA,NA,NA,NA,NA,NA,NA,NA,NA,NA,NA,NA,NA,NA,NA,NA,NA,2003-12-02,2025,NA,NA,NA,NA
"Jahmyr Gibbs","DET","RB","16162","weighted",NA,NA,NA,NA,NA,NA,1262.60329420674,63.5124839147533,12.0574112868444,2.07848365160834,1.57775463839455,0.300648732888504,NA,NA,NA,NA,57.7301779628929,3.78988292624326,506.449526694434,42.5916857024395,2.72377008384849,0.657386516179914,NA,NA,NA,NA,NA,NA,NA,NA,NA,NA,NA,NA,NA,NA,NA,NA,NA,NA,NA,NA,NA,NA,NA,NA,2002-03-20,2023,NA,NA,NA,NA
"Chuba Hubbard","CAR","RB","15261","weighted",NA,NA,NA,NA,NA,NA,1112.51569102613,125.507701663324,8.29415264780657,1.06116306977696,1.85726997349489,0.123891568399991,NA,NA,NA,NA,37.9054373343431,8.41617562246679,226.904361984097,50.2509882073189,1.05532103640396,0.180054252261305,NA,NA,NA,NA,NA,NA,NA,NA,NA,NA,NA,NA,NA,NA,NA,NA,NA,NA,NA,NA,NA,NA,NA,NA,1970-01-01,2021,NA,NA,NA,NA
"Devon Achane","MIA","RB","16167","weighted",NA,NA,NA,NA,NA,NA,998.720658841348,131.900919158251,7.27664186398739,1.05818669316223,1.04735895494131,0.534362844211209,NA,NA,NA,NA,69.7706474820144,5.88939975005332,532.576796667929,89.6238663152177,4.27309687134014,1.07175094770702,NA,NA,NA,NA,NA,NA,NA,NA,NA,NA,NA,NA,NA,NA,NA,NA,NA,NA,NA,NA,NA,NA,NA,NA,2001-10-13,2023,"Q","Calf",2025,0
"James Cook","BUF","RB","15715","weighted",NA,NA,NA,NA,NA,NA,1080.25109428247,82.8980766617248,9.91416474475922,1.92276384339231,1.34204846648997,0.309400434247398,NA,NA,NA,NA,34.0451722832261,5.71416117212134,285.95389625142,47.5734091599927,1.98211696671371,0.261333809168975,NA,NA,NA,NA,NA,NA,NA,NA,NA,NA,NA,NA,NA,NA,NA,NA,NA,NA,NA,NA,NA,NA,NA,NA,1999-09-25,2022,NA,NA,NA,NA
"Omarion Hampton","LAC","RB","17044","weighted",NA,NA,NA,NA,NA,NA,1036.48345323741,142.247552144255,8.98788442776321,1.44718258536041,1.742815221507,0.822070044567878,NA,NA,NA,NA,34.0597425217721,9.48334909755625,265.195335100341,68.4902339440937,1.5359171625435,0.51645244100519,NA,NA,NA,NA,NA,NA,NA,NA,NA,NA,NA,NA,NA,NA,NA,NA,NA,NA,NA,NA,NA,NA,NA,NA,2003-03-16,2025,NA,NA,NA,NA
"Christian McCaffrey","SF","RB","13130","weighted",NA,NA,NA,NA,NA,NA,1076.1474062855,97.36510427869,8.19182506626278,0.966221309525585,1.99684778492995,0.0430006371673018,NA,NA,NA,NA,63.1757213176827,9.48870778164675,542.501673608482,87.9858906337768,3.70819765240439,0.933214852899563,NA,NA,NA,NA,NA,NA,NA,NA,NA,NA,NA,NA,NA,NA,NA,NA,NA,NA,NA,NA,NA,NA,NA,NA,1996-06-07,2017,NA,NA,NA,NA
"TreVeyon Henderson","NE","RB","17043","weighted",NA,NA,NA,NA,NA,NA,930.650882241575,152.171405879385,6.38848014109488,0.876343476831474,1.65200681560015,0.641393098594375,NA,NA,NA,NA,40.6628852707308,14.6374969457624,325.356016660356,133.63309683666,2.38119801112019,1.32586461940828,NA,NA,NA,NA,NA,NA,NA,NA,NA,NA,NA,NA,NA,NA,NA,NA,NA,NA,NA,NA,NA,NA,NA,NA,2002-10-22,2025,NA,NA,NA,NA
"Chase Brown","CIN","RB","16181","weighted",NA,NA,NA,NA,NA,NA,1031.59697841727,114.785332035902,8.05135461753509,1.28623706416378,1.25830177962893,0.364235755955726,NA,NA,NA,NA,56.4704960242332,7.81866519027882,397.157538811056,59.8734723743529,3.03908839647475,0.918361944924056,NA,NA,NA,NA,NA,NA,NA,NA,NA,NA,NA,NA,NA,NA,NA,NA,NA,NA,NA,NA,NA,NA,NA,NA,2000-03-21,2023,NA,NA,NA,NA
"D'Andre Swift","CHI","RB","14797","weighted",NA,NA,NA,NA,NA,NA,988.157016281711,86.9514228507278,6.23507678068072,1.48303731036024,0.736378265808406,0.313227984940202,NA,NA,NA,NA,38.2318288527073,7.14942844101256,305.476402877698,65.8897287782154,1.21664605157979,0.675773249069588,NA,NA,NA,NA,NA,NA,NA,NA,NA,NA,NA,NA,NA,NA,NA,NA,NA,NA,NA,NA,NA,NA,NA,NA,1970-01-01,2020,NA,NA,NA,NA
"Breece Hall","NYJ","RB","15708","weighted",NA,NA,NA,NA,NA,NA,968.131737978039,106.915589434315,5.76723780436286,1.0107362433851,1.42894736842105,0.285686558062976,NA,NA,NA,NA,51.1497614539947,8.59953360534913,412.734509655434,75.9286247944036,2.41622300593627,0.693502806520925,NA,NA,NA,NA,NA,NA,NA,NA,NA,NA,NA,NA,NA,NA,NA,NA,NA,NA,NA,NA,NA,NA,NA,NA,2001-05-31,2022,NA,NA,NA,NA
"James Conner","ARI","RB","13146","weighted",NA,NA,NA,NA,NA,NA,983.669193487315,68.9531755661808,7.72046965197925,0.995702716896898,1.2024706550549,0.408637340145702,NA,NA,NA,NA,40.5334267322984,3.36532172112369,315.493275274517,36.8797118314976,1.65545613370799,0.448623228119584,NA,NA,NA,NA,NA,NA,NA,NA,NA,NA,NA,NA,NA,NA,NA,NA,NA,NA,NA,NA,NA,NA,NA,NA,1995-05-05,2017,NA,NA,NA,NA
"RJ Harvey","DEN","RB","17068","weighted",NA,NA,NA,NA,NA,NA,863.285656948126,97.1690089042914,5.14730384602966,1.18391756940088,1.45992679540578,0.809828784361041,NA,NA,NA,NA,41.1258462703521,11.0667638411971,313.216425596365,100.327382069869,1.85182527172876,0.630878325510429,NA,NA,NA,NA,NA,NA,NA,NA,NA,NA,NA,NA,NA,NA,NA,NA,NA,NA,NA,NA,NA,NA,NA,NA,2001-02-04,2025,NA,NA,NA,NA
"Aaron Jones","MIN","RB","13319","weighted",NA,NA,NA,NA,NA,NA,906.261923513821,104.24813378653,4.40930263705521,0.574249445086768,2.05267890950398,0.100080371798461,NA,NA,NA,NA,45.0131692540704,5.58243948118564,333.584104505869,50.3145496691936,2.06459361436471,0.547611359441412,NA,NA,NA,NA,NA,NA,NA,NA,NA,NA,NA,NA,NA,NA,NA,NA,NA,NA,NA,NA,NA,NA,NA,NA,1994-12-02,2017,NA,NA,NA,NA
"Alvin Kamara","NO","RB","13132","weighted",NA,NA,NA,NA,NA,NA,915.507519878834,98.5086865338541,5.22679075160924,0.98100571210934,1.04735895494131,0.534362844211209,NA,NA,NA,NA,66.3387201817493,10.7566471926738,496.483400227187,88.9389935072423,2.01866930140098,0.260494419999205,NA,NA,NA,NA,NA,NA,NA,NA,NA,NA,NA,NA,NA,NA,NA,NA,NA,NA,NA,NA,NA,NA,NA,NA,1996-06-25,2017,NA,NA,NA,NA
"Joe Mixon","HOU","RB","13131","weighted",NA,NA,NA,NA,NA,NA,709.254335478985,173.836572853615,6.15881636727528,1.40681676534123,1.06821279818251,0.0959202108734338,NA,NA,NA,NA,28.9105187429004,5.51501523365303,226.550314274896,41.0128947470857,1.35936613935099,0.432838202467776,NA,NA,NA,NA,NA,NA,NA,NA,NA,NA,NA,NA,NA,NA,NA,NA,NA,NA,NA,NA,NA,NA,NA,NA,1996-07-24,2017,"O","Foot",2025,0
"Kenneth Walker III","SEA","RB","15711","weighted",NA,NA,NA,NA,NA,NA,929.771351760697,67.8500753761293,7.88623118610375,1.26313636468198,1.04735895494131,0.534362844211209,NA,NA,NA,NA,44.9588337750852,7.16810393598264,320.432464975388,42.406457306106,1.23835041177584,0.50916933426081,NA,NA,NA,NA,NA,NA,NA,NA,NA,NA,NA,NA,NA,NA,NA,NA,NA,NA,NA,NA,NA,NA,NA,NA,2000-10-20,2022,NA,NA,NA,NA
"Kaleb Johnson","PIT","RB","17048","weighted",NA,NA,NA,NA,NA,NA,835.02795153351,143.299332759177,5.55314842862552,1.97538742787523,1.79158462703521,0.5733709880764,NA,NA,NA,NA,25.5217796289284,11.054708111823,186.044876940553,70.7356198159492,0.954416887542598,0.21739836099688,NA,NA,NA,NA,NA,NA,NA,NA,NA,NA,NA,NA,NA,NA,NA,NA,NA,NA,NA,NA,NA,NA,NA,NA,2003-08-14,2025,NA,NA,NA,NA
"Quinshon Judkins","CLE","RB","17051","weighted",NA,NA,NA,NA,NA,NA,656.452101476713,300.200180891084,4.0421908087565,2.04831622120234,1.27636312003029,0.347904472472554,NA,NA,NA,NA,18.2504354411208,10.0733406513588,138.061719045816,78.7013881522294,0.687267729675908,0.46632557321452,NA,NA,NA,NA,NA,NA,NA,NA,NA,NA,NA,NA,NA,NA,NA,NA,NA,NA,NA,NA,NA,NA,NA,NA,2003-10-29,2025,NA,NA,NA,NA
"Tony Pollard","TEN","RB","14085","weighted",NA,NA,NA,NA,NA,NA,975.573752366528,60.8253910248251,5.42590079515335,0.518145992955095,1.16749337372207,0.186779833362671,NA,NA,NA,NA,39.3994471790988,4.46098377539123,244.969299507762,39.7289124756627,0.796159030670201,0.442774059356184,NA,NA,NA,NA,NA,NA,NA,NA,NA,NA,NA,NA,NA,NA,NA,NA,NA,NA,NA,NA,NA,NA,NA,NA,NA,2019,NA,NA,NA,NA
"Tyrone Tracy","NYG","RB","16747","weighted",NA,NA,NA,NA,NA,NA,873.480257478228,92.2725970809766,5.31713459438399,1.02945596519833,1.85336046951912,0.457224088355978,NA,NA,NA,NA,39.8860658841348,7.07649035146388,297.68714880727,56.8292223187811,1.28025275889129,0.456693346202307,NA,NA,NA,NA,NA,NA,NA,NA,NA,NA,NA,NA,NA,NA,NA,NA,NA,NA,NA,NA,NA,NA,NA,NA,1999-11-23,2024,NA,NA,NA,NA
"Isiah Pacheco","KC","RB","15749","weighted",NA,NA,NA,NA,NA,NA,846.806452101477,71.1513455192706,6.00015601621922,1.40699286242569,1.02791556228701,0.0311299722271119,NA,NA,NA,NA,34.3904202953427,6.10626186234635,227.537712987505,44.1308285056043,1.04590229502652,0.654369619503203,NA,NA,NA,NA,NA,NA,NA,NA,NA,NA,NA,NA,NA,NA,NA,NA,NA,NA,NA,NA,NA,NA,NA,NA,1999-03-02,2022,NA,NA,NA,NA
"Jerome Ford","CLE","RB","15713","weighted",NA,NA,NA,NA,NA,NA,537.781582733813,176.572414529095,3.0268579522347,0.969256292995774,0.745607724346838,0.247054406175339,NA,NA,NA,NA,31.1118742900417,5.49726921379011,207.683309352518,37.4537749252644,0.948492293884191,0.184269400233682,NA,NA,NA,NA,NA,NA,NA,NA,NA,NA,NA,NA,NA,NA,NA,NA,NA,NA,NA,NA,NA,NA,NA,NA,1999-09-12,2022,NA,NA,NA,NA
"Jordan Mason","MIN","RB","15972","weighted",NA,NA,NA,NA,NA,NA,709.261075350246,142.870581876167,4.07142271762979,1.13029938430693,0.776423072068661,0.109254291641163,NA,NA,NA,NA,15.3815372964786,3.97370346012951,112.788254449072,25.5403042241621,0.585911625422085,0.519550144231266,NA,NA,NA,NA,NA,NA,NA,NA,NA,NA,NA,NA,NA,NA,NA,NA,NA,NA,NA,NA,NA,NA,NA,NA,1999-05-24,2022,NA,NA,NA,NA
"J.K. Dobbins","DEN","RB","14800","weighted",NA,NA,NA,NA,NA,NA,690.816743657705,97.3648905351418,4.98847366945814,1.17636492594762,1.14348731541083,0.431177996884208,NA,NA,NA,NA,29.2671790988262,9.3005862430399,186.59847027641,69.6711095782922,0.821575554320727,0.691622218942429,NA,NA,NA,NA,NA,NA,NA,NA,NA,NA,NA,NA,NA,NA,NA,NA,NA,NA,NA,NA,NA,NA,NA,NA,1970-01-01,2020,NA,NA,NA,NA
"Cam Skattebo","NYG","RB","17045","weighted",NA,NA,NA,NA,NA,NA,597.461234380916,171.709448763486,3.31679142515947,1.6882781272047,1.03750473305566,0.5392361737568,NA,NA,NA,NA,21.6427110942825,5.79497552595637,161.659386595986,55.9272335206234,0.896514140913989,0.428944921419358,NA,NA,NA,NA,NA,NA,NA,NA,NA,NA,NA,NA,NA,NA,NA,NA,NA,NA,NA,NA,NA,NA,NA,NA,2002-02-05,2025,NA,NA,NA,NA
"David Montgomery","DET","RB","14071","weighted",NA,NA,NA,NA,NA,NA,811.659795531995,53.6649513989002,8.91506877527983,1.1412787965369,0.860422188564937,0.155649861135559,NA,NA,NA,NA,29.9791594093147,4.04840159751555,249.835728890572,31.4698261393861,0.785059963834147,0.752021140695597,NA,NA,NA,NA,NA,NA,NA,NA,NA,NA,NA,NA,NA,NA,NA,NA,NA,NA,NA,NA,NA,NA,NA,NA,1970-01-01,2019,NA,NA,NA,NA
"Nick Chubb","HOU","RB","13610","weighted",NA,NA,NA,NA,NA,NA,535.765656948126,170.23490548703,4.0625415274188,1.49546322173451,0.801186419285624,0.0831011318258534,NA,NA,NA,NA,10.8600984475577,3.227928803956,80.450071942446,21.5987862850062,0.624205916731146,0.704724667100836,NA,NA,NA,NA,NA,NA,NA,NA,NA,NA,NA,NA,NA,NA,NA,NA,NA,NA,NA,NA,NA,NA,NA,NA,1995-12-27,2018,NA,NA,NA,NA
"Tank Bigsby","JAC","RB","16164","weighted",NA,NA,NA,NA,NA,NA,694.359893979553,133.992793375825,5.63798128414562,1.45852095949015,1.03106777735706,0.0259377581551308,NA,NA,NA,NA,12.105429761454,5.83025896337626,84.9709579704657,41.6821357533492,0.206364172889746,0.370456728532053,NA,NA,NA,NA,NA,NA,NA,NA,NA,NA,NA,NA,NA,NA,NA,NA,NA,NA,NA,NA,NA,NA,NA,NA,2001-08-30,2023,NA,NA,NA,NA
"Rico Dowdle","CAR","RB","14823","weighted",NA,NA,NA,NA,NA,NA,472.85991669822,155.478857129716,2.28812172422727,0.469236808964539,1.22017228322605,0.284662549500645,NA,NA,NA,NA,23.3692237788716,6.13761315147334,158.789344945097,42.0811265912657,1.11565714741226,0.434525725451567,NA,NA,NA,NA,NA,NA,NA,NA,NA,NA,NA,NA,NA,NA,NA,NA,NA,NA,NA,NA,NA,NA,NA,NA,1970-01-01,2020,NA,NA,NA,NA
"Jacory Croskey-Merritt","WAS","RB","17256","weighted",NA,NA,NA,NA,NA,NA,608.484036349868,221.523656004823,4.670974837355,2.27559123154292,1.83823046825697,0.208531279357027,NA,NA,NA,NA,18.467020068156,8.4937768676444,145.401802347596,76.0181767142171,0.887245533716567,0.583893057105993,NA,NA,NA,NA,NA,NA,NA,NA,NA,NA,NA,NA,NA,NA,NA,NA,NA,NA,NA,NA,NA,NA,NA,NA,2001-04-12,2025,NA,NA,NA,NA
"Jaylen Warren","PIT","RB","15742","weighted",NA,NA,NA,NA,NA,NA,681.046005301022,94.932748276107,3.43984475577433,1.12821205066413,0.987618326391518,0.0352260295704587,NA,NA,NA,NA,47.3718515713745,4.46966661905276,350.381461567588,38.3584006962336,0.963896251419917,0.704045759928441,NA,NA,NA,NA,NA,NA,NA,NA,NA,NA,NA,NA,NA,NA,NA,NA,NA,NA,NA,NA,NA,NA,NA,NA,1998-11-01,2022,NA,NA,NA,NA
"Rhamondre Stevenson","NE","RB","15259","weighted",NA,NA,NA,NA,NA,NA,655.55541840212,132.788982657082,4.84684469598836,1.47637358830802,1.75407989397955,0.386939510018699,NA,NA,NA,NA,29.1131768269595,5.95900254116956,180.646444528588,28.6996162850762,1.07895613702943,0.378600147753319,NA,NA,NA,NA,NA,NA,NA,NA,NA,NA,NA,NA,NA,NA,NA,NA,NA,NA,NA,NA,NA,NA,NA,NA,1970-01-01,2021,"Q","Undisclosed",2025,0
"Javonte Williams","DAL","RB","15256","weighted",NA,NA,NA,NA,NA,NA,643.737379780386,116.101702346409,4.02053767512306,1.13646630231441,1.23575665783163,0.273569112828854,NA,NA,NA,NA,35.9603180613404,4.78853686148154,237.225081408557,37.4886790547268,0.896743657705415,0.395017772397674,NA,NA,NA,NA,NA,NA,NA,NA,NA,NA,NA,NA,NA,NA,NA,NA,NA,NA,NA,NA,NA,NA,NA,NA,1970-01-01,2021,NA,NA,NA,NA
"Najee Harris","LAC","RB","15254","weighted",NA,NA,NA,NA,NA,NA,545.398424839076,134.923414253702,4.19057385670411,1.0403841137234,0.689776599772813,0.309043946884579,NA,NA,NA,NA,19.9816660355926,6.45793019261487,141.237296478607,51.0166591755625,0.57816525726787,0.494816037617066,NA,NA,NA,NA,NA,NA,NA,NA,NA,NA,NA,NA,NA,NA,NA,NA,NA,NA,NA,NA,NA,NA,NA,NA,1970-01-01,2021,"O","Eye",2025,0
"Ollie Gordon","MIA","RB","17059","weighted",NA,NA,NA,NA,NA,NA,296.8575085195,231.604209113726,2.22396286479588,2.25302952724051,1.30112646724725,0.31466729888505,NA,NA,NA,NA,8.82501325255585,3.39131519863799,66.3630367285119,34.4687521984523,0.246733717613019,0.353922747175051,NA,NA,NA,NA,NA,NA,NA,NA,NA,NA,NA,NA,NA,NA,NA,NA,NA,NA,NA,NA,NA,NA,NA,NA,2004-01-15,2025,NA,NA,NA,NA
"Zach Charbonnet","SEA","RB","16169","weighted",NA,NA,NA,NA,NA,NA,573.70939795532,102.173732949693,4.62057918038039,0.803021865969579,0.689776599772813,0.309043946884579,NA,NA,NA,NA,34.5166452101477,4.85293583094997,257.441552442257,38.2058301811703,1.03918606005884,0.401125668911112,NA,NA,NA,NA,NA,NA,NA,NA,NA,NA,NA,NA,NA,NA,NA,NA,NA,NA,NA,NA,NA,NA,NA,NA,2001-01-08,2023,NA,NA,NA,NA
"Travis Etienne","JAC","RB","15253","weighted",NA,NA,NA,NA,NA,NA,609.194320333207,100.957287789085,3.56887480354577,1.31458158789611,0.816972737599394,0.185562013871531,NA,NA,NA,NA,40.0993032942067,4.87037296590079,293.740848163574,45.379301098149,1.07872837706763,0.719041944607741,NA,NA,NA,NA,NA,NA,NA,NA,NA,NA,NA,NA,NA,NA,NA,NA,NA,NA,NA,NA,NA,NA,NA,NA,1970-01-01,2021,NA,NA,NA,NA
"Trey Benson","ARI","RB","16594","weighted",NA,NA,NA,NA,NA,NA,553.156978417266,95.5941903158325,3.52230612502479,0.81679478763849,0.705310488451344,0.309902641601372,NA,NA,NA,NA,15.2594168875426,7.4568066182808,111.869307080651,52.1224243703573,0.375974829159229,0.421799720450648,NA,NA,NA,NA,NA,NA,NA,NA,NA,NA,NA,NA,NA,NA,NA,NA,NA,NA,NA,NA,NA,NA,NA,NA,2002-07-23,2024,NA,NA,NA,NA
"Dylan Sampson","CLE","RB","17047","weighted",NA,NA,NA,NA,NA,NA,411.862907989398,180.066056554607,2.2093092591536,1.01076250208837,1.10569228827464,0.43701716656465,NA,NA,NA,NA,17.9569784172662,10.4332513727166,142.55935630443,84.1340335436359,0.563004258453367,0.636370720797235,NA,NA,NA,NA,NA,NA,NA,NA,NA,NA,NA,NA,NA,NA,NA,NA,NA,NA,NA,NA,NA,NA,NA,NA,2004-09-14,2025,NA,NA,NA,NA
"Jaydon Blue","DAL","RB","17069","weighted",NA,NA,NA,NA,NA,NA,440.566255206361,182.051262184464,2.4972814992656,1.19040573669737,0.956708317556481,0.540607129942821,NA,NA,NA,NA,19.9009769026884,9.25734554448591,154.962309731162,75.2268939320276,0.801559848708656,0.397109603992747,NA,NA,NA,NA,NA,NA,NA,NA,NA,NA,NA,NA,NA,NA,NA,NA,NA,NA,NA,NA,NA,NA,NA,NA,2004-01-08,2025,"Q","Ankle",2025,0
"Bhayshul Tuten","JAC","RB","17052","weighted",NA,NA,NA,NA,NA,NA,429.65775085195,139.340616492884,2.24251798561151,1.53092282671549,0.956708317556481,0.540607129942821,NA,NA,NA,NA,17.7978265808406,5.01642098919692,140.963922756532,62.7822124577135,0.810946611132147,0.638779127373276,NA,NA,NA,NA,NA,NA,NA,NA,NA,NA,NA,NA,NA,NA,NA,NA,NA,NA,NA,NA,NA,NA,NA,NA,2003-02-14,2025,NA,NA,NA,NA
"Brian Robinson","WAS","RB","15716","weighted",NA,NA,NA,NA,NA,NA,459.338137069292,99.7950828318001,3.79477332966163,0.982091911295886,1.43502461188944,0.274128933698025,NA,NA,NA,NA,11.5335554714123,5.14576072828961,94.2267322983718,40.0899518484327,0.459615159547004,0.576567324874775,NA,NA,NA,NA,NA,NA,NA,NA,NA,NA,NA,NA,NA,NA,NA,NA,NA,NA,NA,NA,NA,NA,NA,NA,1999-03-22,2022,NA,NA,NA,NA
"Jaylen Wright","MIA","RB","16610","weighted",NA,NA,NA,NA,NA,NA,433.894923728814,116.051691410967,2.61725423728814,1.09695502740768,1.2621186440678,0.372091780923859,NA,NA,NA,NA,16.8590423728814,8.42774244278198,112.458271186441,61.5755781853522,0.35385593220339,0.47692970750615,NA,NA,NA,NA,NA,NA,NA,NA,NA,NA,NA,NA,NA,NA,NA,NA,NA,NA,NA,NA,NA,NA,NA,NA,2003-04-01,2024,"Q","Leg",2025,0
"MarShawn Lloyd","GB","RB","16604","weighted",NA,NA,NA,NA,NA,NA,342.990435441121,168.650620236529,2.29548833997817,1.67475359952935,0.956708317556481,0.540607129942821,NA,NA,NA,NA,13.0559333585763,5.66224504027862,92.2659674365771,43.316995478948,0.575386353822188,0.455409512733307,NA,NA,NA,NA,NA,NA,NA,NA,NA,NA,NA,NA,NA,NA,NA,NA,NA,NA,NA,NA,NA,NA,NA,NA,2001-01-05,2024,"Q","Hamstring",2025,0
"Tyler Allgeier","ATL","RB","15712","weighted",NA,NA,NA,NA,NA,NA,570.438439984854,53.1075794063844,3.18994428517337,0.589611859777611,0.689776599772813,0.309043946884579,NA,NA,NA,NA,12.9500567966679,2.45108868665116,97.5106626277925,21.9631807364214,0.265413533834586,0.35649670198801,NA,NA,NA,NA,NA,NA,NA,NA,NA,NA,NA,NA,NA,NA,NA,NA,NA,NA,NA,NA,NA,NA,NA,NA,2000-04-15,2022,NA,NA,NA,NA
"Ray Davis","BUF","RB","16603","weighted",NA,NA,NA,NA,NA,NA,468.881628171147,103.202096438535,3.67988556523202,1.12795314138491,0.745607724346838,0.247054406175339,NA,NA,NA,NA,15.40224914805,6.43669908618781,130.795070049224,56.3903244498425,1.51991753965249,1.4162883906321,NA,NA,NA,NA,NA,NA,NA,NA,NA,NA,NA,NA,NA,NA,NA,NA,NA,NA,NA,NA,NA,NA,NA,NA,1999-11-11,2024,NA,NA,NA,NA
"Braelon Allen","NYJ","RB","16596","weighted",NA,NA,NA,NA,NA,NA,462.192866338508,92.23448079439,2.82478173851896,0.687111035731811,0.590092136816862,0.193440894382132,NA,NA,NA,NA,20.7591063990913,8.15410817904895,151.225725104127,53.334079675832,0.743230378103532,0.382622913301075,NA,NA,NA,NA,NA,NA,NA,NA,NA,NA,NA,NA,NA,NA,NA,NA,NA,NA,NA,NA,NA,NA,NA,NA,2004-01-20,2024,NA,NA,NA,NA
"Kendre Miller","NO","RB","16171","weighted",NA,NA,NA,NA,NA,NA,323.082764104506,116.628340047276,2.51592850416023,1.86975617110983,0.478354158778241,0.270303564971411,NA,NA,NA,NA,12.3138735327527,3.30830267294356,95.4116471033699,30.817411895653,0.126815066571486,0.211999161485654,NA,NA,NA,NA,NA,NA,NA,NA,NA,NA,NA,NA,NA,NA,NA,NA,NA,NA,NA,NA,NA,NA,NA,NA,2002-06-11,2023,NA,NA,NA,NA
"Rachaad White","TB","RB","15721","weighted",NA,NA,NA,NA,NA,NA,440.317281332828,87.9482943722228,2.68736581399246,0.433571667221221,1.91842105263158,0.567653829479034,NA,NA,NA,NA,37.0479591063991,7.59028689308655,283.139212419538,53.8860597293699,2.47870007014233,0.863659253813535,NA,NA,NA,NA,NA,NA,NA,NA,NA,NA,NA,NA,NA,NA,NA,NA,NA,NA,NA,NA,NA,NA,NA,NA,1999-04-22,2022,"Q","Groin",2025,0
"Tyjae Spears","TEN","RB","16165","weighted",NA,NA,NA,NA,NA,NA,452.483445664521,75.4392377820276,3.27075396992348,0.689939777641583,0.705310488451344,0.309902641601372,NA,NA,NA,NA,36.2559030670201,7.22100133082199,274.301703900038,55.7470583959878,1.23013963098527,0.499377458361728,NA,NA,NA,NA,NA,NA,NA,NA,NA,NA,NA,NA,NA,NA,NA,NA,NA,NA,NA,NA,NA,NA,NA,NA,2001-06-15,2023,"Q","Ankle",2025,0
"Keaton Mitchell","BAL","RB","16178","weighted",NA,NA,NA,NA,NA,NA,278.104483150322,141.449042838194,1.27727598725973,0.882061966392869,0.111737978038622,0.0836490308146954,NA,NA,NA,NA,9.126755017039,3.91479351301726,82.3291253313139,35.1596651884762,0.368744459540727,0.433650562668294,NA,NA,NA,NA,NA,NA,NA,NA,NA,NA,NA,NA,NA,NA,NA,NA,NA,NA,NA,NA,NA,NA,NA,NA,NA,2023,NA,NA,NA,NA
"Austin Ekeler","WAS","RB","13404","weighted",NA,NA,NA,NA,NA,NA,460.253116243847,71.6739194186709,4.32014671059696,1.12071769809465,1.51522150700492,0.272065616610438,NA,NA,1,0,46.4610299129118,4.76812341251603,393.574751987883,43.7386599439414,1.44563897664272,0.847067474491486,NA,NA,NA,NA,NA,NA,NA,NA,NA,NA,NA,NA,NA,NA,NA,NA,NA,NA,NA,NA,NA,NA,NA,NA,NA,NA,NA,NA,NA,NA
"Kareem Hunt","KC","RB","13138","weighted",NA,NA,NA,NA,NA,NA,363.733222264294,79.7222496459756,3.80369198270193,1.06954550829398,0.0248643190710589,0.0155196263195692,NA,NA,NA,NA,19.8677622112836,3.06880655086148,140.329867474441,26.5958056979132,0.54197253831284,0.563915886667438,NA,NA,NA,NA,NA,NA,NA,NA,NA,NA,NA,NA,NA,NA,NA,NA,NA,NA,NA,NA,NA,NA,NA,NA,1995-08-06,2017,NA,NA,NA,NA
"Kyle Monangai","CHI","RB","17066","weighted",NA,NA,NA,NA,NA,NA,265.468713105077,188.961476493173,1.97343565525384,1.56866307039665,0.0403482880755608,0.0220729990909264,NA,NA,NA,NA,8.11865407319953,5.96388580908634,58.0720188902007,48.2064448882298,0.216190219924547,0.433812285949541,NA,NA,NA,NA,NA,NA,NA,NA,NA,NA,NA,NA,NA,NA,NA,NA,NA,NA,NA,NA,NA,NA,NA,NA,2002-06-06,2025,"Q","Undisclosed",2025,0
"Chris Rodriguez","WAS","RB","16174","weighted",NA,NA,NA,NA,NA,NA,326.423131487889,108.105395548269,2.87741904419926,1.32131089901514,0.480017301038062,0.29188603228033,NA,NA,NA,NA,5.0575,4.22565804607672,36.8640657439446,29.3313278216107,0.102763984500146,0.166843650476309,NA,NA,NA,NA,NA,NA,NA,NA,NA,NA,NA,NA,NA,NA,NA,NA,NA,NA,NA,NA,NA,NA,NA,NA,2000-09-26,2023,NA,NA,NA,NA
"Emanuel Wilson","GB","RB","16432","weighted",NA,NA,NA,NA,NA,NA,270.219127118644,146.885487628887,2.0929406779661,1.59730498660533,0.355508474576271,0.331343198865588,NA,NA,NA,NA,8.78339830508475,5.07714006208488,54.1163389830509,34.0266130591728,0.221483050847458,0.38326708946856,NA,NA,NA,NA,NA,NA,NA,NA,NA,NA,NA,NA,NA,NA,NA,NA,NA,NA,NA,NA,NA,NA,NA,NA,1999-05-08,2023,NA,NA,NA,NA
"Antonio Gibson","NE","RB","14852","weighted",NA,NA,NA,NA,NA,NA,251.4105,164.049585413037,0.920203389830508,0.476433745115685,0,0,NA,NA,NA,NA,17.5619576271186,9.6085790464622,140.728144067797,79.2789224408518,0.452857595137728,0.497433183581373,NA,NA,NA,NA,NA,NA,NA,NA,NA,NA,NA,NA,NA,NA,NA,NA,NA,NA,NA,NA,NA,NA,NA,NA,1970-01-01,2020,NA,NA,NA,NA
"Zamir White","LVR","RB","15714","weighted",NA,NA,NA,NA,NA,NA,339.591360856269,98.2917570658702,1.48178899082569,0.748726203406781,1.0625,0.425006293256396,NA,NA,NA,NA,12.9405810397554,7.13252575653613,84.847003058104,51.7214973417107,0.317150256584517,0.407200120616165,NA,NA,NA,NA,NA,NA,NA,NA,NA,NA,NA,NA,NA,NA,NA,NA,NA,NA,NA,NA,NA,NA,NA,NA,1999-09-18,2022,NA,NA,NA,NA
"Devin Singletary","NYG","RB","14080","weighted",NA,NA,NA,NA,NA,NA,308.56843220339,120.832907507147,1.97816949152542,1.03299151672965,0.97,0.147847571303709,NA,NA,NA,NA,13.3392118644068,6.0622824667527,86.8456694915254,36.5437749185723,0.0688991401714173,0.161088283261659,NA,NA,NA,NA,NA,NA,NA,NA,NA,NA,NA,NA,NA,NA,NA,NA,NA,NA,NA,NA,NA,NA,NA,NA,1970-01-01,2019,NA,NA,NA,NA
"Raheem Mostert","LVR","RB","12447","weighted",NA,NA,NA,NA,NA,NA,267.673616054525,102.19965202275,2.11562924729468,1.3713223095371,1.55264420042913,0.190894114419869,NA,NA,NA,NA,16.4703521393412,7.79462819817398,124.121643316925,57.9386361130525,0.467403144665663,0.472965150774311,NA,NA,NA,NA,NA,NA,NA,NA,NA,NA,NA,NA,NA,NA,NA,NA,NA,NA,NA,NA,NA,NA,NA,NA,NA,NA,NA,NA,NA,NA
"Audric Estime","DEN","RB","16595","weighted",NA,NA,NA,NA,NA,NA,323.036529680365,166.170093578839,2.05433789954338,1.34350288425444,1,0,NA,NA,NA,NA,8.11324200913242,4.10121933088198,47.5936073059361,28.9913780286484,0.149315068493151,0.212132034355964,NA,NA,NA,NA,NA,NA,NA,NA,NA,NA,NA,NA,NA,NA,NA,NA,NA,NA,NA,NA,NA,NA,NA,NA,2003-09-06,2024,NA,NA,NA,NA
"Khalil Herbert","IND","RB","15271","weighted",NA,NA,NA,NA,NA,NA,227.284835056622,171.471572107262,1.51751846381093,1.39524885796258,0,0,NA,NA,NA,NA,8.04516986706056,5.88348477394455,48.0750664697193,33.7303554589638,0.0998818316100443,0.252151529445829,NA,NA,NA,NA,NA,NA,NA,NA,NA,NA,NA,NA,NA,NA,NA,NA,NA,NA,NA,NA,NA,NA,NA,NA,1970-01-01,2021,"Q","Undisclosed",2025,0
"Will Shipley","PHI","RB","16601","weighted",NA,NA,NA,NA,NA,NA,233.666550549034,107.780371966684,1.58942384403371,0.705476382497175,0.0248643190710589,0.0155196263195692,NA,NA,NA,NA,12.3440590685346,7.08183764071934,91.7242862552064,52.723350461626,0.323457640252547,0.606676392635268,NA,NA,NA,NA,NA,NA,NA,NA,NA,NA,NA,NA,NA,NA,NA,NA,NA,NA,NA,NA,NA,NA,NA,NA,2002-08-29,2024,NA,NA,NA,NA
"Miles Sanders","DAL","RB","14079","weighted",NA,NA,NA,NA,NA,NA,323.131601694915,85.2929506265055,1.86391525423729,0.856603375523352,0.692161016949153,0.150459971441065,NA,NA,NA,NA,13.1478983050847,6.01633339384123,87.0804745762712,42.7273851453801,0.372226397401868,0.439760663798492,NA,NA,NA,NA,NA,NA,NA,NA,NA,NA,NA,NA,NA,NA,NA,NA,NA,NA,NA,NA,NA,NA,NA,NA,1970-01-01,2019,"Q","Shoulder",2025,0
"DJ Giddens","IND","RB","17060","weighted",NA,NA,NA,NA,NA,NA,195.220749716017,136.453098072731,1.25347469392907,1.06102083614413,0,0,NA,NA,NA,NA,8.72461188943582,5.2706823322436,64.4946308216585,40.4013250610196,0.141439293809789,0.235379538260569,NA,NA,NA,NA,NA,NA,NA,NA,NA,NA,NA,NA,NA,NA,NA,NA,NA,NA,NA,NA,NA,NA,NA,NA,2003-08-26,2025,NA,NA,NA,NA
"Woody Marks","HOU","RB","17053","weighted",NA,NA,NA,NA,NA,NA,286.080771573604,78.6621075012645,1.81571155568827,0.768659484515416,0.1,1.52137699611647e-17,NA,NA,NA,NA,20.7830659898477,8.23467239767585,149.223106598985,62.4244677741996,0.936115855479247,0.497000967763367,NA,NA,NA,NA,NA,NA,NA,NA,NA,NA,NA,NA,NA,NA,NA,NA,NA,NA,NA,NA,NA,NA,NA,NA,2000-12-29,2025,NA,NA,NA,NA
"Jaleel McLaughlin","DEN","RB","16390","weighted",NA,NA,NA,NA,NA,NA,222.168640873016,139.33160196437,0.920357142857143,0.464519232376897,0.694031084656085,0.162126404701091,NA,NA,NA,NA,16.0070138888889,14.7161386662239,86.2458630952381,85.2488186197097,0.711470434238541,0.914235180562654,NA,NA,NA,NA,NA,NA,NA,NA,NA,NA,NA,NA,NA,NA,NA,NA,NA,NA,NA,NA,NA,NA,NA,NA,1999-02-19,2023,NA,NA,NA,NA
"AJ Dillon","PHI","RB","14805","weighted",NA,NA,NA,NA,NA,NA,155.892331920048,150.727029265897,1.17183525136281,1.24690724500336,0,0,NA,NA,NA,NA,2.88363416111448,2.7832905447769,22.7420109024833,23.4298802326711,0.0814984857662023,0.141743363890023,NA,NA,NA,NA,NA,NA,NA,NA,NA,NA,NA,NA,NA,NA,NA,NA,NA,NA,NA,NA,NA,NA,NA,NA,1970-01-01,2020,NA,NA,NA,NA
"Blake Corum","LAR","RB","16593","weighted",NA,NA,NA,NA,NA,NA,303.005414615676,66.5898609562058,1.75652071923976,0.799802150122223,0.342048466489966,0.309400434247398,NA,NA,NA,NA,11.2510261264672,7.49334490631301,84.0908065126846,54.9639178408359,0.216443097036791,0.39185213806068,NA,NA,NA,NA,NA,NA,NA,NA,NA,NA,NA,NA,NA,NA,NA,NA,NA,NA,NA,NA,NA,NA,NA,NA,2000-11-25,2024,NA,NA,NA,NA
"Elijah Mitchell","KC","RB","15263","weighted",NA,NA,NA,NA,NA,NA,214.646293070807,126.303987823702,1.77033650498956,1.0927159011985,0.322832260507384,0.219586035041858,NA,NA,NA,NA,8.6153502461189,3.9657623108939,55.0673305566073,22.7381061701867,0.239832810880527,0.367201122445985,NA,NA,NA,NA,NA,NA,NA,NA,NA,NA,NA,NA,NA,NA,NA,NA,NA,NA,NA,NA,NA,NA,NA,NA,1970-01-01,2021,NA,NA,NA,NA
"Tahj Brooks","CIN","RB","17058","weighted",NA,NA,NA,NA,NA,NA,208.407033898305,124.461300772809,1.53026271186441,0.759153226969019,0.674152542372881,0.32991829195645,NA,NA,NA,NA,9.02984745762712,5.76452184280101,70.7478220338983,45.6469599836454,0.271936214611914,0.417855590963115,NA,NA,NA,NA,NA,NA,NA,NA,NA,NA,NA,NA,NA,NA,NA,NA,NA,NA,NA,NA,NA,NA,NA,NA,2002-05-13,2025,NA,NA,NA,NA
"Brashard Smith","KC","RB","17049","weighted",NA,NA,NA,NA,NA,NA,163.587329949239,143.016659057344,0.87042717688403,1.0097847087276,0,0,NA,NA,NA,NA,11.0295431472081,10.5406858156885,81.4114517766497,78.4877268816657,0.416567746973838,0.695409948232802,NA,NA,NA,NA,NA,NA,NA,NA,NA,NA,NA,NA,NA,NA,NA,NA,NA,NA,NA,NA,NA,NA,NA,NA,2003-04-11,2025,NA,NA,NA,NA
"Isaac Guerendo","SF","RB","16688","weighted",NA,NA,NA,NA,NA,NA,280.634570238546,65.9914618790213,2.4791409887737,0.746729438376746,0.478354158778241,0.270303564971411,NA,NA,NA,NA,10.7481408557365,6.8975219125055,90.8874592957213,63.6127074799594,0.149761299469477,0.24272817778361,NA,NA,NA,NA,NA,NA,NA,NA,NA,NA,NA,NA,NA,NA,NA,NA,NA,NA,NA,NA,NA,NA,NA,NA,2000-06-28,2024,NA,NA,NA,NA
"Jarquez Hunter","LAR","RB","17064","weighted",NA,NA,NA,NA,NA,NA,240.263917525773,143.584573456205,1.74962511715089,1.09669821976488,0.673969072164949,0.36909252010356,NA,NA,NA,NA,10.0734536082474,8.69231689884083,83.6278350515464,71.6960638884134,0.596315213089218,0.607076484101183,NA,NA,NA,NA,NA,NA,NA,NA,NA,NA,NA,NA,NA,NA,NA,NA,NA,NA,NA,NA,NA,NA,NA,NA,2002-12-29,2025,NA,NA,NA,NA
"Dameon Pierce","HOU","RB","15717","weighted",NA,NA,NA,NA,NA,NA,207.99813559322,121.485754954875,1.19949152542373,0.789108403528894,0.724031476997579,0.780878090614116,NA,NA,NA,NA,6.14869249394673,2.27476786732683,38.5029539951574,20.2753098124204,0.109767864801008,0.184988797827981,NA,NA,NA,NA,NA,NA,NA,NA,NA,NA,NA,NA,NA,NA,NA,NA,NA,NA,NA,NA,NA,NA,NA,NA,2000-02-19,2022,NA,NA,NA,NA
"Ty Johnson","BUF","RB","14095","weighted",NA,NA,NA,NA,NA,NA,217.871127118644,80.2783992160529,0.893881355932204,0.197226390392348,0.0238559322033898,0.0162450682758638,NA,NA,NA,NA,18.0614491525424,6.34263493893715,183.527211864407,54.7261483097076,1.54250847457627,0.96029170673518,NA,NA,NA,NA,NA,NA,NA,NA,NA,NA,NA,NA,NA,NA,NA,NA,NA,NA,NA,NA,NA,NA,NA,NA,NA,2019,NA,NA,NA,NA
"Roschon Johnson","CHI","RB","16175","weighted",NA,NA,NA,NA,NA,NA,269.160008474576,70.9862344832603,3.99794915254237,1.94251228554168,0.0238559322033898,0.0162450682758638,NA,NA,NA,NA,16.5547627118644,4.79297399563798,108.212169491525,33.791902110223,0.324262711864407,0.469625250584953,NA,NA,NA,NA,NA,NA,NA,NA,NA,NA,NA,NA,NA,NA,NA,NA,NA,NA,NA,NA,NA,NA,NA,NA,2001-01-31,2023,"Q","Foot",2025,0
"Trevor Etienne","CAR","RB","17056","weighted",NA,NA,NA,NA,NA,NA,169.38518155054,138.665151951635,0.991658488714426,1.27075052888277,0.481812234216552,0.315165747673268,NA,NA,NA,NA,8.91182531894014,8.43788418245404,70.9730127576055,73.2571741615903,0.182847137421402,0.404965545140003,NA,NA,NA,NA,NA,NA,NA,NA,NA,NA,NA,NA,NA,NA,NA,NA,NA,NA,NA,NA,NA,NA,NA,NA,2004-07-09,2025,NA,NA,NA,NA
"Michael Carter","ARI","RB","15258","weighted",NA,NA,NA,NA,NA,NA,209.261232665639,179.202071556107,0.414114021571649,0.162634559672906,0,0,NA,NA,NA,NA,20.1410785824345,4.78711290863293,112.461417565485,0.657609306503494,1.10231124807396,0.424264068711928,NA,NA,NA,NA,NA,NA,NA,NA,NA,NA,NA,NA,NA,NA,NA,NA,NA,NA,NA,NA,NA,NA,NA,NA,1970-01-01,2021,NA,NA,NA,NA
"Jordan James","SF","RB","17055","weighted",NA,NA,NA,NA,NA,NA,126.13007518797,141.338907756945,0.506766917293233,0.577336776427891,0,0,NA,NA,NA,NA,4.42236842105263,5.25204826531546,39.1727443609023,39.2824790460213,0,0,NA,NA,NA,NA,NA,NA,NA,NA,NA,NA,NA,NA,NA,NA,NA,NA,NA,NA,NA,NA,NA,NA,NA,NA,2004-03-29,2025,"Q","Finger",2025,0
"Cam Akers","NO","RB","14799","weighted",NA,NA,NA,NA,NA,NA,279.643835616438,44.5477272147525,0.950228310502283,0.0707106781186547,0.5,0,NA,NA,NA,NA,9.90958904109589,2.9698484809835,60.0821917808219,25.4558441227157,1.5972602739726,0.848528137423857,NA,NA,NA,NA,NA,NA,NA,NA,NA,NA,NA,NA,NA,NA,NA,NA,NA,NA,NA,NA,NA,NA,NA,NA,1970-01-01,2020,NA,NA,NA,NA
"Devin Neal","NO","RB","17046","weighted",NA,NA,NA,NA,NA,NA,167.941983050847,84.3294866851877,1.06497457627119,0.595569898679255,0.212415254237288,0.145538418155978,NA,NA,NA,NA,6.37684745762712,4.25092784267004,47.2154830508475,30.0839236282444,0.192618644067797,0.378994314983497,NA,NA,NA,NA,NA,NA,NA,NA,NA,NA,NA,NA,NA,NA,NA,NA,NA,NA,NA,NA,NA,NA,NA,NA,2003-08-12,2025,NA,NA,NA,NA
"Sean Tucker","TB","RB","16166","weighted",NA,NA,NA,NA,NA,NA,223.16129661017,65.6077217115303,1.31668644067797,0.423914989307512,0.667796610169492,0.660926046819164,NA,NA,2,0,6.75312711864407,3.74534427380091,58.1106016949153,34.6196766764388,0.378533898305085,0.45478058401597,NA,NA,NA,NA,NA,NA,NA,NA,NA,NA,NA,NA,NA,NA,NA,NA,NA,NA,NA,NA,NA,NA,NA,NA,2001-10-25,2023,NA,NA,NA,NA
"Tyler Goodson","IND","RB","15730","weighted",NA,NA,NA,NA,NA,NA,155.422960725076,144.854344603501,0.89043303121853,1.03319896754143,0,0,NA,NA,NA,NA,6.03021148036254,5.94188258468049,38.1399798590131,39.2171029358942,0.576938569989929,0.512343424382206,NA,NA,NA,NA,NA,NA,NA,NA,NA,NA,NA,NA,NA,NA,NA,NA,NA,NA,NA,NA,NA,NA,NA,NA,NA,2022,"Q","Elbow",2025,0
"Emari Demercado","ARI","RB","16385","weighted",NA,NA,NA,NA,NA,NA,146.051872881356,98.7321011783114,0.632552817730226,0.425933198695654,0,0,NA,NA,NA,NA,11.1500847457627,6.10837082638273,71.6337542372881,32.7557997132014,0.153234329227415,0.289691803617513,NA,NA,NA,NA,NA,NA,NA,NA,NA,NA,NA,NA,NA,NA,NA,NA,NA,NA,NA,NA,NA,NA,NA,NA,1999-01-20,2023,NA,NA,NA,NA
"Ronnie Rivers","LAR","RB","15726","weighted",NA,NA,NA,NA,NA,NA,206.522865947612,84.8316005389501,0.724375963020031,1.03237590053236,0,0,NA,NA,NA,NA,2.06579352850539,2.89913780286484,8.56548536209553,12.0208152801713,0,0,NA,NA,NA,NA,NA,NA,NA,NA,NA,NA,NA,NA,NA,NA,NA,NA,NA,NA,NA,NA,NA,NA,NA,NA,1999-01-31,2022,"Q","Ribs",2025,0
"Ty Chandler","MIN","RB","15723","weighted",NA,NA,NA,NA,NA,NA,148.826567871962,62.9380090121191,0.787077652637819,0.433810952783577,0,0,NA,NA,NA,NA,7.89676348547718,2.88256092314483,56.6796087729698,21.3814272089964,0.067069931768448,0.102221972102398,NA,NA,NA,NA,NA,NA,NA,NA,NA,NA,NA,NA,NA,NA,NA,NA,NA,NA,NA,NA,NA,NA,NA,NA,1998-05-12,2022,NA,NA,NA,NA
"Kimani Vidal","LAC","RB","16757","weighted",NA,NA,NA,NA,NA,NA,170.354937759336,60.3814434947411,0.813384706579727,0.856402604363221,0.179075281564908,0.0663261141926307,NA,NA,NA,NA,7.82860699466509,5.61290592895973,66.4760047421458,46.449067151212,0.275240605921523,0.332992294788181,NA,NA,NA,NA,NA,NA,NA,NA,NA,NA,NA,NA,NA,NA,NA,NA,NA,NA,NA,NA,NA,NA,NA,NA,2001-08-28,2024,NA,NA,NA,NA
"Kenneth Gainwell","PIT","RB","15255","weighted",NA,NA,NA,NA,NA,NA,214.995855932203,33.009938658052,1.29822033898305,0.573891343218392,0.341101694915254,0.330622005073168,NA,NA,NA,NA,13.8976186440678,5.47983815665058,95.6620593220339,42.3963961706147,0.325627118644068,0.469659347872022,NA,NA,NA,NA,NA,NA,NA,NA,NA,NA,NA,NA,NA,NA,NA,NA,NA,NA,NA,NA,NA,NA,NA,NA,1970-01-01,2021,NA,NA,NA,NA
"Justice Hill","BAL","RB","14086","weighted",NA,NA,NA,NA,NA,NA,206.600666414237,29.2473594695174,1.05390673695861,0.31543390867546,0.342048466489966,0.309400434247398,NA,NA,NA,NA,31.1367739492616,9.73524273076617,254.990208254449,82.513839064528,1.74504063146244,0.666019509762927,NA,NA,NA,NA,NA,NA,NA,NA,NA,NA,NA,NA,NA,NA,NA,NA,NA,NA,NA,NA,NA,NA,NA,NA,1970-01-01,2019,NA,NA,NA,NA
"Hassan Haskins","LAC","RB","15720","weighted",NA,NA,NA,NA,NA,NA,165.519309309309,108.986368184283,1.29975975975976,0.43840620433566,0.830780780780781,0.247487373415292,NA,NA,NA,NA,9.43516516516516,9.41159125759295,75.3934534534535,64.9265446485488,0.980660660660661,0.0282842712474619,NA,NA,NA,NA,NA,NA,NA,NA,NA,NA,NA,NA,NA,NA,NA,NA,NA,NA,NA,NA,NA,NA,NA,NA,1999-11-26,2022,NA,NA,NA,NA
"Clyde Edwards-Helaire","NO","RB","14803","weighted",NA,NA,NA,NA,NA,NA,113.663762781186,112.30236013637,0.504314928425358,0.501563015321014,0.0332822085889571,0.0288901637809316,NA,NA,NA,NA,5.16427402862986,3.24068857962078,38.8173824130879,25.5793532257994,0.148159509202454,0.259004910663759,NA,NA,NA,NA,NA,NA,NA,NA,NA,NA,NA,NA,NA,NA,NA,NA,NA,NA,NA,NA,NA,NA,NA,NA,1970-01-01,2020,NA,NA,NA,NA
"Isaiah Davis","NYJ","RB","16752","weighted",NA,NA,NA,NA,NA,NA,153.74313559322,50.5030200835505,0.693084745762712,0.752156261146971,0,0,NA,NA,NA,NA,6.40962711864407,2.45355636347738,47.3200847457627,19.5431216150391,0.123179272812791,0.217926640072727,NA,NA,NA,NA,NA,NA,NA,NA,NA,NA,NA,NA,NA,NA,NA,NA,NA,NA,NA,NA,NA,NA,NA,NA,2002-02-21,2024,"Q","Ankle",2025,0
"Carson Steele","KC","RB","16612","weighted",NA,NA,NA,NA,NA,NA,126.812024169184,89.5633157700402,0.401550855991944,0.540322183882333,1.99070157771064,0.313705762727173,NA,NA,NA,NA,6.08670694864048,3.43896008102714,26.1507552870091,9.10016935687722,0.0551258811681772,0.0974815404991715,NA,NA,NA,NA,NA,NA,NA,NA,NA,NA,NA,NA,NA,NA,NA,NA,NA,NA,NA,NA,NA,NA,NA,NA,2002-10-21,2024,NA,NA,NA,NA
"Samaje Perine","CIN","RB","13133","weighted",NA,NA,NA,NA,NA,NA,154.167406779661,36.9595334794605,0.914737288135593,0.613927647993088,0.674152542372881,0.32991829195645,NA,NA,NA,NA,19.413279661017,3.23951806479155,168.765161016949,44.5951502922306,0.900491525423729,0.221265901393842,NA,NA,NA,NA,NA,NA,NA,NA,NA,NA,NA,NA,NA,NA,NA,NA,NA,NA,NA,NA,NA,NA,NA,NA,1995-09-16,2017,NA,NA,NA,NA
"Raheem Blackshear","CAR","RB","15973","weighted",NA,NA,NA,NA,NA,NA,132.06092449923,87.0236315606284,0.535839753466872,0.763675323681471,0.124036979969183,0.176776695296637,NA,NA,NA,NA,6.38083204930663,1.68291413922398,45.4538366718028,14.8987398796006,0.138921417565485,0.197989898732233,NA,NA,NA,NA,NA,NA,NA,NA,NA,NA,NA,NA,NA,NA,NA,NA,NA,NA,NA,NA,NA,NA,NA,NA,1998-06-05,2022,"Q","Ankle",2025,0
"Pierre Strong Jr.","CLE","RB","15733","weighted",NA,NA,NA,NA,NA,NA,152.130672782875,67.6373753211218,0.466467889908257,0.542880567654796,0.6625,0.225003331723974,NA,NA,NA,NA,12.9649847094801,1.5000294489917,93.8791131498471,15.8305933963658,0.123088685015291,0.248716417091448,NA,NA,NA,NA,NA,NA,NA,NA,NA,NA,NA,NA,NA,NA,NA,NA,NA,NA,NA,NA,NA,NA,NA,NA,1998-12-10,2022,"Q","Head",2025,0
"Chris Brooks","GB","RB","16387","weighted",NA,NA,NA,NA,NA,NA,91.8352513628104,71.5593550443788,0.606904906117505,0.54612380853013,0,0,NA,NA,NA,NA,3.0526953361599,3.01418834658839,19.4936402180497,18.2436167932678,0,0,NA,NA,NA,NA,NA,NA,NA,NA,NA,NA,NA,NA,NA,NA,NA,NA,NA,NA,NA,NA,NA,NA,NA,NA,2000-01-11,2023,NA,NA,NA,NA
"Travis Homer","CHI","RB","14083","weighted",NA,NA,NA,NA,NA,NA,98.1282896764253,98.5211878227217,0.401879815100154,0.572756492761104,0,0,NA,NA,NA,NA,4.58295839753467,4.96388960392956,32.7914637904468,41.0334065122553,0.168690292758089,0.240416305603426,NA,NA,NA,NA,NA,NA,NA,NA,NA,NA,NA,NA,NA,NA,NA,NA,NA,NA,NA,NA,NA,NA,NA,NA,1970-01-01,2019,"Q","Calf",2025,0
"Amar Johnson","GB","RB","17272","weighted",NA,NA,NA,NA,NA,NA,164,NA,1,NA,0,NA,NA,NA,NA,NA,2,NA,26,NA,0,NA,NA,NA,NA,NA,NA,NA,NA,NA,NA,NA,NA,NA,NA,NA,NA,NA,NA,NA,NA,NA,NA,NA,NA,NA,NA,2025,NA,NA,NA,NA
"Jeremy McNichols","WAS","RB","13143","weighted",NA,NA,NA,NA,NA,NA,94.9617321248741,83.3106857532435,1.28559919436052,1.09558686409465,0,0,NA,NA,NA,NA,3.31148036253776,3.42782215463205,9.68680765357503,10.5064479335979,0,0,NA,NA,NA,NA,NA,NA,NA,NA,NA,NA,NA,NA,NA,NA,NA,NA,NA,NA,NA,NA,NA,NA,NA,NA,1995-12-26,2017,NA,NA,NA,NA
"George Holani","SEA","RB","16608","weighted",NA,NA,NA,NA,NA,NA,56.8292433537832,88.3941449109581,0.33640081799591,0.578676606953559,0,0,NA,NA,NA,NA,3.15112474437628,2.7936143328543,15.1053169734151,14.5091334077895,0,0,NA,NA,NA,NA,NA,NA,NA,NA,NA,NA,NA,NA,NA,NA,NA,NA,NA,NA,NA,NA,NA,NA,NA,NA,NA,2024,NA,NA,NA,NA
NA,NA,"RB","17337","weighted",NA,NA,NA,NA,NA,NA,91.1087928464978,89.8025612106915,0.512667660208644,0.707106781186547,0,0,NA,NA,NA,NA,3.43859910581222,0.636396103067893,28.0253353204173,1.41421356237309,0,0,NA,NA,NA,NA,NA,NA,NA,NA,NA,NA,NA,NA,NA,NA,NA,NA,NA,NA,NA,NA,NA,NA,NA,NA,NA,NA,"Q","Ankle",2025,0
"Israel Abanikanda","GB","RB","16168","weighted",NA,NA,NA,NA,NA,NA,84.2752852852853,87.3489006799742,0.593873873873874,0.5939696961967,0,0,NA,NA,NA,NA,1.96615615615616,0.0494974746830584,15.8396396396396,1.69705627484771,0.0821921921921922,0.120208152801713,NA,NA,NA,NA,NA,NA,NA,NA,NA,NA,NA,NA,NA,NA,NA,NA,NA,NA,NA,NA,NA,NA,NA,NA,2002-10-05,2023,NA,NA,NA,NA
"Jordan Mims","TEN","RB","16424","weighted",NA,NA,NA,NA,NA,NA,133.09,NA,0.61,NA,0,NA,NA,NA,NA,NA,4.34,NA,30.8,NA,0.18,NA,NA,NA,NA,NA,NA,NA,NA,NA,NA,NA,NA,NA,NA,NA,NA,NA,NA,NA,NA,NA,NA,NA,NA,NA,1999-05-16,2023,NA,NA,NA,NA
"Sincere McCormick","LVR","RB","15743","weighted",NA,NA,NA,NA,NA,NA,117.239002932551,14.0811205489318,0.760263929618768,0.493308381755083,0.0380131964809384,0.0246654190877542,NA,NA,NA,NA,6.0675219941349,2.2560889259572,40.1612903225806,12.0960367557094,0.00584855186888847,0.0119864390719593,NA,NA,NA,NA,NA,NA,NA,NA,NA,NA,NA,NA,NA,NA,NA,NA,NA,NA,NA,NA,NA,NA,NA,NA,2000-09-10,2022,NA,NA,NA,NA
"Julius Chestnut","TEN","RB","15965","weighted",NA,NA,NA,NA,NA,NA,78.8998977505113,51.1963902730436,0.461513292433538,0.506393142440462,0,0,NA,NA,NA,NA,5.70558282208589,5.98916671796908,45.2541308793456,40.2742373990152,0.202203937765099,0.269017499490197,NA,NA,NA,NA,NA,NA,NA,NA,NA,NA,NA,NA,NA,NA,NA,NA,NA,NA,NA,NA,NA,NA,NA,NA,2000-10-26,2022,NA,NA,NA,NA
"Kalel Mullings","TEN","RB","17050","weighted",NA,NA,NA,NA,NA,NA,84,57.9827560572969,0.5,0.707106781186548,0,0,NA,NA,NA,NA,3,1.4142135623731,22,9.89949493661167,0,0,NA,NA,NA,NA,NA,NA,NA,NA,NA,NA,NA,NA,NA,NA,NA,NA,NA,NA,NA,NA,NA,NA,NA,NA,2002-10-04,2025,"Q","Ankle",2025,0
"Phil Mafah","DAL","RB","17063","weighted",NA,NA,NA,NA,NA,NA,123,NA,1,NA,0,NA,NA,NA,NA,NA,3,NA,22,NA,0,NA,NA,NA,NA,NA,NA,NA,NA,NA,NA,NA,NA,NA,NA,NA,NA,NA,NA,NA,NA,NA,NA,NA,NA,NA,2002-10-24,2025,"Q","Shoulder",2025,0
"Craig Reynolds","DET","RB","14727","weighted",NA,NA,NA,NA,NA,NA,96.1247859922179,37.1115050618513,0.0908365758754864,0.164966532921206,0,0,NA,NA,NA,NA,7.37990272373541,7.79607810497763,64.4320622568093,59.4235707263826,0.31636186770428,0.574538614656614,NA,NA,NA,NA,NA,NA,NA,NA,NA,NA,NA,NA,NA,NA,NA,NA,NA,NA,NA,NA,NA,NA,NA,NA,1970-01-01,2019,NA,NA,NA,NA
"Damien Martinez","SEA","RB","17054","weighted",NA,NA,NA,NA,NA,NA,121,NA,1,NA,0,NA,NA,NA,NA,NA,5,NA,38,NA,0,NA,NA,NA,NA,NA,NA,NA,NA,NA,NA,NA,NA,NA,NA,NA,NA,NA,NA,NA,NA,NA,NA,NA,NA,NA,2004-01-31,2025,NA,NA,NA,NA
"Jeffery Wilson","SF","RB","14017","weighted",NA,NA,NA,NA,NA,NA,114.25,NA,0.73,NA,0,NA,NA,NA,NA,NA,6.18,NA,48.79,NA,0.37,NA,NA,NA,NA,NA,NA,NA,NA,NA,NA,NA,NA,NA,NA,NA,NA,NA,NA,NA,NA,NA,NA,NA,NA,NA,1970-01-01,2018,NA,NA,NA,NA
"Eric Gray","NYG","RB","16173","weighted",NA,NA,NA,NA,NA,NA,59.3048382126348,56.0169992055983,0.228228043143297,0.325269119345812,0.349614791987673,0.0707106781186548,NA,NA,NA,NA,4.21300462249615,0.551543289325507,28.1190755007704,0.16970562748477,0.0843451463790447,0.120208152801713,NA,NA,NA,NA,NA,NA,NA,NA,NA,NA,NA,NA,NA,NA,NA,NA,NA,NA,NA,NA,NA,NA,NA,NA,1999-11-04,2023,"O","Undisclosed",2025,0
"Frank Gore Jr.","BUF","RB","16599","weighted",NA,NA,NA,NA,NA,NA,85.54,NA,0.44,NA,0,NA,NA,NA,NA,NA,3.91,NA,29.98,NA,0.21,NA,NA,NA,NA,NA,NA,NA,NA,NA,NA,NA,NA,NA,NA,NA,NA,NA,NA,NA,NA,NA,NA,NA,NA,NA,2002-03-13,2024,NA,NA,NA,NA
"LeQuint Allen","JAC","RB","17061","weighted",NA,NA,NA,NA,NA,NA,82,NA,0,NA,0,NA,NA,NA,NA,NA,2,NA,14,NA,0,NA,NA,NA,NA,NA,NA,NA,NA,NA,NA,NA,NA,NA,NA,NA,NA,NA,NA,NA,NA,NA,NA,NA,NA,NA,2004-08-05,2025,NA,NA,NA,NA
"Dare Ogunbowale","HOU","RB","13148","weighted",NA,NA,NA,NA,NA,NA,47.9635372144436,29.1485699970544,0,0,0,0,NA,NA,NA,NA,8.09702284450995,3.11342456176392,72.2706116433309,37.1512698067485,0.257214443625645,0.425983472639214,NA,NA,NA,NA,NA,NA,NA,NA,NA,NA,NA,NA,NA,NA,NA,NA,NA,NA,NA,NA,NA,NA,NA,NA,NA,2017,NA,NA,NA,NA
"Deuce Vaughn","DAL","RB","16176","weighted",NA,NA,NA,NA,NA,NA,52.2946687211094,30.3490230485266,0.158767334360555,0.226274169979695,0,0,NA,NA,NA,NA,6.39374422187981,2.98399061660723,47.7570107858243,12.4804346879426,0.168690292758089,0.240416305603426,NA,NA,NA,NA,NA,NA,NA,NA,NA,NA,NA,NA,NA,NA,NA,NA,NA,NA,NA,NA,NA,NA,NA,NA,2001-11-02,2023,NA,NA,NA,NA
"Kenny McIntosh","SEA","RB","16170","weighted",NA,NA,NA,NA,NA,NA,67.1009244992296,4.41941738241592,0.173651771956857,0.247487373415292,0,0,NA,NA,NA,NA,5.81701078582434,3.30218866814118,42.9236055469954,24.1194123062731,0.193497688751926,0.275771644662754,NA,NA,NA,NA,NA,NA,NA,NA,NA,NA,NA,NA,NA,NA,NA,NA,NA,NA,NA,NA,NA,NA,NA,NA,2000-03-03,2023,"IR","Knee - ACL",2025,0
"Gary Brightwell","CIN","RB","15462","weighted",NA,NA,NA,NA,NA,NA,67.35,NA,0.38,NA,0,NA,NA,NA,NA,NA,4.83,NA,34.22,NA,0.22,NA,NA,NA,NA,NA,NA,NA,NA,NA,NA,NA,NA,NA,NA,NA,NA,NA,NA,NA,NA,NA,NA,NA,NA,NA,NA,2021,NA,NA,NA,NA
"Trey Sermon","PIT","RB","15257","weighted",NA,NA,NA,NA,NA,NA,51.7793528505393,14.5663996924429,0.295808936825886,0.148492424049175,0,0,NA,NA,NA,NA,4.14696456086287,0.360624458405139,29.2039445300462,2.5597265478953,0.0843451463790447,0.120208152801713,NA,NA,NA,NA,NA,NA,NA,NA,NA,NA,NA,NA,NA,NA,NA,NA,NA,NA,NA,NA,NA,NA,NA,NA,1970-01-01,2021,NA,NA,NA,NA
"Carlos Washington","ATL","RB","16864","weighted",NA,NA,NA,NA,NA,NA,54,NA,0,NA,0.4,NA,NA,NA,NA,NA,2.5,NA,16,NA,0,NA,NA,NA,NA,NA,NA,NA,NA,NA,NA,NA,NA,NA,NA,NA,NA,NA,NA,NA,NA,NA,NA,NA,NA,NA,1998-12-26,2023,"Q","Hamstring",2025,0
"Hunter Luepke","DAL","RB","16391","weighted",NA,NA,NA,NA,NA,NA,28.208282208589,19.8726743399325,0,0,0,0,NA,NA,NA,NA,5.82386503067485,4.14330381712748,43.6786707566462,36.7845479890482,0.0164621676891616,0.0287783234070843,NA,NA,NA,NA,NA,NA,NA,NA,NA,NA,NA,NA,NA,NA,NA,NA,NA,NA,NA,NA,NA,NA,NA,NA,2000-02-28,2023,NA,NA,NA,NA
"Darrynton Evans","BUF","RB","14808","weighted",NA,NA,NA,NA,NA,NA,24.6281355932203,25.123503935558,0.0942681047765794,0.134350288425444,0,0,NA,NA,NA,NA,1.92009244992296,2.73650324319194,15.2912788906009,21.7930309961694,0.104191063174114,0.148492424049175,NA,NA,NA,NA,NA,NA,NA,NA,NA,NA,NA,NA,NA,NA,NA,NA,NA,NA,NA,NA,NA,NA,NA,NA,1970-01-01,2020,"IR","Hamstring",2025,0
"Jashaun Corbin","FA","RB","15729","weighted",NA,NA,NA,NA,NA,NA,40,NA,0,NA,0,NA,NA,NA,NA,NA,2,NA,14,NA,0,NA,NA,NA,NA,NA,NA,NA,NA,NA,NA,NA,NA,NA,NA,NA,NA,NA,NA,NA,NA,NA,NA,NA,NA,NA,2000-08-20,2022,NA,NA,NA,NA
"Patrick Ricard","BAL","RB","13455","weighted",NA,NA,NA,NA,NA,NA,17.1419106317411,24.4305392899952,0.158767334360555,0.226274169979695,0,0,NA,NA,NA,NA,3.42591679506934,0.74953318805774,26.9774114021572,1.3930003589375,0.265269645608629,0.0494974746830583,NA,NA,NA,NA,NA,NA,NA,NA,NA,NA,NA,NA,NA,NA,NA,NA,NA,NA,NA,NA,NA,NA,NA,NA,1994-05-27,2017,"Q","Undisclosed",2025,0
"Alec Ingold","MIA","RB","14420","weighted",NA,NA,NA,NA,NA,NA,23.8517700453858,6.99055405224264,0.633600605143722,0.943773769546287,0.490015128593041,0.412091681608739,NA,NA,NA,NA,7.95868381240545,4.68895347488012,58.2052798789712,33.3705684893758,0.0389712556732224,0.0793104474474163,NA,NA,NA,NA,NA,NA,NA,NA,NA,NA,NA,NA,NA,NA,NA,NA,NA,NA,NA,NA,NA,NA,NA,NA,1970-01-01,2019,NA,NA,NA,NA
"Rasheen Ali","BAL","RB","16746","weighted",NA,NA,NA,NA,NA,NA,16.1232665639445,22.6274169979695,0,0,0,0,NA,NA,NA,NA,0,0,0,0,0,0,NA,NA,NA,NA,NA,NA,NA,NA,NA,NA,NA,NA,NA,NA,NA,NA,NA,NA,NA,NA,NA,NA,NA,NA,2001-02-16,2024,NA,NA,NA,NA
"DeeJay Dallas","ARI","RB","14815","weighted",NA,NA,NA,NA,NA,NA,30.3522650231125,0.502045814642449,0.0843451463790447,0.120208152801713,0.124036979969183,0.176776695296637,NA,NA,NA,NA,2.7884437596302,2.12132034355964,18.2950693374422,14.6724657096209,0.0942681047765794,0.134350288425444,NA,NA,NA,NA,NA,NA,NA,NA,NA,NA,NA,NA,NA,NA,NA,NA,NA,NA,NA,NA,NA,NA,NA,NA,1970-01-01,2020,NA,NA,NA,NA
"Sione Vaki","DET","RB","16678","weighted",NA,NA,NA,NA,NA,NA,14.6117103235747,20.5060966544099,0,0,0,0,NA,NA,NA,NA,0.957318952234206,1.34350288425444,14.1078582434515,19.7989898732233,0,0,NA,NA,NA,NA,NA,NA,NA,NA,NA,NA,NA,NA,NA,NA,NA,NA,NA,NA,NA,NA,NA,NA,NA,NA,2001-07-30,2024,NA,NA,NA,NA
"Kyle Juszczyk","SF","RB","11367","weighted",NA,NA,NA,NA,NA,NA,23.6114960629921,4.57143728705294,0.515095161998719,0.467170532420897,0.485362406622249,0.357181739791042,NA,NA,NA,NA,14.3915202907329,6.39403575943093,138.177819503331,75.8136822569362,0.840909222861715,0.790503283744787,NA,NA,NA,NA,NA,NA,NA,NA,NA,NA,NA,NA,NA,NA,NA,NA,NA,NA,NA,NA,NA,NA,NA,NA,1991-04-23,2013,NA,NA,NA,NA
"Velus Jones","NO","RB","15767","weighted",NA,NA,NA,NA,NA,NA,20.89,NA,0.17,NA,0,NA,NA,NA,NA,NA,3.95,NA,27.41,NA,0.17,NA,NA,NA,NA,NA,NA,NA,NA,NA,NA,NA,NA,NA,NA,NA,NA,NA,NA,NA,NA,NA,NA,NA,NA,NA,1997-05-11,2022,NA,NA,NA,NA
"Terrell Jennings","NE","RB","16957","weighted",NA,NA,NA,NA,NA,NA,15.0309399075501,7.17006276123159,0.0545762711864407,0.0777817459305202,0,0,NA,NA,NA,NA,1.89032357473035,2.69407683632075,14.3982126348228,20.5202387900336,0.0843451463790447,0.120208152801713,NA,NA,NA,NA,NA,NA,NA,NA,NA,NA,NA,NA,NA,NA,NA,NA,NA,NA,NA,NA,NA,NA,NA,NA,2001-03-01,2024,NA,NA,NA,NA
"Zonovan Knight","NYJ","RB","15727","weighted",NA,NA,NA,NA,NA,NA,20.11,NA,0.17,NA,0,NA,NA,NA,NA,NA,4.23,NA,30.62,NA,0.19,NA,NA,NA,NA,NA,NA,NA,NA,NA,NA,NA,NA,NA,NA,NA,NA,NA,NA,NA,NA,NA,NA,NA,NA,NA,2001-04-11,2022,NA,NA,NA,NA
"C.J. Ham","MIN","RB","12923","weighted",NA,NA,NA,NA,NA,NA,9.87512588116818,9.52598797037602,0.791641490433031,1.08786053415613,0,0,NA,NA,NA,NA,5.20694864048338,4.75681786891358,32.9909365558912,28.8691226500051,0,0,NA,NA,NA,NA,NA,NA,NA,NA,NA,NA,NA,NA,NA,NA,NA,NA,NA,NA,NA,NA,NA,NA,NA,NA,1993-07-22,2016,NA,NA,NA,NA
"Michael Burton","DEN","RB","12325","weighted",NA,NA,NA,NA,NA,NA,5.45720040281974,5.52864264666596,0.642799597180262,0.547793432047324,0,0,NA,NA,NA,NA,5.76938569989929,5.12343424382206,38.2729103726083,32.9467164816362,0.412286002014099,0.533424115948342,NA,NA,NA,NA,NA,NA,NA,NA,NA,NA,NA,NA,NA,NA,NA,NA,NA,NA,NA,NA,NA,NA,NA,NA,1992-02-01,2015,"Q","Hamstring",2025,0
"Reggie Gilliam","BUF","RB","15103","weighted",NA,NA,NA,NA,NA,NA,6.0462249614792,8.48528137423857,0,0,0,0,NA,NA,NA,NA,0,0,0,0,0,0,NA,NA,NA,NA,NA,NA,NA,NA,NA,NA,NA,NA,NA,NA,NA,NA,NA,NA,NA,NA,NA,NA,NA,NA,1970-01-01,2020,NA,NA,NA,NA
"Avery Williams","PHI","RB","15454","weighted",NA,NA,NA,NA,NA,NA,11.98,NA,0,NA,0.5,NA,NA,NA,NA,NA,3.69,NA,25.68,NA,0.17,NA,NA,NA,NA,NA,NA,NA,NA,NA,NA,NA,NA,NA,NA,NA,NA,NA,NA,NA,NA,NA,NA,NA,NA,NA,1998-07-15,2021,NA,NA,NA,NA
"Tyler Badie","DEN","RB","15718","weighted",NA,NA,NA,NA,NA,NA,0,NA,0,NA,0,NA,NA,NA,NA,NA,0,NA,0,NA,0,NA,NA,NA,NA,NA,NA,NA,NA,NA,NA,NA,NA,NA,NA,NA,NA,NA,NA,NA,NA,NA,NA,NA,NA,NA,2000-02-07,2022,NA,NA,NA,NA
"Trayveon Williams","CLE","RB","14076","weighted",NA,NA,NA,NA,NA,NA,10.23,NA,0,NA,0,NA,NA,NA,NA,NA,1.93,NA,14.01,NA,0.05,NA,NA,NA,NA,NA,NA,NA,NA,NA,NA,NA,NA,NA,NA,NA,NA,NA,NA,NA,NA,NA,NA,NA,NA,NA,1970-01-01,2019,NA,NA,NA,NA
"Dylan Laube","LVR","RB","16613","weighted",NA,NA,NA,NA,NA,NA,0,NA,0,NA,0,NA,NA,NA,NA,NA,0,NA,0,NA,0,NA,NA,NA,NA,NA,NA,NA,NA,NA,NA,NA,NA,NA,NA,NA,NA,NA,NA,NA,NA,NA,NA,NA,NA,NA,1999-12-14,2024,NA,NA,NA,NA
"Andrew Beck","NYJ","RB","14319","weighted",NA,NA,NA,NA,NA,NA,0,0,0,0,0,0,NA,NA,NA,NA,0.352696456086287,0.494974746830583,6.55007704160247,9.19238815542512,0,0,NA,NA,NA,NA,NA,NA,NA,NA,NA,NA,NA,NA,NA,NA,NA,NA,NA,NA,NA,NA,NA,NA,NA,NA,1970-01-01,2019,NA,NA,NA,NA
"Justin Jefferson","MIN","WR","14836","weighted",NA,NA,NA,NA,NA,NA,2.09197814680586,3.59394950874984,0,0,0.373116243847028,0.311394477377182,NA,NA,NA,NA,105.782930708065,8.01565046727545,1512.1143279061,136.916817235292,10.0808405906853,1.83652904113388,NA,NA,NA,NA,NA,NA,NA,NA,NA,NA,NA,NA,NA,NA,NA,NA,NA,NA,NA,NA,NA,NA,NA,NA,1970-01-01,2020,"Q","Hamstring",2025,0
"Ja'Marr Chase","CIN","WR","15281","weighted",NA,NA,NA,NA,NA,NA,13.5157468761833,9.24638479091367,0,0,0.373116243847028,0.311394477377182,NA,NA,NA,NA,120.587572889057,7.2315584156854,1589.33574403635,84.7411413831587,13.1188262021961,2.14385953609847,NA,NA,NA,NA,NA,NA,NA,NA,NA,NA,NA,NA,NA,NA,NA,NA,NA,NA,NA,NA,NA,NA,NA,NA,1970-01-01,2021,NA,NA,NA,NA
"Puka Nacua","LAR","WR","16211","weighted",NA,NA,NA,NA,NA,NA,61.4765462892844,16.6782195997637,0.532000661942685,0.447090496936731,0.373116243847028,0.311394477377182,NA,NA,NA,NA,109.72706550549,9.04304760211016,1417.3061567588,119.649266534162,7.03052631578947,1.12089445888892,NA,NA,NA,NA,NA,NA,NA,NA,NA,NA,NA,NA,NA,NA,NA,NA,NA,NA,NA,NA,NA,NA,NA,NA,2001-05-29,2023,NA,NA,NA,NA
"CeeDee Lamb","DAL","WR","14832","weighted",NA,NA,NA,NA,NA,NA,54.5712703521393,29.6239204743205,0.288256815600151,0.42056266574495,1.08374668686104,0.0933899166813356,NA,NA,NA,NA,113.247603180613,7.26277617795068,1407.81869746308,95.7600631056562,8.79057175312382,1.45369811959826,NA,NA,NA,NA,NA,NA,NA,NA,NA,NA,NA,NA,NA,NA,NA,NA,NA,NA,NA,NA,NA,NA,NA,NA,1970-01-01,2020,NA,NA,NA,NA
"Malik Nabers","NYG","WR","16615","weighted",NA,NA,NA,NA,NA,NA,12.7190079515335,12.695038293206,0,0,0.373116243847028,0.311394477377182,NA,NA,NA,NA,109.255335100341,8.92498513892656,1339.65514577811,128.834221649933,9.08139341158652,2.79511130612948,NA,NA,NA,NA,NA,NA,NA,NA,NA,NA,NA,NA,NA,NA,NA,NA,NA,NA,NA,NA,NA,NA,NA,NA,2003-07-28,2024,"Q","Toe",2025,0
"Drake London","ATL","WR","15751","weighted",NA,NA,NA,NA,NA,NA,1.27534483691242,4.09709597823505,0,0,0.373116243847028,0.311394477377182,NA,NA,NA,NA,98.1272093903824,5.81399110073997,1270.95547141234,111.048142560643,8.58666414237031,2.05312600503486,NA,NA,NA,NA,NA,NA,NA,NA,NA,NA,NA,NA,NA,NA,NA,NA,NA,NA,NA,NA,NA,NA,NA,NA,2001-07-24,2022,NA,NA,NA,NA
"Amon-Ra St. Brown","DET","WR","15287","weighted",NA,NA,NA,NA,NA,NA,14.3397671336615,10.8129927605494,0.00329961594634067,0.0064391713324575,0.928634986747444,0.0619457841999954,NA,NA,NA,NA,113.463953048088,6.4779738395971,1312.42112078758,82.301376995927,9.28071942446043,1.45554873869731,NA,NA,NA,NA,NA,NA,NA,NA,NA,NA,NA,NA,NA,NA,NA,NA,NA,NA,NA,NA,NA,NA,NA,NA,1970-01-01,2021,NA,NA,NA,NA
"Brian Thomas Jr.","JAC","WR","16618","weighted",NA,NA,NA,NA,NA,NA,30.7506105641802,16.1865255541908,0,0,0.373116243847028,0.311394477377182,NA,NA,NA,NA,92.0779931843999,6.35563123881526,1318.75372964786,103.966964796521,9.69915940931465,2.36211829612563,NA,NA,NA,NA,NA,NA,NA,NA,NA,NA,NA,NA,NA,NA,NA,NA,NA,NA,NA,NA,NA,NA,NA,NA,2002-10-08,2024,NA,NA,NA,NA
"A.J. Brown","PHI","WR","14104","weighted",NA,NA,NA,NA,NA,NA,0,0,0,0,1.01238167360848,0.0352260295704588,NA,NA,NA,NA,86.2246800454373,6.26324954495953,1274.07615297236,92.8851317584912,8.72424839076107,1.21918599078111,NA,NA,NA,NA,NA,NA,NA,NA,NA,NA,NA,NA,NA,NA,NA,NA,NA,NA,NA,NA,NA,NA,NA,NA,NA,2019,"Q","Hamstring",2025,0
"Nico Collins","HOU","WR","15290","weighted",NA,NA,NA,NA,NA,NA,2.26559203764808,2.50299626259099,0.0366149185914426,0.0677002049799125,0.357582355168497,0.310128010347687,NA,NA,NA,NA,91.855494131011,5.03447602257009,1327.2622870125,60.4989226421593,9.74167360848164,1.87922493550684,NA,NA,NA,NA,NA,NA,NA,NA,NA,NA,NA,NA,NA,NA,NA,NA,NA,NA,NA,NA,NA,NA,NA,NA,1970-01-01,2021,NA,NA,NA,NA
"Ladd McConkey","LAC","WR","16627","weighted",NA,NA,NA,NA,NA,NA,1.30599880997458,2.3767746383854,0,0,0.388650132525559,0.313193298026728,NA,NA,NA,NA,90.9509352517986,5.2672229196541,1239.32903445665,81.4716900075709,8.01535024611889,1.39984365895068,NA,NA,NA,NA,NA,NA,NA,NA,NA,NA,NA,NA,NA,NA,NA,NA,NA,NA,NA,NA,NA,NA,NA,NA,NA,2024,NA,NA,NA,NA
"Tyreek Hill","MIA","WR","12801","weighted",NA,NA,NA,NA,NA,NA,40.446632904203,8.55301064629636,0.0339916962268653,0.0626011724222471,0.51269405528209,0.270422577452539,NA,NA,NA,NA,94.5688072699735,4.90914013459536,1202.23900037864,67.2001962484732,7.86361984096933,0.677568842192036,NA,NA,NA,NA,NA,NA,NA,NA,NA,NA,NA,NA,NA,NA,NA,NA,NA,NA,NA,NA,NA,NA,NA,NA,1994-03-01,2016,"Q","Oblique",2025,0
"Davante Adams","LAR","WR","11675","weighted",NA,NA,NA,NA,NA,NA,2.7461188943582,5.07751537349344,0,0,0.357582355168497,0.310128010347687,NA,NA,NA,NA,86.5386141613025,6.83269362377181,1108.4988262022,120.143538297307,8.55401741764483,1.31347807386411,NA,NA,NA,NA,NA,NA,NA,NA,NA,NA,NA,NA,NA,NA,NA,NA,NA,NA,NA,NA,NA,NA,NA,NA,1992-12-24,2014,NA,NA,NA,NA
"Jaxon Smith-Njigba","SEA","WR","16185","weighted",NA,NA,NA,NA,NA,NA,22.7218241196516,16.3577415872767,0,0,0.373116243847028,0.311394477377182,NA,NA,NA,NA,96.9986595986369,9.26329390039333,1144.39862173419,94.6914446531557,7.1497614539947,1.13429939726454,NA,NA,NA,NA,NA,NA,NA,NA,NA,NA,NA,NA,NA,NA,NA,NA,NA,NA,NA,NA,NA,NA,NA,NA,2002-02-14,2023,NA,NA,NA,NA
"Jerry Jeudy","CLE","WR","14833","weighted",NA,NA,NA,NA,NA,NA,3.97414399307622,6.15928105530647,0,0,0.428947368421053,0.285686558062976,NA,NA,NA,NA,82.5751987883377,8.25103375945756,1123.41133661492,108.123891658954,4.58366527830367,1.05289160518667,NA,NA,NA,NA,NA,NA,NA,NA,NA,NA,NA,NA,NA,NA,NA,NA,NA,NA,NA,NA,NA,NA,NA,NA,1970-01-01,2020,NA,NA,NA,NA
"Terry McLaurin","WAS","WR","14109","weighted",NA,NA,NA,NA,NA,NA,5.19735895494131,5.1071054282655,0,0,0.816972737599394,0.185562013871531,NA,NA,NA,NA,80.9649753881106,8.12117336868169,1102.87900795153,83.6372564463718,8.56554335478985,1.79966406490037,NA,NA,NA,NA,NA,NA,NA,NA,NA,NA,NA,NA,NA,NA,NA,NA,NA,NA,NA,NA,NA,NA,NA,NA,1970-01-01,2019,NA,NA,NA,NA
"Tee Higgins","CIN","WR","14835","weighted",NA,NA,NA,NA,NA,NA,0.54922377887164,1.01550307469869,0,0,0.900719424460432,0.0926231605514874,NA,NA,NA,NA,85.6175539568345,8.11877820383133,1125.42776978417,122.264252432625,9.2298674744415,1.22520219187058,NA,NA,NA,NA,NA,NA,NA,NA,NA,NA,NA,NA,NA,NA,NA,NA,NA,NA,NA,NA,NA,NA,NA,NA,1970-01-01,2020,NA,NA,NA,NA
"Travis Hunter","JAC","WR","17074","weighted",NA,NA,NA,NA,NA,NA,27.4017351382052,29.1208348721472,0.212371937036837,0.342850093803378,1.10569228827464,0.43701716656465,NA,NA,NA,NA,68.2728814842863,14.0865867435175,907.482832260508,210.100859940952,5.45993941688754,1.61785478262838,NA,NA,NA,NA,NA,NA,NA,NA,NA,NA,NA,NA,NA,NA,NA,NA,NA,NA,NA,NA,NA,NA,NA,NA,2003-05-18,2025,"Q","Upper Body",2025,0
"D.J. Moore","CHI","WR","13635","weighted",NA,NA,NA,NA,NA,NA,55.3755457213177,8.82199601423139,0.130196289457843,0.189031671227405,1.15195948504354,0.18888233098671,NA,NA,NA,NA,89.2155092767891,6.99044238303712,1044.96486936766,87.9168399675349,6.52255206361227,1.01389046912301,NA,NA,NA,NA,NA,NA,NA,NA,NA,NA,NA,NA,NA,NA,NA,NA,NA,NA,NA,NA,NA,NA,NA,NA,1997-04-14,2018,NA,NA,NA,NA
"Tetairoa McMillan","CAR","WR","17071","weighted",NA,NA,NA,NA,NA,NA,8.81051549737654,8.62739741670906,0,0,1.14916698220371,0.436474167996646,NA,NA,NA,NA,74.6942370314275,10.34428650581,982.748254449072,125.808688644365,6.30718667171526,1.16991271381674,NA,NA,NA,NA,NA,NA,NA,NA,NA,NA,NA,NA,NA,NA,NA,NA,NA,NA,NA,NA,NA,NA,NA,NA,2003-04-05,2025,"Q","Hamstring",2025,0
"Courtland Sutton","DEN","WR","13630","weighted",NA,NA,NA,NA,NA,NA,1.12241575160924,1.64781187829239,0,0,0.984466111321469,0.0129688790775654,NA,NA,NA,NA,79.387020068156,7.01657598982055,1056.9941158652,87.1430551010757,7.95891707686482,0.999263100364724,NA,NA,NA,NA,NA,NA,NA,NA,NA,NA,NA,NA,NA,NA,NA,NA,NA,NA,NA,NA,NA,NA,NA,NA,1995-10-10,2018,NA,NA,NA,NA
"Marvin Harrison Jr.","ARI","WR","16614","weighted",NA,NA,NA,NA,NA,NA,2.9403364526424,5.43856000826954,0,0,0.972084437712987,0.0311299722271118,NA,NA,NA,NA,80.1598031048845,7.56815413382091,1108.62240817872,71.8663773764284,8.12446043165468,1.5076014969168,NA,NA,NA,NA,NA,NA,NA,NA,NA,NA,NA,NA,NA,NA,NA,NA,NA,NA,NA,NA,NA,NA,NA,NA,2002-08-11,2024,NA,NA,NA,NA
"Brandon Aiyuk","SF","WR","14840","weighted",NA,NA,NA,NA,NA,NA,9.30193108670958,6.37518271371602,0.0217417644831503,0.0403753639964846,0.552991291177584,0.277665748947768,NA,NA,NA,NA,46.7863157894737,14.8528877176859,697.178303672851,208.169441860492,4.06259750094661,1.73973861578309,NA,NA,NA,NA,NA,NA,NA,NA,NA,NA,NA,NA,NA,NA,NA,NA,NA,NA,NA,NA,NA,NA,NA,NA,1970-01-01,2020,"O","Knee - ACL + MCL",2025,0
"DK Metcalf","PIT","WR","14102","weighted",NA,NA,NA,NA,NA,NA,1.29864228917618,2.05509888045201,0,0,1.55551874290042,0.287285778481813,NA,NA,NA,NA,76.6184929950776,3.72074981136325,1136.52202953427,35.3341092458356,7.5144112078758,0.745856983963816,NA,NA,NA,NA,NA,NA,NA,NA,NA,NA,NA,NA,NA,NA,NA,NA,NA,NA,NA,NA,NA,NA,NA,NA,1970-01-01,2019,NA,NA,NA,NA
"Calvin Ridley","TEN","WR","13629","weighted",NA,NA,NA,NA,NA,NA,35.3286349867474,15.1415417282653,0.267236436414778,0.371143683164921,0.928634986747444,0.0619457841999954,NA,NA,NA,NA,72.5686179477471,5.15924868793092,1068.52355168497,75.1244663788317,6.39148807269974,1.42254378539,NA,NA,NA,NA,NA,NA,NA,NA,NA,NA,NA,NA,NA,NA,NA,NA,NA,NA,NA,NA,NA,NA,NA,NA,1994-12-20,2018,"Q","General Soreness",2025,0
"Garrett Wilson","NYJ","WR","15753","weighted",NA,NA,NA,NA,NA,NA,11.2983860280197,13.7867431305651,0,0,1.58343430518743,0.29890216635635,NA,NA,NA,NA,93.3201590306702,6.65055659137633,1091.96193108671,55.6737708957728,6.61829609996214,1.48543254383849,NA,NA,NA,NA,NA,NA,NA,NA,NA,NA,NA,NA,NA,NA,NA,NA,NA,NA,NA,NA,NA,NA,NA,NA,2000-07-22,2022,NA,NA,NA,NA
"DeVonta Smith","PHI","WR","15282","weighted",NA,NA,NA,NA,NA,NA,1.46113485151728,1.76204921114303,0,0,0.497160166603559,0.269924551452491,NA,NA,NA,NA,81.9398031048845,4.81756163899925,1015.48182506626,79.9827831697707,7.36563422945854,1.26781107160036,NA,NA,NA,NA,NA,NA,NA,NA,NA,NA,NA,NA,NA,NA,NA,NA,NA,NA,NA,NA,NA,NA,NA,NA,1970-01-01,2021,"Q","Groin",2025,0
"Mike Evans","TB","WR","11671","weighted",NA,NA,NA,NA,NA,NA,0.915372964786066,1.69250512449781,0,0,0.357582355168497,0.310128010347687,NA,NA,NA,NA,78.2950473305566,4.61687182168352,1067.56389246498,43.0610838717584,10.2157743279061,1.14061087926681,NA,NA,NA,NA,NA,NA,NA,NA,NA,NA,NA,NA,NA,NA,NA,NA,NA,NA,NA,NA,NA,NA,NA,NA,1993-08-21,2014,NA,NA,NA,NA
"Jameson Williams","DET","WR","15756","weighted",NA,NA,NA,NA,NA,NA,66.7751841158652,27.5853271518926,1.20420351472413,0.890973471598607,0.357582355168497,0.310128010347687,NA,NA,NA,NA,61.8581143506248,4.9446670178744,990.997614539947,87.01510084222,6.33334343051874,0.879673999401492,NA,NA,NA,NA,NA,NA,NA,NA,NA,NA,NA,NA,NA,NA,NA,NA,NA,NA,NA,NA,NA,NA,NA,NA,2001-03-26,2022,NA,NA,NA,NA
"Chris Olave","NO","WR","15754","weighted",NA,NA,NA,NA,NA,NA,3.4471790988262,3.46866394895882,0,0,1.0809541840212,0.513137944136651,NA,NA,NA,NA,77.949670579326,6.59598164770976,981.005285876562,86.260221060631,5.25750094661113,1.6334778456168,NA,NA,NA,NA,NA,NA,NA,NA,NA,NA,NA,NA,NA,NA,NA,NA,NA,NA,NA,NA,NA,NA,NA,NA,2000-06-27,2022,NA,NA,NA,NA
"Chris Godwin","TB","WR","13163","weighted",NA,NA,NA,NA,NA,NA,9.53312665656948,8.202404558538,0.0940877373289339,0.206880493849547,0.373116243847028,0.311394477377182,NA,NA,NA,NA,70.3246043165468,11.881197918496,825.748072699735,159.997079984638,5.4204240817872,1.16702557362449,NA,NA,NA,NA,NA,NA,NA,NA,NA,NA,NA,NA,NA,NA,NA,NA,NA,NA,NA,NA,NA,NA,NA,NA,1996-02-27,2017,"O","Ankle",2025,0
"Matthew Golden","GB","WR","17075","weighted",NA,NA,NA,NA,NA,NA,16.7735706171905,13.2482548541971,0,0,1.10569228827464,0.43701716656465,NA,NA,NA,NA,63.0604468004544,9.44455051126246,894.687996970844,144.405781745117,6.30296857251041,0.98160422171426,NA,NA,NA,NA,NA,NA,NA,NA,NA,NA,NA,NA,NA,NA,NA,NA,NA,NA,NA,NA,NA,NA,NA,NA,2003-08-01,2025,NA,NA,NA,NA
"Zay Flowers","BAL","WR","16190","weighted",NA,NA,NA,NA,NA,NA,52.6175331313896,12.0417314218107,0.131818813854068,0.206326616676253,0.497160166603559,0.269924551452491,NA,NA,NA,NA,78.1926467247255,6.55908500746052,1055.3531465354,60.6432365412311,6.35530480878455,0.750315877707771,NA,NA,NA,NA,NA,NA,NA,NA,NA,NA,NA,NA,NA,NA,NA,NA,NA,NA,NA,NA,NA,NA,NA,NA,2000-09-11,2023,NA,NA,NA,NA
"Rashee Rice","KC","WR","16194","weighted",NA,NA,NA,NA,NA,NA,10.8011406664142,14.5355116588976,0.109769026883756,0.241360576157805,0.596440742143128,0.286501805246969,NA,NA,NA,NA,75.5642029534267,9.37671375563741,894.648027262401,102.659993601609,6.32947368421053,1.27198751129126,NA,NA,NA,NA,NA,NA,NA,NA,NA,NA,NA,NA,NA,NA,NA,NA,NA,NA,NA,NA,NA,NA,NA,NA,2000-04-22,2023,NA,NA,NA,NA
"George Pickens","DAL","WR","15762","weighted",NA,NA,NA,NA,NA,NA,8.36928246876183,6.94622384297182,0,0,0.872803862173419,0.123527203087669,NA,NA,NA,NA,68.623309352518,5.66202861780408,1017.13004165089,52.751525547549,6.59549413101098,0.982647324499307,NA,NA,NA,NA,NA,NA,NA,NA,NA,NA,NA,NA,NA,NA,NA,NA,NA,NA,NA,NA,NA,NA,NA,NA,2001-03-04,2022,NA,NA,NA,NA
"Cooper Kupp","SEA","WR","13164","weighted",NA,NA,NA,NA,NA,NA,7.24441499432033,7.11757963554302,0,0,0.373116243847028,0.311394477377182,NA,NA,NA,NA,73.6491859144264,7.77382337099337,833.356365013252,124.053598699672,5.50352896630064,1.12560197223234,NA,NA,NA,NA,NA,NA,NA,NA,NA,NA,NA,NA,NA,NA,NA,NA,NA,NA,NA,NA,NA,NA,NA,NA,1993-06-15,2017,NA,NA,NA,NA
"Jaylen Waddle","MIA","WR","15284","weighted",NA,NA,NA,NA,NA,NA,14.5169017417645,7.7952174161778,0.00329961594634067,0.0064391713324575,0.357582355168497,0.310128010347687,NA,NA,NA,NA,75.2443014009845,7.30696191838408,961.650821658463,88.3475220581835,5.07232109049602,1.26750630361645,NA,NA,NA,NA,NA,NA,NA,NA,NA,NA,NA,NA,NA,NA,NA,NA,NA,NA,NA,NA,NA,NA,NA,NA,1970-01-01,2021,NA,NA,NA,NA
"Ricky Pearsall","SF","WR","16622","weighted",NA,NA,NA,NA,NA,NA,49.9364946989777,15.2275739139898,0.238055729738813,0.360794836413098,0.373116243847028,0.311394477377182,NA,NA,NA,NA,64.5428171147293,10.529625207684,850.927285119273,128.099717525047,5.53611510791367,1.41546848541394,NA,NA,NA,NA,NA,NA,NA,NA,NA,NA,NA,NA,NA,NA,NA,NA,NA,NA,NA,NA,NA,NA,NA,NA,2000-09-09,2024,NA,NA,NA,NA
"Jordan Addison","MIN","WR","16186","weighted",NA,NA,NA,NA,NA,NA,11.2467294585384,8.79259911709263,0.232574241358793,0.351536444230278,0.342048466489966,0.309400434247398,NA,NA,NA,NA,62.4426277925028,7.29967323313506,818.686671715259,106.460795012376,6.83457023854601,1.5211629307777,NA,NA,NA,NA,NA,NA,NA,NA,NA,NA,NA,NA,NA,NA,NA,NA,NA,NA,NA,NA,NA,NA,NA,NA,2002-01-27,2023,"S","Suspension",2025,0
"Rome Odunze","CHI","WR","16616","weighted",NA,NA,NA,NA,NA,NA,13.9755774327906,11.7719234916639,0,0,1.09612836046952,0.126837767301143,NA,NA,NA,NA,71.4537145020825,9.77770966727931,935.809685725104,100.606919186223,5.85404770920106,1.56256830359987,NA,NA,NA,NA,NA,NA,NA,NA,NA,NA,NA,NA,NA,NA,NA,NA,NA,NA,NA,NA,NA,NA,NA,NA,2002-06-03,2024,NA,NA,NA,NA
"Deebo Samuel","WAS","WR","14136","weighted",NA,NA,NA,NA,NA,NA,138.048697936388,63.0391963224093,1.35584087049078,0.946428043827112,0.804591063990912,0.217909805589783,NA,NA,NA,NA,66.2745778114351,4.1381843532552,868.86538432412,95.5226928938696,5.13360090874669,0.758546916593396,NA,NA,NA,NA,NA,NA,NA,NA,NA,NA,NA,NA,NA,NA,NA,NA,NA,NA,NA,NA,NA,NA,NA,NA,1970-01-01,2019,NA,NA,NA,NA
"Darnell Mooney","ATL","WR","14974","weighted",NA,NA,NA,NA,NA,NA,2.10623681505923,2.6026451195295,0,0,0.342048466489966,0.309400434247398,NA,NA,NA,NA,52.7665278303673,21.8549076328956,759.106777735706,320.30810097637,3.76243847027641,1.68129384257138,NA,NA,NA,NA,NA,NA,NA,NA,NA,NA,NA,NA,NA,NA,NA,NA,NA,NA,NA,NA,NA,NA,NA,NA,1970-01-01,2020,"Q","Shoulder",2025,0
"Emeka Egbuka","TB","WR","17081","weighted",NA,NA,NA,NA,NA,NA,14.6940789473684,10.6813536316987,0,0,1.1894642180992,0.390322210347002,NA,NA,NA,NA,63.8193941688754,8.64315893613056,793.090957970466,137.494678039568,5.47949261643317,1.22561638833787,NA,NA,NA,NA,NA,NA,NA,NA,NA,NA,NA,NA,NA,NA,NA,NA,NA,NA,NA,NA,NA,NA,NA,NA,2002-10-14,2025,NA,NA,NA,NA
"Khalil Shakir","BUF","WR","15761","weighted",NA,NA,NA,NA,NA,NA,5.01016930816249,5.07199592817024,0,0,0.373116243847028,0.311394477377182,NA,NA,NA,NA,73.7047406285498,8.90546288046915,828.652677016282,109.583572207801,4.71595607724347,0.739440010798898,NA,NA,NA,NA,NA,NA,NA,NA,NA,NA,NA,NA,NA,NA,NA,NA,NA,NA,NA,NA,NA,NA,NA,NA,2000-02-03,2022,"Q","Ankle",2025,0
"Jauan Jennings","SF","WR","14860","weighted",NA,NA,NA,NA,NA,NA,15.3012754908855,19.4934928812728,0.107765997728133,0.123998847142524,0.373116243847028,0.311394477377182,NA,NA,NA,NA,70.1566452101477,7.84733784424476,904.239447179099,83.0783334792096,5.68966300643696,1.04100374870803,NA,NA,NA,NA,NA,NA,NA,NA,NA,NA,NA,NA,NA,NA,NA,NA,NA,NA,NA,NA,NA,NA,NA,NA,1970-01-01,2020,"Q","Calf",2025,0
"Stefon Diggs","NE","WR","12186","weighted",NA,NA,NA,NA,NA,NA,6.21312476334722,4.90980006831904,0.27961811002326,0.385245210471771,0.357582355168497,0.310128010347687,NA,NA,NA,NA,75.7550776221128,6.28009836034323,852.815486558122,91.8751234751256,5.42233244982961,0.895971642825482,NA,NA,NA,NA,NA,NA,NA,NA,NA,NA,NA,NA,NA,NA,NA,NA,NA,NA,NA,NA,NA,NA,NA,NA,1993-11-29,2015,"Q","Knee - ACL",2025,0
"Xavier Worthy","KC","WR","16620","weighted",NA,NA,NA,NA,NA,NA,88.9053578190079,40.8847238669836,1.67419538053768,1.16903467249471,0.357582355168497,0.310128010347687,NA,NA,NA,NA,71.2249148049981,5.58034128787132,861.419166982204,91.4049364249201,7.29980310488451,1.18326998922782,NA,NA,NA,NA,NA,NA,NA,NA,NA,NA,NA,NA,NA,NA,NA,NA,NA,NA,NA,NA,NA,NA,NA,NA,2003-04-27,2024,NA,NA,NA,NA
"Michael Pittman","IND","WR","14842","weighted",NA,NA,NA,NA,NA,NA,2.61778547087142,2.51806062266456,0,0,0.928634986747444,0.0619457841999954,NA,NA,NA,NA,80.0662324876941,6.55277341031375,909.859295721318,69.950465598835,4.44602801968951,0.858831638450247,NA,NA,NA,NA,NA,NA,NA,NA,NA,NA,NA,NA,NA,NA,NA,NA,NA,NA,NA,NA,NA,NA,NA,NA,1970-01-01,2020,NA,NA,NA,NA
"Jakobi Meyers","LVR","WR","14127","weighted",NA,NA,NA,NA,NA,NA,11.9508661491859,8.78442365225206,0.0940877373289339,0.206880493849547,0.357582355168497,0.310128010347687,NA,NA,NA,NA,78.5502839833396,5.28943987200627,922.510329420674,56.8478418722877,5.04634608102991,0.732359101863329,NA,NA,NA,NA,NA,NA,NA,NA,NA,NA,NA,NA,NA,NA,NA,NA,NA,NA,NA,NA,NA,NA,NA,NA,1970-01-01,2019,NA,NA,NA,NA
"Jack Bech","LVR","WR","17078","weighted",NA,NA,NA,NA,NA,NA,7.44962025316456,5.79369719832069,0,0,0.0417215189873418,0.0203735867924839,NA,NA,NA,NA,34.5598987341772,24.9845361955425,455.246075949367,276.522596899646,2.21974683544304,1.71660035414679,NA,NA,NA,NA,NA,NA,NA,NA,NA,NA,NA,NA,NA,NA,NA,NA,NA,NA,NA,NA,NA,NA,NA,NA,2002-12-18,2025,NA,NA,NA,NA
"Jayden Reed","GB","WR","16184","weighted",NA,NA,NA,NA,NA,NA,102.594921431276,45.2518440053916,0.75109333585763,0.409410962221886,1.06821279818251,0.0959202108734338,NA,NA,NA,NA,56.7307459295721,6.64807885896444,781.846240060583,92.472211995107,5.58098447557743,0.943865346158083,NA,NA,NA,NA,NA,NA,NA,NA,NA,NA,NA,NA,NA,NA,NA,NA,NA,NA,NA,NA,NA,NA,NA,NA,2000-04-28,2023,"Q","Foot",2025,0
"Keon Coleman","BUF","WR","16617","weighted",NA,NA,NA,NA,NA,NA,6.47855249634879,5.25288499148653,0,0,0.357582355168497,0.310128010347687,NA,NA,NA,NA,52.3561378265808,6.01023102060885,803.320636122681,96.5050886492533,5.90932222642938,1.15320624028566,NA,NA,NA,NA,NA,NA,NA,NA,NA,NA,NA,NA,NA,NA,NA,NA,NA,NA,NA,NA,NA,NA,NA,NA,NA,2024,NA,NA,NA,NA
"Tre Harris","LAC","WR","17072","weighted",NA,NA,NA,NA,NA,NA,9.31254394980256,8.45171280511479,0,0,0.75798939795532,0.216385490157803,NA,NA,NA,NA,40.034835289663,13.1739369360195,539.054093146535,232.798913228008,3.18989776599773,1.45944501686636,NA,NA,NA,NA,NA,NA,NA,NA,NA,NA,NA,NA,NA,NA,NA,NA,NA,NA,NA,NA,NA,NA,NA,NA,2002-02-28,2025,"Q","Undisclosed",2025,0
"Josh Downs","IND","WR","16187","weighted",NA,NA,NA,NA,NA,NA,7.51079136690648,6.47015537214851,0,0,0.357582355168497,0.310128010347687,NA,NA,NA,NA,72.0369935630443,6.82291849492107,805.673449450966,84.3907585183848,4.6941461567588,1.14890061284638,NA,NA,NA,NA,NA,NA,NA,NA,NA,NA,NA,NA,NA,NA,NA,NA,NA,NA,NA,NA,NA,NA,NA,NA,2001-08-12,2023,"Q","Hamstring",2025,0
"Jayden Higgins","HOU","WR","17083","weighted",NA,NA,NA,NA,NA,NA,6.79499107480933,6.06249848234998,0,0,0.776322100214565,0.0954470572099343,NA,NA,NA,NA,51.1471109428247,13.655891739501,665.126770162817,198.371433844153,3.87031427489587,1.91706295348518,NA,NA,NA,NA,NA,NA,NA,NA,NA,NA,NA,NA,NA,NA,NA,NA,NA,NA,NA,NA,NA,NA,NA,NA,2002-12-15,2025,NA,NA,NA,NA
"Rashid Shaheed","NO","WR","16080","weighted",NA,NA,NA,NA,NA,NA,44.7528114350625,18.2922317008476,0.0372502602234915,0.0665644901902247,1.05303862173419,0.539803546977192,NA,NA,1,0,55.6727300265051,6.01074224246386,835.479007951534,62.4649938457313,4.73326012873911,0.951700792816221,NA,NA,NA,NA,NA,NA,NA,NA,NA,NA,NA,NA,NA,NA,NA,NA,NA,NA,NA,NA,NA,NA,NA,NA,1998-08-31,2022,NA,NA,NA,NA
"Dont'e Thornton","LVR","WR","17087","weighted",NA,NA,NA,NA,NA,NA,5.70149470323611,5.75768568496534,0.0672355245973008,0.106784255732429,0.214235959947758,0.0377617858719014,NA,NA,NA,NA,27.5840922942969,13.6269181611038,391.823073574227,223.713509135137,2.31787548976926,1.68043232720203,NA,NA,NA,NA,NA,NA,NA,NA,NA,NA,NA,NA,NA,NA,NA,NA,NA,NA,NA,NA,NA,NA,NA,NA,2002-11-30,2025,NA,NA,NA,NA
"DeAndre Hopkins","BAL","WR","11232","weighted",NA,NA,NA,NA,NA,NA,0.592725988700565,0.736851472075401,0,0,0.0238559322033898,0.0162450682758638,NA,NA,NA,NA,35.710406779661,15.7154508758917,459.159652542373,209.757701929581,4.00377966101695,1.56919611119201,NA,NA,NA,NA,NA,NA,NA,NA,NA,NA,NA,NA,NA,NA,NA,NA,NA,NA,NA,NA,NA,NA,NA,NA,1992-06-06,2013,"Q","Knee",2025,0
"Marvin Mims","DEN","WR","16189","weighted",NA,NA,NA,NA,NA,NA,46.8221507004922,29.8791898155332,0.160869800400281,0.345560254296966,0.373116243847028,0.311394477377182,NA,NA,1,0,50.8161075350246,10.4332909846311,668.012457402499,136.698898313532,5.41538811056418,1.43208446380919,NA,NA,NA,NA,NA,NA,NA,NA,NA,NA,NA,NA,NA,NA,NA,NA,NA,NA,NA,NA,NA,NA,NA,NA,2002-03-19,2023,NA,NA,NA,NA
"Christian Kirk","HOU","WR","13633","weighted",NA,NA,NA,NA,NA,NA,5.68480553902743,4.05406387851957,0,0,0.689776599772813,0.309043946884579,NA,NA,NA,NA,54.210329420674,6.24250472386025,715.925020825445,97.8266196419717,3.26872396819387,1.2458172041899,NA,NA,NA,NA,NA,NA,NA,NA,NA,NA,NA,NA,NA,NA,NA,NA,NA,NA,NA,NA,NA,NA,NA,NA,1996-11-18,2018,NA,NA,NA,NA
"Darius Slayton","NYG","WR","14122","weighted",NA,NA,NA,NA,NA,NA,7.52490939579164,5.67442466659557,0.0313625791096446,0.0689601646165157,0.0497286381421179,0.0310392526391384,NA,NA,NA,NA,39.1595380537675,9.06948067480077,581.276334721696,130.562404505628,2.7909806891329,0.663214775300116,NA,NA,NA,NA,NA,NA,NA,NA,NA,NA,NA,NA,NA,NA,NA,NA,NA,NA,NA,NA,NA,NA,NA,NA,NA,2019,NA,NA,NA,NA
"Tyler Lockett","TEN","WR","12187","weighted",NA,NA,NA,NA,NA,NA,-0.623729987018607,0.995039656079505,0,0,0.0236549834126641,0.0163521982742857,NA,NA,NA,NA,48.0262829943747,10.6030648623218,571.70385114669,139.158569753246,3.29634790134141,1.05833096284628,NA,NA,NA,NA,NA,NA,NA,NA,NA,NA,NA,NA,NA,NA,NA,NA,NA,NA,NA,NA,NA,NA,NA,NA,1992-09-28,2015,NA,NA,NA,NA
"Alec Pierce","IND","WR","15768","weighted",NA,NA,NA,NA,NA,NA,0.183074592957213,0.338501024899562,0,0,0.0248643190710589,0.0155196263195692,NA,NA,NA,NA,34.2608708822416,8.66289283141789,600.962468761833,195.369923656794,3.89297235895494,1.72701135444757,NA,NA,NA,NA,NA,NA,NA,NA,NA,NA,NA,NA,NA,NA,NA,NA,NA,NA,NA,NA,NA,NA,NA,NA,2000-05-02,2022,NA,NA,NA,NA
"Amari Cooper","FA","WR","12175","weighted",NA,NA,NA,NA,NA,NA,0,0,0,0,0,0,NA,NA,NA,NA,45.8784371700106,24.6320872699787,629.285871172122,317.615223278691,3.80312565997888,2.04573866643006,NA,NA,NA,NA,NA,NA,NA,NA,NA,NA,NA,NA,NA,NA,NA,NA,NA,NA,NA,NA,NA,NA,NA,NA,1994-06-18,2015,NA,NA,NA,NA
"Adam Thielen","CAR","WR","11938","weighted",NA,NA,NA,NA,NA,NA,2.27143398063504,2.55778222518828,0,0,0.413413479742522,0.284669780705462,NA,NA,NA,NA,60.2684210526316,9.14422508737407,684.07855357819,93.7394102455245,4.56118894358198,0.873611459872812,NA,NA,NA,NA,NA,NA,NA,NA,NA,NA,NA,NA,NA,NA,NA,NA,NA,NA,NA,NA,NA,NA,NA,NA,1990-08-22,2014,NA,NA,NA,NA
"Cedric Tillman","CLE","WR","16191","weighted",NA,NA,NA,NA,NA,NA,2.05474116947044,4.15712278729631,0,0,1.42852454878203,0.243550641973383,NA,NA,NA,NA,56.1201817493374,7.20591263037069,688.657182885271,104.485676853302,3.82161302536918,1.26887896606984,NA,NA,NA,NA,NA,NA,NA,NA,NA,NA,NA,NA,NA,NA,NA,NA,NA,NA,NA,NA,NA,NA,NA,NA,2000-04-19,2023,"Q","Thumb",2025,0
"Keenan Allen","LAC","WR","11222","weighted",NA,NA,NA,NA,NA,NA,1.3379131281441,2.05359867556683,0,0,0.373116243847028,0.311394477377182,NA,NA,NA,NA,59.114305187429,11.6264979559123,661.108072699735,134.170804924422,4.92123438091632,0.960722277617018,NA,NA,NA,NA,NA,NA,NA,NA,NA,NA,NA,NA,NA,NA,NA,NA,NA,NA,NA,NA,NA,NA,NA,NA,1992-04-27,2013,NA,NA,NA,NA
"Troy Franklin","DEN","WR","16619","weighted",NA,NA,NA,NA,NA,NA,7.81398718825798,6.69609309418438,0,0,0.271353939921637,0.0566426788078521,NA,NA,NA,NA,38.5812973443622,14.629390959615,435.221088376143,178.303506564744,3.12010448410971,1.29462776664132,NA,NA,NA,NA,NA,NA,NA,NA,NA,NA,NA,NA,NA,NA,NA,NA,NA,NA,NA,NA,NA,NA,NA,NA,2003-02-06,2024,NA,NA,NA,NA
"Marquise Brown","KC","WR","14105","weighted",NA,NA,NA,NA,NA,NA,5.13006436955699,4.83287053914771,0,0,0.0497286381421179,0.0310392526391384,NA,NA,NA,NA,52.8996592199924,14.1946165052894,630.318409693298,177.931754712521,3.96468004543733,1.46771805795248,NA,NA,NA,NA,NA,NA,NA,NA,NA,NA,NA,NA,NA,NA,NA,NA,NA,NA,NA,NA,NA,NA,NA,NA,1970-01-01,2019,"Q","Ankle",2025,0
"Luther Burden","CHI","WR","17070","weighted",NA,NA,NA,NA,NA,NA,31.130329420674,16.7273978283582,0.165834010745244,0.345813697204195,1.04988640666414,0.512474105889358,NA,NA,NA,NA,46.7594168875426,12.0847839743601,562.505270730784,139.498307022038,3.13503218477849,1.4476786636843,NA,NA,NA,NA,NA,NA,NA,NA,NA,NA,NA,NA,NA,NA,NA,NA,NA,NA,NA,NA,NA,NA,NA,NA,2003-12-12,2025,NA,NA,NA,NA
"Quentin Johnston","LAC","WR","16188","weighted",NA,NA,NA,NA,NA,NA,6.19628928436198,4.69310251699156,0,0,0.342048466489966,0.309400434247398,NA,NA,NA,NA,42.1443771298751,12.6421192644189,542.89084437713,158.43552145341,4.56190079515335,1.87156321549312,NA,NA,NA,NA,NA,NA,NA,NA,NA,NA,NA,NA,NA,NA,NA,NA,NA,NA,NA,NA,NA,NA,NA,NA,2001-09-06,2023,"Q","Concussion",2025,0
"Dyami Brown","JAC","WR","15292","weighted",NA,NA,NA,NA,NA,NA,12.1862711864407,10.9845350656248,0,0,0.99385593220339,0.134997953189719,NA,NA,NA,NA,39.3577033898305,11.3623572023387,489.604754237288,170.601388561566,2.49853389830508,1.36931627587779,NA,NA,NA,NA,NA,NA,NA,NA,NA,NA,NA,NA,NA,NA,NA,NA,NA,NA,NA,NA,NA,NA,NA,NA,1970-01-01,2021,NA,NA,NA,NA
"Rashod Bateman","BAL","WR","15293","weighted",NA,NA,NA,NA,NA,NA,0.604089360090875,1.03434416132552,0,0,0.0248643190710589,0.0155196263195692,NA,NA,NA,NA,46.5422794396062,4.20396699572148,692.818167360848,83.2825886743563,5.86522529344945,1.76971767292279,NA,NA,NA,NA,NA,NA,NA,NA,NA,NA,NA,NA,NA,NA,NA,NA,NA,NA,NA,NA,NA,NA,NA,NA,1970-01-01,2021,NA,NA,NA,NA
"Ray-Ray McCloud","ATL","WR","13641","weighted",NA,NA,NA,NA,NA,NA,53.4164322033898,16.4189940638228,0.0351959424518164,0.0708741637834946,1.20559322033898,0.416634606214297,NA,NA,NA,NA,50.9988559322034,11.8265479602425,561.280059322034,140.267636044682,2.49412711864407,0.928039680184908,NA,NA,NA,NA,NA,NA,NA,NA,NA,NA,NA,NA,NA,NA,NA,NA,NA,NA,NA,NA,NA,NA,NA,NA,NA,2018,NA,NA,NA,NA
"Xavier Legette","CAR","WR","16639","weighted",NA,NA,NA,NA,NA,NA,25.2878384134797,13.9064762582311,0.0609985395142533,0.0814267345107094,0.357582355168497,0.310128010347687,NA,NA,NA,NA,54.7595229079894,10.3734146733173,601.984884513442,117.603030332418,3.97956834532374,0.887613967557165,NA,NA,NA,NA,NA,NA,NA,NA,NA,NA,NA,NA,NA,NA,NA,NA,NA,NA,NA,NA,NA,NA,NA,NA,2001-01-29,2024,NA,NA,NA,NA
"Kayshon Boutte","NE","WR","16193","weighted",NA,NA,NA,NA,NA,NA,0.921052631578947,1.69856574555567,0,0,0.0248643190710589,0.0155196263195692,NA,NA,NA,NA,32.4029761453995,17.0186501179666,424.000537675123,218.489902377578,2.37608481635744,1.53269972532426,NA,NA,NA,NA,NA,NA,NA,NA,NA,NA,NA,NA,NA,NA,NA,NA,NA,NA,NA,NA,NA,NA,NA,NA,2002-05-07,2023,NA,NA,NA,NA
"Calvin Austin III","PIT","WR","15777","weighted",NA,NA,NA,NA,NA,NA,11.4150169491525,7.65289344513516,0.117069209039548,0.146492813028331,0.503601694915254,0.288014494007017,NA,NA,NA,NA,36.5883389830508,7.7371554686934,491.128313559322,129.274169999654,3.24348305084746,1.45828139047468,NA,NA,NA,NA,NA,NA,NA,NA,NA,NA,NA,NA,NA,NA,NA,NA,NA,NA,NA,NA,NA,NA,NA,NA,1999-03-24,2022,"Q","Abdomen",2025,0
"Demario Douglas","NE","WR","16342","weighted",NA,NA,NA,NA,NA,NA,15.0972595607724,10.7529894596734,0,0,0.0497286381421179,0.0310392526391384,NA,NA,NA,NA,58.7166527830367,10.4932040017979,607.74795153351,106.320912975099,3.24848920863309,0.634812145107699,NA,NA,NA,NA,NA,NA,NA,NA,NA,NA,NA,NA,NA,NA,NA,NA,NA,NA,NA,NA,NA,NA,NA,NA,2000-12-08,2023,NA,NA,NA,NA
"Pat Bryant","DEN","WR","17082","weighted",NA,NA,NA,NA,NA,NA,3.12873417721519,4.07838063121972,0,0,0.0417215189873418,0.0203735867924839,NA,NA,NA,NA,31.0358987341772,12.4087988179529,407.767088607595,193.842008638959,2.45417721518987,1.58672977160782,NA,NA,NA,NA,NA,NA,NA,NA,NA,NA,NA,NA,NA,NA,NA,NA,NA,NA,NA,NA,NA,NA,NA,NA,2002-12-10,2025,NA,NA,NA,NA
"Romeo Doubs","GB","WR","15779","weighted",NA,NA,NA,NA,NA,NA,2.97169632714881,4.61828089236461,0,0,0.497160166603559,0.269924551452491,NA,NA,NA,NA,49.2466944339265,8.14309118983721,612.193865959864,101.106414091588,4.4565694812571,1.0836839316759,NA,NA,NA,NA,NA,NA,NA,NA,NA,NA,NA,NA,NA,NA,NA,NA,NA,NA,NA,NA,NA,NA,NA,NA,2000-04-13,2022,NA,NA,NA,NA
"Tory Horton","SEA","WR","17098","weighted",NA,NA,NA,NA,NA,NA,5.82269656461118,5.99445465160137,0,0,1.08742273968665,0.473851270048978,NA,NA,NA,NA,30.8627425614489,17.4222651466409,383.167313497197,228.366023073034,1.84566623544631,1.24259628500867,NA,NA,NA,NA,NA,NA,NA,NA,NA,NA,NA,NA,NA,NA,NA,NA,NA,NA,NA,NA,NA,NA,NA,NA,2002-11-29,2025,"Q","Ankle",2025,0
"Michael Wilson","ARI","WR","16206","weighted",NA,NA,NA,NA,NA,NA,8.40893168172229,8.35391478545977,0.0457856872396819,0.0742205940873348,0.689448441247002,0.141046886398434,NA,NA,NA,NA,47.4566527830367,7.97995478498855,572.342945853843,96.7493593846065,3.98695191215449,1.19821180852054,NA,NA,NA,NA,NA,NA,NA,NA,NA,NA,NA,NA,NA,NA,NA,NA,NA,NA,NA,NA,NA,NA,NA,NA,2000-02-23,2023,NA,NA,NA,NA
"Christian Watson","GB","WR","15789","weighted",NA,NA,NA,NA,NA,NA,17.8985507246377,11.3279098699326,0,0,0.792097998619738,0.109368522781019,NA,NA,NA,NA,15.9451863354037,12.1379929176165,281.423913043478,248.994861879035,1.58856107660456,1.38972816130551,NA,NA,NA,NA,NA,NA,NA,NA,NA,NA,NA,NA,NA,NA,NA,NA,NA,NA,NA,NA,NA,NA,NA,NA,1999-05-12,2022,"O","Knee - ACL",2025,0
"Wan'Dale Robinson","NYG","WR","15757","weighted",NA,NA,NA,NA,NA,NA,19.9054619462325,9.38587309075617,0.0313625791096446,0.0689601646165157,0.357582355168497,0.310128010347687,NA,NA,NA,NA,72.7022037107156,12.980840921874,625.947315410829,96.8368907752279,2.80636122680803,0.669689196738052,NA,NA,NA,NA,NA,NA,NA,NA,NA,NA,NA,NA,NA,NA,NA,NA,NA,NA,NA,NA,NA,NA,NA,NA,2001-01-05,2022,NA,NA,NA,NA
"Tre Tucker","LVR","WR","16287","weighted",NA,NA,NA,NA,NA,NA,39.7033898305085,20.8786744028629,0.282584745762712,0.411657732406943,0.0238559322033898,0.0162450682758638,NA,NA,NA,NA,38.1190423728814,13.8901906258895,471.118703389831,162.0676539319,2.76777966101695,1.24042128945844,NA,NA,NA,NA,NA,NA,NA,NA,NA,NA,NA,NA,NA,NA,NA,NA,NA,NA,NA,NA,NA,NA,NA,NA,2001-03-08,2023,NA,NA,NA,NA
"Josh Palmer","BUF","WR","15319","weighted",NA,NA,NA,NA,NA,NA,0.774801211662249,0.839368794951763,0,0,0.0248643190710589,0.0155196263195692,NA,NA,NA,NA,41.3228852707308,7.38125447520495,558.698985232866,111.388561081053,3.07971980310488,1.29415756266203,NA,NA,NA,NA,NA,NA,NA,NA,NA,NA,NA,NA,NA,NA,NA,NA,NA,NA,NA,NA,NA,NA,NA,NA,1970-01-01,2021,NA,NA,NA,NA
"KeAndre Lambert-Smith","LAC","WR","17205","weighted",NA,NA,NA,NA,NA,NA,5.70106382978723,0.561426193627867,0,0,0,0,NA,NA,NA,NA,21.6723404255319,16.5677114832604,332.505319148936,289.994079669965,2.19574468085106,2.24570477451147,NA,NA,NA,NA,NA,NA,NA,NA,NA,NA,NA,NA,NA,NA,NA,NA,NA,NA,NA,NA,NA,NA,NA,NA,2001-10-16,2025,NA,NA,NA,NA
"Isaac TeSlaa","DET","WR","17157","weighted",NA,NA,NA,NA,NA,NA,0.853291139240506,1.11228562669629,0,0,0,0,NA,NA,NA,NA,18.3858227848101,18.362609225275,275.222784810127,287.569802617209,1.59544303797468,1.58599252266595,NA,NA,NA,NA,NA,NA,NA,NA,NA,NA,NA,NA,NA,NA,NA,NA,NA,NA,NA,NA,NA,NA,NA,NA,2002-02-20,2025,NA,NA,NA,NA
"Kyle Williams","NE","WR","17134","weighted",NA,NA,NA,NA,NA,NA,9.06544076880429,5.7276477522464,0,0,0.479977001581141,0.291442923621906,NA,NA,NA,NA,35.2428633031479,10.8869170029327,444.629581716257,160.814445977621,2.42673566192324,0.848818833249872,NA,NA,NA,NA,NA,NA,NA,NA,NA,NA,NA,NA,NA,NA,NA,NA,NA,NA,NA,NA,NA,NA,NA,NA,2002-11-13,2025,"Q","Undisclosed",2025,0
"Malik Washington","MIA","WR","16684","weighted",NA,NA,NA,NA,NA,NA,10.0629384850025,9.60122924115326,0.0290289781392984,0.0397680915221477,0.522724961870869,0.316971431023164,NA,NA,1,0,28.787208947636,9.94567126480174,312.172353838333,160.785933543917,1.91338078291815,1.99459092397694,NA,NA,NA,NA,NA,NA,NA,NA,NA,NA,NA,NA,NA,NA,NA,NA,NA,NA,NA,NA,NA,NA,NA,NA,2001-01-04,2024,NA,NA,NA,NA
"Diontae Johnson","CLE","WR","14208","weighted",NA,NA,NA,NA,NA,NA,2.27978194338179,1.69930712425665,0,0,0.517368018362663,0.409443835050098,NA,NA,NA,NA,21.7416526396328,16.9072626327898,264.143335883703,252.975818150576,1.40365723029839,0.883534253092396,NA,NA,NA,NA,NA,NA,NA,NA,NA,NA,NA,NA,NA,NA,NA,NA,NA,NA,NA,NA,NA,NA,NA,NA,NA,2019,NA,NA,NA,NA
"Brandin Cooks","NO","WR","11674","weighted",NA,NA,NA,NA,NA,NA,4.76805084745763,8.75089378222807,0,0,0.0238559322033898,0.0162450682758638,NA,NA,NA,NA,35.8686016949153,10.381897605768,424.49756779661,130.699995776987,2.69355084745763,1.3154580364507,NA,NA,NA,NA,NA,NA,NA,NA,NA,NA,NA,NA,NA,NA,NA,NA,NA,NA,NA,NA,NA,NA,NA,NA,1993-09-25,2014,NA,NA,NA,NA
"Devaughn Vele","NO","WR","16788","weighted",NA,NA,NA,NA,NA,NA,1.01269772166594,1.8360334300862,0,0,0.042882020026121,0.0188808929359507,NA,NA,NA,NA,27.0051893774488,12.8603460096446,320.4846669569,166.513001464129,2.15118850674793,0.963060089256928,NA,NA,NA,NA,NA,NA,NA,NA,NA,NA,NA,NA,NA,NA,NA,NA,NA,NA,NA,NA,NA,NA,NA,NA,1997-12-12,2024,NA,NA,NA,NA
"Adonai Mitchell","IND","WR","16626","weighted",NA,NA,NA,NA,NA,NA,9.39987220749716,9.74457174510905,0.00329961594634067,0.0064391713324575,0.627338129496403,0.169256263678121,NA,NA,NA,NA,29.7387126088603,8.41506944516322,396.505952290799,125.415982232504,2.01408557364635,0.923617058936209,NA,NA,NA,NA,NA,NA,NA,NA,NA,NA,NA,NA,NA,NA,NA,NA,NA,NA,NA,NA,NA,NA,NA,NA,2002-10-08,2024,NA,NA,NA,NA
"Jalen Coker","CAR","WR","16809","weighted",NA,NA,NA,NA,NA,NA,1.95933497536946,3.0099864619418,0,0,0.0223152709359606,0.0171825247080365,NA,NA,NA,NA,31.5293300492611,10.5235155023046,401.73963546798,144.549612972049,1.88202955665025,0.703351128643543,NA,NA,NA,NA,NA,NA,NA,NA,NA,NA,NA,NA,NA,NA,NA,NA,NA,NA,NA,NA,NA,NA,NA,NA,NA,2024,NA,NA,NA,NA
"Tutu Atwell","LAR","WR","15301","weighted",NA,NA,NA,NA,NA,NA,12.9335960591133,11.5695834147923,0.0361149425287356,0.0709145151792268,0.0223152709359606,0.0171825247080365,NA,NA,NA,NA,37.5279408866995,4.34048812148435,480.574541871921,62.4131286577231,1.82133004926108,0.767621003199284,NA,NA,NA,NA,NA,NA,NA,NA,NA,NA,NA,NA,NA,NA,NA,NA,NA,NA,NA,NA,NA,NA,NA,NA,1970-01-01,2021,NA,NA,NA,NA
"Jalen Tolbert","DAL","WR","15788","weighted",NA,NA,NA,NA,NA,NA,0,0,0,0,0.0223152709359606,0.0171825247080365,NA,NA,NA,NA,36.3767192118227,7.08843439451735,439.316935960591,104.763380450541,4.14074876847291,1.58446030921294,NA,NA,NA,NA,NA,NA,NA,NA,NA,NA,NA,NA,NA,NA,NA,NA,NA,NA,NA,NA,NA,NA,NA,NA,1999-02-27,2022,NA,NA,NA,NA
"Allen Lazard","NYJ","WR","13632","weighted",NA,NA,NA,NA,NA,NA,0.445521419299005,0.710742611485361,0.0445521419299005,0.0710742611485361,0.0236549834126641,0.0163521982742857,NA,NA,NA,NA,26.3149545651233,8.51753740680939,345.782829943747,126.107879117852,2.71156209433146,1.31025388955623,NA,NA,NA,NA,NA,NA,NA,NA,NA,NA,NA,NA,NA,NA,NA,NA,NA,NA,NA,NA,NA,NA,NA,NA,1995-12-11,2018,"Q","Shoulder",2025,0
"Roman Wilson","PIT","WR","16629","weighted",NA,NA,NA,NA,NA,NA,3.44010152284264,4.46348937007204,0,0,0.1,1.52137699611647e-17,NA,NA,NA,NA,25.6597055837563,8.70715073851164,336.630050761421,128.499178316849,1.89794923857868,0.900915028478382,NA,NA,NA,NA,NA,NA,NA,NA,NA,NA,NA,NA,NA,NA,NA,NA,NA,NA,NA,NA,NA,NA,NA,NA,2001-06-19,2024,NA,NA,NA,NA
"Marquez Valdes-Scantling","SEA","WR","13793","weighted",NA,NA,NA,NA,NA,NA,8.63824220032841,13.2857070031382,0.0668137931034483,0.103228930195339,0,0,NA,NA,NA,NA,22.5745123152709,9.39333233668333,359.471162561576,158.825810216934,2.19064039408867,1.15372372011031,NA,NA,NA,NA,NA,NA,NA,NA,NA,NA,NA,NA,NA,NA,NA,NA,NA,NA,NA,NA,NA,NA,NA,NA,1994-10-10,2018,NA,NA,NA,NA
"Dontayvion Wicks","GB","WR","16195","weighted",NA,NA,NA,NA,NA,NA,0.830745929572132,1.72824349690849,0,0,0,0,NA,NA,NA,NA,29.9101628171147,11.2311173356478,374.422264293828,134.663061947326,2.95385081408557,1.3611020195408,NA,NA,NA,NA,NA,NA,NA,NA,NA,NA,NA,NA,NA,NA,NA,NA,NA,NA,NA,NA,NA,NA,NA,NA,2001-06-16,2023,"Q","Calf",2025,0
"Elijah Moore","BUF","WR","15288","weighted",NA,NA,NA,NA,NA,NA,4.75003627920476,6.17612193734935,0,0,0,0,NA,NA,NA,NA,28.459878101872,15.0036748295374,307.914253373966,171.043117988693,1.46754026991728,0.657150246878465,NA,NA,NA,NA,NA,NA,NA,NA,NA,NA,NA,NA,NA,NA,NA,NA,NA,NA,NA,NA,NA,NA,NA,NA,1970-01-01,2021,NA,NA,NA,NA
"Tim Patrick","DET","WR","13377","weighted",NA,NA,NA,NA,NA,NA,-0.02855871886121,0.0370984894015884,0,0,0.041687849517031,0.0204069863707998,NA,NA,NA,NA,23.9079105236401,8.67558739446386,299.726415861718,111.380744755739,2.10208439247585,1.04092341964368,NA,NA,NA,NA,NA,NA,NA,NA,NA,NA,NA,NA,NA,NA,NA,NA,NA,NA,NA,NA,NA,NA,NA,NA,1993-11-23,2017,NA,NA,NA,NA
"Elic Ayomanor","TEN","WR","17073","weighted",NA,NA,NA,NA,NA,NA,5.13514827995255,6.95791512151471,0,0,0.0403024911032029,0.0221137719445578,NA,NA,NA,NA,24.1820403321471,12.1154758023896,286.140996441281,159.163376808662,1.56817319098458,1.11280498867599,NA,NA,NA,NA,NA,NA,NA,NA,NA,NA,NA,NA,NA,NA,NA,NA,NA,NA,NA,NA,NA,NA,NA,NA,2003-06-03,2025,NA,NA,NA,NA
"Jalen Nailor","MIN","WR","15786","weighted",NA,NA,NA,NA,NA,NA,4.8656779661017,7.42097282490527,0,0,0.479745762711864,0.288819723076838,NA,NA,NA,NA,29.5544491525424,5.87959242568485,393.350194915254,105.649940246894,3.3821779661017,1.45930414671039,NA,NA,NA,NA,NA,NA,NA,NA,NA,NA,NA,NA,NA,NA,NA,NA,NA,NA,NA,NA,NA,NA,NA,NA,1999-03-02,2022,"Q","Hand",2025,0
"Tai Felton","MIN","WR","17097","weighted",NA,NA,NA,NA,NA,NA,4.49411117898595,4.71499294590689,0,0,0,0,NA,NA,NA,NA,19.834062309102,13.2415787782902,250.475381795968,188.157113865323,1.47819181429444,0.974168243300515,NA,NA,NA,NA,NA,NA,NA,NA,NA,NA,NA,NA,NA,NA,NA,NA,NA,NA,NA,NA,NA,NA,NA,NA,2003-03-15,2025,"Q","Arm",2025,0
"Andrei Iosivas","CIN","WR","16207","weighted",NA,NA,NA,NA,NA,NA,0.185028248587571,0.361676975396068,0,0,0.0238559322033898,0.0162450682758638,NA,NA,NA,NA,33.6844576271186,4.42958965382305,417.527169491525,66.0912123614081,4.22577118644068,0.97015051016313,NA,NA,NA,NA,NA,NA,NA,NA,NA,NA,NA,NA,NA,NA,NA,NA,NA,NA,NA,NA,NA,NA,NA,NA,1999-10-15,2023,NA,NA,NA,NA
"Josh Reynolds","NYJ","WR","13168","weighted",NA,NA,NA,NA,NA,NA,0,0,0,0,0.0201842053693906,0.0182226349026327,NA,NA,NA,NA,34.6740388007055,5.09995574072162,461.49315696649,38.5316272785268,3.18933568489124,0.448401351463094,NA,NA,NA,NA,NA,NA,NA,NA,NA,NA,NA,NA,NA,NA,NA,NA,NA,NA,NA,NA,NA,NA,NA,NA,1995-02-16,2017,NA,NA,NA,NA
"Kendrick Bourne","NE","WR","13418","weighted",NA,NA,NA,NA,NA,NA,7.38854805725971,8.08392416086526,0,0,0,0,NA,NA,NA,NA,25.3838241308793,18.5960472533932,290.451124744376,226.216901588932,1.05993865030675,1.36370122693268,NA,NA,NA,NA,NA,NA,NA,NA,NA,NA,NA,NA,NA,NA,NA,NA,NA,NA,NA,NA,NA,NA,NA,NA,1995-08-04,2017,"Q","Lower Leg",2025,0
"Noah Brown","WAS","WR","13172","weighted",NA,NA,NA,NA,NA,NA,0.863290398126464,1.2224410649745,0,0,0.256537861046058,0.212710520197781,NA,NA,NA,NA,31.8104800936768,4.06027129179028,398.082552693208,61.2149932346579,2.01129976580796,0.753162061911175,NA,NA,NA,NA,NA,NA,NA,NA,NA,NA,NA,NA,NA,NA,NA,NA,NA,NA,NA,NA,NA,NA,NA,NA,NA,2017,"Q","Undisclosed",2025,0
"Jaylin Noel","HOU","WR","17080","weighted",NA,NA,NA,NA,NA,NA,14.7386068476978,14.5631466017175,0,0,0,0,NA,NA,NA,NA,23.3976977567887,10.9087520266156,282.791617473436,152.221860582856,1.41971664698937,0.88753793849315,NA,NA,NA,NA,NA,NA,NA,NA,NA,NA,NA,NA,NA,NA,NA,NA,NA,NA,NA,NA,NA,NA,NA,NA,2002-09-04,2025,NA,NA,NA,NA
"JuJu Smith-Schuster","KC","WR","13156","weighted",NA,NA,NA,NA,NA,NA,0,0,0,0,0.0403024911032029,0.0221137719445578,NA,NA,NA,NA,19.699359430605,13.6082719422877,229.81650059312,151.607402484535,1.50920521945433,0.966917792351837,NA,NA,NA,NA,NA,NA,NA,NA,NA,NA,NA,NA,NA,NA,NA,NA,NA,NA,NA,NA,NA,NA,NA,NA,1996-11-22,2017,NA,NA,NA,NA
"Nick Westbrook-Ikhine","MIA","WR","15109","weighted",NA,NA,NA,NA,NA,NA,1.35670771756979,1.94965245812571,0,0,0.0223152709359606,0.0171825247080365,NA,NA,NA,NA,31.6519014778325,3.50559314642392,425.217221674877,64.7167972260253,3.46915270935961,0.968941000153821,NA,NA,NA,NA,NA,NA,NA,NA,NA,NA,NA,NA,NA,NA,NA,NA,NA,NA,NA,NA,NA,NA,NA,NA,1970-01-01,2020,NA,NA,NA,NA
"Parker Washington","JAC","WR","16192","weighted",NA,NA,NA,NA,NA,NA,4.22548776455027,6.5610324040036,0,0,0.041889880952381,0.0201977851075133,NA,NA,NA,NA,21.6219742063492,14.6105319267639,243.335813492064,166.444929799627,1.49305555555556,1.03771439612748,NA,NA,NA,NA,NA,NA,NA,NA,NA,NA,NA,NA,NA,NA,NA,NA,NA,NA,NA,NA,NA,NA,NA,NA,2002-03-21,2023,NA,NA,NA,NA
"Jordan Whittington","LAR","WR","16633","weighted",NA,NA,NA,NA,NA,NA,10.3291814946619,11.6251377611085,0,0,0.0403024911032029,0.0221137719445578,NA,NA,NA,NA,27.5719098457889,12.172968705678,335.81965599051,134.2403681545,1.70467378410439,1.21855304815519,NA,NA,NA,NA,NA,NA,NA,NA,NA,NA,NA,NA,NA,NA,NA,NA,NA,NA,NA,NA,NA,NA,NA,NA,2000-10-01,2024,NA,NA,NA,NA
"Olamide Zaccheaus","CHI","WR","14592","weighted",NA,NA,NA,NA,NA,NA,4.89434523809524,4.87371005268671,0,0,0.041889880952381,0.0201977851075133,NA,NA,NA,NA,17.5790277777778,12.7961115457234,202.616636904762,154.861405704081,1.25415674603175,0.877933321530857,NA,NA,NA,NA,NA,NA,NA,NA,NA,NA,NA,NA,NA,NA,NA,NA,NA,NA,NA,NA,NA,NA,NA,NA,1970-01-01,2019,NA,NA,NA,NA
"Van Jefferson","TEN","WR","14858","weighted",NA,NA,NA,NA,NA,NA,0.836011221627136,0.837150904983367,0,0,0.0374904361132364,0.0250066922886914,NA,NA,NA,NA,23.904376434583,10.4345801334734,298.033649579189,144.61152231146,1.68609028309105,0.721641537707108,NA,NA,NA,NA,NA,NA,NA,NA,NA,NA,NA,NA,NA,NA,NA,NA,NA,NA,NA,NA,NA,NA,NA,NA,1970-01-01,2020,NA,NA,NA,NA
"Curtis Samuel","BUF","WR","13157","weighted",NA,NA,NA,NA,NA,NA,24.6051330049261,10.3907715256729,0.0424687624789827,0.0864744687762034,0.0223152709359606,0.0171825247080365,NA,NA,NA,NA,26.5218719211823,8.72621693379211,272.769536945813,88.2466581453835,2.39979310344828,1.01932068369693,NA,NA,NA,NA,NA,NA,NA,NA,NA,NA,NA,NA,NA,NA,NA,NA,NA,NA,NA,NA,NA,NA,NA,NA,1996-08-11,2017,"Q","Hamstring",2025,0
"Greg Dortch","ARI","WR","14108","weighted",NA,NA,NA,NA,NA,NA,25.9096945812808,8.30508925348899,0.046978748606,0.0874653067017547,0.866108374384236,0.103095148248219,NA,NA,NA,NA,28.7981674876847,8.73396620734163,287.323221674877,85.7170186228328,1.94061083743842,1.10518897941826,NA,NA,NA,NA,NA,NA,NA,NA,NA,NA,NA,NA,NA,NA,NA,NA,NA,NA,NA,NA,NA,NA,NA,NA,1970-01-01,2019,NA,NA,NA,NA
"Demarcus Robinson","SF","WR","12785","weighted",NA,NA,NA,NA,NA,NA,1.43245320197044,1.35210091380997,0,0,0,0,NA,NA,NA,NA,15.0073399014778,8.1633381278542,225.633852216749,120.676204416934,1.84617733990148,1.26531622505823,NA,NA,NA,NA,NA,NA,NA,NA,NA,NA,NA,NA,NA,NA,NA,NA,NA,NA,NA,NA,NA,NA,NA,NA,NA,2016,"S","Suspension",2025,0
"Jalen McMillan","TB","WR","16628","weighted",NA,NA,NA,NA,NA,NA,12.0310488451344,11.3730281268167,0,0,0.342048466489966,0.309400434247398,NA,NA,NA,NA,20.6339341158652,5.55658176954456,256.580196895116,69.1398919100618,2.17338886785309,1.24226679779987,NA,NA,NA,NA,NA,NA,NA,NA,NA,NA,NA,NA,NA,NA,NA,NA,NA,NA,NA,NA,NA,NA,NA,NA,2001-12-07,2024,"D","Neck",2025,0
"Jake Bobo","SEA","WR","16393","weighted",NA,NA,NA,NA,NA,NA,0,0,0,0,0,0,NA,NA,NA,NA,19.5113485630066,11.199097376025,209.372778187178,124.31367862909,1.05400147383935,0.738095027632694,NA,NA,NA,NA,NA,NA,NA,NA,NA,NA,NA,NA,NA,NA,NA,NA,NA,NA,NA,NA,NA,NA,NA,NA,1998-08-04,2023,"Q","Concussion",2025,0
"Jamari Thrash","CLE","WR","16624","weighted",NA,NA,NA,NA,NA,NA,2.23244717109748,2.54254727846922,0,0,0.533588957055215,0.144450818904658,NA,NA,NA,NA,23.9234355828221,3.5632692047645,276.619734151329,56.6981384599125,0.803926380368098,0.728701508631294,NA,NA,NA,NA,NA,NA,NA,NA,NA,NA,NA,NA,NA,NA,NA,NA,NA,NA,NA,NA,NA,NA,NA,NA,2000-12-19,2024,NA,NA,NA,NA
"Luke McCaffrey","WAS","WR","16635","weighted",NA,NA,NA,NA,NA,NA,0.741518386714116,1.29062220889376,0,0,0.279092526690391,0.0663413158336733,NA,NA,NA,NA,18.7474614472123,6.89592950641535,194.640296559905,76.7615911786224,1.06960854092527,0.831681488766033,NA,NA,NA,NA,NA,NA,NA,NA,NA,NA,NA,NA,NA,NA,NA,NA,NA,NA,NA,NA,NA,NA,NA,NA,2001-04-02,2024,NA,NA,NA,NA
"David Moore","CAR","WR","13348","weighted",NA,NA,NA,NA,NA,NA,0,0,0,0,0,0,NA,NA,NA,NA,15.4163596168018,11.000922013838,173.596816507001,108.080210081588,1.15884075287532,0.983410352007994,NA,NA,NA,NA,NA,NA,NA,NA,NA,NA,NA,NA,NA,NA,NA,NA,NA,NA,NA,NA,NA,NA,NA,NA,1995-01-15,2017,NA,NA,NA,NA
"Nathaniel Dell","HOU","WR","16204","weighted",NA,NA,NA,NA,NA,NA,9.04659498207885,10.4206391058592,0,0,0,0,NA,NA,NA,NA,9.24741935483871,15.3968287851896,111.109677419355,184.996117723191,0.351612903225806,0.585430752288579,NA,NA,NA,NA,NA,NA,NA,NA,NA,NA,NA,NA,NA,NA,NA,NA,NA,NA,NA,NA,NA,NA,NA,NA,1999-10-29,2023,"O","Knee - ACL + MCL",2025,0
"KaVontae Turpin","DAL","WR","15981","weighted",NA,NA,NA,NA,NA,NA,64.5272360616845,26.782119812478,0.227603795966785,0.431563478525392,0.700355871886121,0.209319838825047,NA,NA,1,0,19.0598220640569,8.87701472548957,243.868268090154,112.624169953117,1.20633451957295,0.763400355645257,NA,NA,NA,NA,NA,NA,NA,NA,NA,NA,NA,NA,NA,NA,NA,NA,NA,NA,NA,NA,NA,NA,NA,NA,1996-08-02,2022,NA,NA,NA,NA
"K.J. Osborn","WAS","WR","14977","weighted",NA,NA,NA,NA,NA,NA,0,0,0,0,0,0,NA,NA,NA,NA,16.6625577812019,16.0513239329346,171.579599383667,194.652354725033,1.20563944530046,1.71826947828331,NA,NA,NA,NA,NA,NA,NA,NA,NA,NA,NA,NA,NA,NA,NA,NA,NA,NA,NA,NA,NA,NA,NA,NA,1970-01-01,2020,NA,NA,NA,NA
"Mack Hollins","NE","WR","13289","weighted",NA,NA,NA,NA,NA,NA,1.23716488730724,2.15111280025856,0,0,0,0,NA,NA,NA,NA,12.6304151838671,7.26359570114291,156.600676156584,92.7720727462566,1.42243179122183,0.873164179531647,NA,NA,NA,NA,NA,NA,NA,NA,NA,NA,NA,NA,NA,NA,NA,NA,NA,NA,NA,NA,NA,NA,NA,NA,1993-09-16,2017,NA,NA,NA,NA
"Xavier Hutchinson","HOU","WR","16201","weighted",NA,NA,NA,NA,NA,NA,0,0,0,0,0.0379513633014001,0.0247108453962253,NA,NA,NA,NA,14.3126897568165,9.21249704377132,162.643684598379,104.381790235983,0.702785556374355,0.925626982744747,NA,NA,NA,NA,NA,NA,NA,NA,NA,NA,NA,NA,NA,NA,NA,NA,NA,NA,NA,NA,NA,NA,NA,NA,2000-06-01,2023,NA,NA,NA,NA
"Zay Jones","ARI","WR","13176","weighted",NA,NA,NA,NA,NA,NA,4.51174377224199,5.35154180840399,0,0,0.159697508896797,0.0221137719445577,NA,NA,NA,NA,19.0106642941874,8.13549513932885,200.429584816133,76.3363590524816,0.983665480427046,0.670089632306013,NA,NA,NA,NA,NA,NA,NA,NA,NA,NA,NA,NA,NA,NA,NA,NA,NA,NA,NA,NA,NA,NA,NA,NA,1995-03-30,2017,NA,NA,NA,NA
"Kalif Raymond","DET","WR","13066","weighted",NA,NA,NA,NA,NA,NA,3.6650059311981,4.90528563796806,0,0,0.520956899960459,0.349296431935548,NA,NA,1,0,13.1122419928826,5.36423459958152,163.46881376038,75.5899072546213,1.25710557532622,0.408982225082339,NA,NA,NA,NA,NA,NA,NA,NA,NA,NA,NA,NA,NA,NA,NA,NA,NA,NA,NA,NA,NA,NA,NA,NA,1994-08-08,2016,NA,NA,NA,NA
"Anthony Miller","BAL","WR","13639","weighted",NA,NA,NA,NA,NA,NA,0,NA,0,NA,0,NA,NA,NA,NA,NA,25.31,NA,276.93,NA,2.58,NA,NA,NA,NA,NA,NA,NA,NA,NA,NA,NA,NA,NA,NA,NA,NA,NA,NA,NA,NA,NA,NA,NA,NA,NA,1994-10-09,2018,NA,NA,NA,NA
"Jalin Hyatt","NYG","WR","16183","weighted",NA,NA,NA,NA,NA,NA,0.301584377302874,0.469649473726723,0,0,0,0,NA,NA,NA,NA,15.3705379513633,3.92108479061896,183.846366985999,64.1035937916285,0.849196757553427,0.580673222313888,NA,NA,NA,NA,NA,NA,NA,NA,NA,NA,NA,NA,NA,NA,NA,NA,NA,NA,NA,NA,NA,NA,NA,NA,2001-09-25,2023,NA,NA,NA,NA
"Ben Skowronek","PIT","WR","15491","weighted",NA,NA,NA,NA,NA,NA,0,0,0,0,0,0,NA,NA,NA,NA,12.2337743190661,9.15370156080287,152.292879377432,115.300923091935,0.900233463035019,1.06144448202659,NA,NA,NA,NA,NA,NA,NA,NA,NA,NA,NA,NA,NA,NA,NA,NA,NA,NA,NA,NA,NA,NA,NA,NA,1970-01-01,2021,NA,NA,NA,NA
"KhaDarel Hodge","ATL","WR","13963","weighted",NA,NA,NA,NA,NA,NA,0,0,0,0,0.0403024911032029,0.0221137719445578,NA,NA,NA,NA,12.9570699881376,3.0537984142203,186.021304863582,55.7920548258069,0.981921708185053,0.178801716894981,NA,NA,NA,NA,NA,NA,NA,NA,NA,NA,NA,NA,NA,NA,NA,NA,NA,NA,NA,NA,NA,NA,NA,NA,1970-01-01,2018,NA,NA,NA,NA
"Jalen Royals","KC","WR","17086","weighted",NA,NA,NA,NA,NA,NA,3.58116883116883,4.142050122739,0,0,0,0,NA,NA,NA,NA,10.4371310507674,7.80475212143653,131.204840613932,111.38965542498,0.806965761511216,0.82513800316291,NA,NA,NA,NA,NA,NA,NA,NA,NA,NA,NA,NA,NA,NA,NA,NA,NA,NA,NA,NA,NA,NA,NA,NA,2003-02-18,2025,"Q","Knee",2025,0
"Jahan Dotson","PHI","WR","15755","weighted",NA,NA,NA,NA,NA,NA,2.16907473309609,2.28430627572608,0,0,0,0,NA,NA,NA,NA,16.6765836298932,5.34541236269286,202.14556346382,65.1224988503408,1.25272835112693,0.419793272446131,NA,NA,NA,NA,NA,NA,NA,NA,NA,NA,NA,NA,NA,NA,NA,NA,NA,NA,NA,NA,NA,NA,NA,NA,2000-03-22,2022,NA,NA,NA,NA
"Jermaine Burton","CIN","WR","16632","weighted",NA,NA,NA,NA,NA,NA,1.48303677342823,2.58124441778752,0,0,0.0403024911032029,0.0221137719445578,NA,NA,NA,NA,13.484709371293,5.16733991601886,187.120925266904,63.1182798408279,1.66650059311981,1.04995644401504,NA,NA,NA,NA,NA,NA,NA,NA,NA,NA,NA,NA,NA,NA,NA,NA,NA,NA,NA,NA,NA,NA,NA,NA,2001-06-28,2024,"Q","Knee",2025,0
"Chimere Dike","TEN","WR","17171","weighted",NA,NA,NA,NA,NA,NA,6.01218274111675,6.55573180751354,0,0,0.0334010152284264,0.0288381317587795,NA,NA,NA,NA,12.7899492385787,10.0333082107591,152.288324873096,125.788370449683,1.00203045685279,0.999491223574292,NA,NA,NA,NA,NA,NA,NA,NA,NA,NA,NA,NA,NA,NA,NA,NA,NA,NA,NA,NA,NA,NA,NA,NA,2001-12-14,2025,NA,NA,NA,NA
"Robert Woods","PIT","WR","11228","weighted",NA,NA,NA,NA,NA,NA,0,0,0,0,0.537566947207345,0.17504684602084,NA,NA,NA,NA,17.9106044376435,5.07185847827863,196.502693190513,61.676850744272,0.890237184391737,0.651353216263891,NA,NA,NA,NA,NA,NA,NA,NA,NA,NA,NA,NA,NA,NA,NA,NA,NA,NA,NA,NA,NA,NA,NA,NA,1992-04-10,2013,NA,NA,NA,NA
"Cedrick Wilson","NO","WR","13652","weighted",NA,NA,NA,NA,NA,NA,0,0,0,0,0,0,NA,NA,NA,NA,18.8214791987673,2.10717820793591,218.678828967643,34.6623744137646,1.30838212634823,0.29698484809835,NA,NA,NA,NA,NA,NA,NA,NA,NA,NA,NA,NA,NA,NA,NA,NA,NA,NA,NA,NA,NA,NA,NA,NA,NA,2018,NA,NA,NA,NA
"Tyler Johnson","NYJ","WR","14864","weighted",NA,NA,NA,NA,NA,NA,3.0231124807396,4.24264068711928,0,0,0.300770416024653,0.14142135623731,NA,NA,NA,NA,18.5272727272727,4.17193000900063,191.953620955316,49.8156727345923,0.979722650231125,0.96873629022557,NA,NA,NA,NA,NA,NA,NA,NA,NA,NA,NA,NA,NA,NA,NA,NA,NA,NA,NA,NA,NA,NA,NA,NA,1970-01-01,2020,NA,NA,NA,NA
"Trey Palmer","TB","WR","16199","weighted",NA,NA,NA,NA,NA,NA,0,0,0,0,0,0,NA,NA,NA,NA,13.1897996918336,5.54371716450253,167.416486902928,29.0974440458264,0.884684129429892,0.975807358037436,NA,NA,NA,NA,NA,NA,NA,NA,NA,NA,NA,NA,NA,NA,NA,NA,NA,NA,NA,NA,NA,NA,NA,NA,2001-04-02,2023,NA,NA,NA,NA
"Skyy Moore","SF","WR","15766","weighted",NA,NA,NA,NA,NA,NA,0,NA,0,NA,0,NA,NA,NA,NA,NA,15.46,NA,185.2,NA,1.38,NA,NA,NA,NA,NA,NA,NA,NA,NA,NA,NA,NA,NA,NA,NA,NA,NA,NA,NA,NA,NA,NA,NA,NA,NA,2000-09-10,2022,NA,NA,NA,NA
"Arian Smith","NYJ","WR","17175","weighted",NA,NA,NA,NA,NA,NA,2.3301140544518,3.28904037234147,0,0,0,0,NA,NA,NA,NA,6.99926416482708,6.04692186507078,88.8270787343635,74.1583056880174,0.242089771891096,0.494987067979943,NA,NA,NA,NA,NA,NA,NA,NA,NA,NA,NA,NA,NA,NA,NA,NA,NA,NA,NA,NA,NA,NA,NA,NA,2001-10-11,2025,NA,NA,NA,NA
"Hunter Renfrow","CAR","WR","14123","weighted",NA,NA,NA,NA,NA,NA,-0.836011221627136,0.837150904983367,0,0,0.437566947207345,0.17504684602084,NA,NA,NA,NA,9.22530986993114,6.25226422340471,90.3338026013772,62.8433909613637,0.234901459625712,0.414958871256709,NA,NA,NA,NA,NA,NA,NA,NA,NA,NA,NA,NA,NA,NA,NA,NA,NA,NA,NA,NA,NA,NA,NA,NA,1970-01-01,2019,NA,NA,NA,NA
"A.T. Perry","DEN","WR","16196","weighted",NA,NA,NA,NA,NA,NA,0,0,0,0,0,0,NA,NA,NA,NA,7.58012326656394,8.23779400082328,105.71374422188,99.3555738245218,1.01676425269646,0.5939696961967,NA,NA,NA,NA,NA,NA,NA,NA,NA,NA,NA,NA,NA,NA,NA,NA,NA,NA,NA,NA,NA,NA,NA,NA,1999-10-26,2023,NA,NA,NA,NA
"Simi Fehoko","ARI","WR","15303","weighted",NA,NA,NA,NA,NA,NA,0,NA,0,NA,0,NA,NA,NA,NA,NA,13.6,NA,163.63,NA,1.23,NA,NA,NA,NA,NA,NA,NA,NA,NA,NA,NA,NA,NA,NA,NA,NA,NA,NA,NA,NA,NA,NA,NA,NA,NA,NA,2021,NA,NA,NA,NA
"Tylan Wallace","BAL","WR","15285","weighted",NA,NA,NA,NA,NA,NA,1.21223286661754,2.47622224742741,0,0,0,0,NA,NA,NA,NA,9.36988946204864,2.98244621630662,123.924509948416,37.3945675452734,0.668297715549005,0.678083776672968,NA,NA,NA,NA,NA,NA,NA,NA,NA,NA,NA,NA,NA,NA,NA,NA,NA,NA,NA,NA,NA,NA,NA,NA,1970-01-01,2021,NA,NA,NA,NA
"Jalen Reagor","LAC","WR","14839","weighted",NA,NA,NA,NA,NA,NA,-1.96502311248074,2.75771644662754,0,0,1.1,3.14027811291764e-16,NA,NA,NA,NA,4.43389830508475,6.22253967444162,80.1124807395994,112.429978208661,0,0,NA,NA,NA,NA,NA,NA,NA,NA,NA,NA,NA,NA,NA,NA,NA,NA,NA,NA,NA,NA,NA,NA,NA,NA,1970-01-01,2020,NA,NA,NA,NA
"Scott Miller","PIT","WR","14280","weighted",NA,NA,NA,NA,NA,NA,1,NA,0,NA,0,NA,NA,NA,NA,NA,11.3,NA,152,NA,0,NA,NA,NA,NA,NA,NA,NA,NA,NA,NA,NA,NA,NA,NA,NA,NA,NA,NA,NA,NA,NA,NA,NA,NA,NA,1970-01-01,2019,NA,NA,NA,NA
"Russell Gage","SF","WR","13809","weighted",NA,NA,NA,NA,NA,NA,0,NA,0,NA,0,NA,NA,NA,NA,NA,12.99,NA,145.36,NA,1.02,NA,NA,NA,NA,NA,NA,NA,NA,NA,NA,NA,NA,NA,NA,NA,NA,NA,NA,NA,NA,NA,NA,NA,NA,NA,1996-01-22,2018,"Q","Knee - MCL",2025,0
"Malachi Corley","NYJ","WR","16636","weighted",NA,NA,NA,NA,NA,NA,10.3205814843152,14.1655495705853,0.00629303749043611,0.0125287203795034,0.0374904361132364,0.0250066922886914,NA,NA,NA,NA,9.71527161438409,4.64251425153336,96.8897781178271,59.18712176609,0.717781178270849,0.482648058309401,NA,NA,NA,NA,NA,NA,NA,NA,NA,NA,NA,NA,NA,NA,NA,NA,NA,NA,NA,NA,NA,NA,NA,NA,2002-03-21,2024,NA,NA,NA,NA
"Casey Washington","ATL","WR","16760","weighted",NA,NA,NA,NA,NA,NA,0,0,0,0,0,0,NA,NA,NA,NA,11.2761290322581,1.82433549546129,135.57935483871,7.97616449178426,1,0,NA,NA,NA,NA,NA,NA,NA,NA,NA,NA,NA,NA,NA,NA,NA,NA,NA,NA,NA,NA,NA,NA,NA,NA,2001-03-06,2024,NA,NA,NA,NA
"Lil'Jordan Humphrey","NYG","WR","14118","weighted",NA,NA,NA,NA,NA,NA,0,0,0,0,0.333588957055215,0.144450818904658,NA,NA,NA,NA,6.22719836400818,7.5376302363234,61.9458077709611,72.0568342639708,0,0,NA,NA,NA,NA,NA,NA,NA,NA,NA,NA,NA,NA,NA,NA,NA,NA,NA,NA,NA,NA,NA,NA,NA,NA,1970-01-01,2019,NA,NA,NA,NA
"Malik Heath","GB","WR","16413","weighted",NA,NA,NA,NA,NA,NA,0,NA,0,NA,0,NA,NA,NA,NA,NA,12.55,NA,139.85,NA,1.18,NA,NA,NA,NA,NA,NA,NA,NA,NA,NA,NA,NA,NA,NA,NA,NA,NA,NA,NA,NA,NA,NA,NA,NA,NA,2000-03-03,2023,NA,NA,NA,NA
"Ainias Smith","PHI","WR","16686","weighted",NA,NA,NA,NA,NA,NA,0.636186770428016,1.1424322218126,0,0,0,0,NA,NA,NA,NA,7.5174513618677,4.59709792898849,69.6891634241245,59.3390710244486,0.580972762645914,0.424375349146892,NA,NA,NA,NA,NA,NA,NA,NA,NA,NA,NA,NA,NA,NA,NA,NA,NA,NA,NA,NA,NA,NA,NA,NA,2001-05-31,2024,NA,NA,NA,NA
"Bub Means","NO","WR","16751","weighted",NA,NA,NA,NA,NA,NA,0,0,0,0,0,0,NA,NA,NA,NA,5.39121725731895,7.56604255869606,63.9892141756549,89.8025612106915,0.503852080123267,0.707106781186547,NA,NA,NA,NA,NA,NA,NA,NA,NA,NA,NA,NA,NA,NA,NA,NA,NA,NA,NA,NA,NA,NA,NA,NA,2001-01-10,2024,"IR","Lower Leg",2025,0
"Justin Watson","HOU","WR","13776","weighted",NA,NA,NA,NA,NA,NA,0,0,0,0,0,0,NA,NA,NA,NA,8.70206471494607,3.13248304065641,107.568104776579,26.2690169210802,0.756887519260401,0.346482322781408,NA,NA,NA,NA,NA,NA,NA,NA,NA,NA,NA,NA,NA,NA,NA,NA,NA,NA,NA,NA,NA,NA,NA,NA,NA,2018,NA,NA,NA,NA
"Savion Williams","GB","WR","17096","weighted",NA,NA,NA,NA,NA,NA,13.346192893401,11.8531193983275,0.004073294540052,0.00704443734174188,0,0,NA,NA,NA,NA,6.01218274111675,5.56356041362845,70.1421319796954,63.783514518356,0.668020304568528,0.576762635175589,NA,NA,NA,NA,NA,NA,NA,NA,NA,NA,NA,NA,NA,NA,NA,NA,NA,NA,NA,NA,NA,NA,NA,NA,2001-11-22,2025,"Q","Hamstring",2025,0
"Erik Ezukanma","MIA","WR","15780","weighted",NA,NA,NA,NA,NA,NA,0,NA,0,NA,0,NA,NA,NA,NA,NA,10.83,NA,120.74,NA,0.79,NA,NA,NA,NA,NA,NA,NA,NA,NA,NA,NA,NA,NA,NA,NA,NA,NA,NA,NA,NA,NA,NA,NA,NA,NA,2000-01-25,2022,NA,NA,NA,NA
"Jaylin Lane","WAS","WR","17184","weighted",NA,NA,NA,NA,NA,NA,13,NA,0,NA,0.1,NA,NA,NA,NA,NA,10,NA,120,NA,1,NA,NA,NA,NA,NA,NA,NA,NA,NA,NA,NA,NA,NA,NA,NA,NA,NA,NA,NA,NA,NA,NA,NA,NA,NA,2002-05-01,2025,NA,NA,NA,NA
"Derius Davis","LAC","WR","16299","weighted",NA,NA,NA,NA,NA,NA,26.6289211935731,23.7569339176879,0.0125860749808722,0.0250574407590068,0.517368018362663,0.409443835050098,NA,NA,1,0,5.6885233358837,7.52347994541171,43.1277735271614,47.4965327320281,0.413351185921959,0.614065326988032,NA,NA,NA,NA,NA,NA,NA,NA,NA,NA,NA,NA,NA,NA,NA,NA,NA,NA,NA,NA,NA,NA,NA,NA,2000-09-11,2023,NA,NA,NA,NA
"Chris Blair","ATL","WR","16499","weighted",NA,NA,NA,NA,NA,NA,0,NA,0,NA,0,NA,NA,NA,NA,NA,9.42,NA,106.15,NA,0.73,NA,NA,NA,NA,NA,NA,NA,NA,NA,NA,NA,NA,NA,NA,NA,NA,NA,NA,NA,NA,NA,NA,NA,NA,NA,1997-10-06,2021,NA,NA,NA,NA
"Devontez Walker","BAL","WR","16621","weighted",NA,NA,NA,NA,NA,NA,5.69427402862986,6.01666274118992,0,0,0,0,NA,NA,NA,NA,4.87028629856851,3.11770270116245,64.9219018404908,48.8935206576151,0.643619631901841,0.408020457599003,NA,NA,NA,NA,NA,NA,NA,NA,NA,NA,NA,NA,NA,NA,NA,NA,NA,NA,NA,NA,NA,NA,NA,NA,2001-06-19,2024,NA,NA,NA,NA
"Xavier Restrepo","TEN","WR","17077","weighted",NA,NA,NA,NA,NA,NA,2,NA,0,NA,0,NA,NA,NA,NA,NA,10,NA,105,NA,1,NA,NA,NA,NA,NA,NA,NA,NA,NA,NA,NA,NA,NA,NA,NA,NA,NA,NA,NA,NA,NA,NA,NA,NA,NA,2002-04-12,2025,NA,NA,NA,NA
"Brandon Johnson","PIT","WR","15987","weighted",NA,NA,NA,NA,NA,NA,0,0,0,0,0,0,NA,NA,NA,NA,3.72850539291217,5.23259018078045,52.904468412943,74.2462120245875,0,0,NA,NA,NA,NA,NA,NA,NA,NA,NA,NA,NA,NA,NA,NA,NA,NA,NA,NA,NA,NA,NA,NA,NA,NA,1998-07-26,2022,"Q","Foot",2025,0
"Jamal Agnew","ATL","WR","13308","weighted",NA,NA,NA,NA,NA,NA,0,0,0,0,0.0332822085889571,0.0288901637809316,NA,NA,NA,NA,4.68134969325153,4.98902435312235,49.1435378323108,51.2234777238334,0.289734151329243,0.506498491964684,NA,NA,NA,NA,NA,NA,NA,NA,NA,NA,NA,NA,NA,NA,NA,NA,NA,NA,NA,NA,NA,NA,NA,NA,NA,2017,"Q","Oblique",2025,0
"John Metchie","PHI","WR","15759","weighted",NA,NA,NA,NA,NA,NA,0,0,0,0,0,0,NA,NA,NA,NA,7.98924731182796,1.4142135623731,87.0217204301075,21.4748329446355,0.5699157631273,0.223984859557439,NA,NA,NA,NA,NA,NA,NA,NA,NA,NA,NA,NA,NA,NA,NA,NA,NA,NA,NA,NA,NA,NA,NA,NA,2000-07-18,2022,NA,NA,NA,NA
"Sterling Shepard","TB","WR","12658","weighted",NA,NA,NA,NA,NA,NA,5.08388520971303,6.07702530519748,0,0,0,0,NA,NA,NA,NA,7.89492273730684,2.00697824014766,80.4034289919058,22.4835947080024,0.797221923279438,0.269394875138481,NA,NA,NA,NA,NA,NA,NA,NA,NA,NA,NA,NA,NA,NA,NA,NA,NA,NA,NA,NA,NA,NA,NA,NA,NA,2016,NA,NA,NA,NA
"Charlie Jones","CIN","WR","16203","weighted",NA,NA,NA,NA,NA,NA,1.00770416024653,1.41421356237309,0,0,0,0,NA,NA,NA,NA,6.90067796610169,1.71119841047144,75.7218798151002,28.1074945521653,0.317534668721109,0.45254833995939,NA,NA,NA,NA,NA,NA,NA,NA,NA,NA,NA,NA,NA,NA,NA,NA,NA,NA,NA,NA,NA,NA,NA,NA,1998-10-29,2023,NA,NA,NA,NA
"Xavier Gipson","NYJ","WR","16416","weighted",NA,NA,NA,NA,NA,NA,1.68200408997955,2.8933830347678,0,0,0.501022494887526,0.501540058782127,NA,NA,1,0,3.75910020449898,3.51806317037418,41.6482617586912,46.7197792784395,0.0892978868438991,0.101701891138769,NA,NA,NA,NA,NA,NA,NA,NA,NA,NA,NA,NA,NA,NA,NA,NA,NA,NA,NA,NA,NA,NA,NA,NA,2001-03-08,2023,"Q","Shoulder",2025,0
"Tim Jones","MIN","WR","16005","weighted",NA,NA,NA,NA,NA,NA,0,0,0,0,0.1,0,NA,NA,NA,NA,7.57870967741936,0.827314933988261,82.8645161290323,11.2429978208661,0.380860215053763,0.544472221513642,NA,NA,NA,NA,NA,NA,NA,NA,NA,NA,NA,NA,NA,NA,NA,NA,NA,NA,NA,NA,NA,NA,NA,NA,1998-05-16,2021,NA,NA,NA,NA
"Trent Sherfield","DEN","WR","13893","weighted",NA,NA,NA,NA,NA,NA,0,0,0,0,0,0,NA,NA,NA,NA,5.59275808936826,7.84888527117068,45.346687211094,63.6396103067893,0.655007704160247,0.919238815542512,NA,NA,NA,NA,NA,NA,NA,NA,NA,NA,NA,NA,NA,NA,NA,NA,NA,NA,NA,NA,NA,NA,NA,NA,1970-01-01,2018,NA,NA,NA,NA
"Mason Tipton","NO","WR","16858","weighted",NA,NA,NA,NA,NA,NA,0,0,0,0,0,0,NA,NA,NA,NA,5.74391371340524,8.06101730552664,42.8274268104777,60.1040764008565,0,0,NA,NA,NA,NA,NA,NA,NA,NA,NA,NA,NA,NA,NA,NA,NA,NA,NA,NA,NA,NA,NA,NA,NA,NA,2000-09-27,2024,NA,NA,NA,NA
"Jonathan Mingo","DAL","WR","16197","weighted",NA,NA,NA,NA,NA,NA,9.8227675528289,11.1872080252646,0,0,0.400306748466258,0.17334098268559,NA,NA,NA,NA,4.49059304703477,4.2137675119869,48.9468302658487,42.9598239116929,0,0,NA,NA,NA,NA,NA,NA,NA,NA,NA,NA,NA,NA,NA,NA,NA,NA,NA,NA,NA,NA,NA,NA,NA,NA,2001-04-20,2023,"D","Knee - PCL",2025,0
"Jacob Cowing","SF","WR","16640","weighted",NA,NA,NA,NA,NA,NA,7.557781201849,10.6066017177982,0,0,0,0,NA,NA,NA,NA,2.62003081664099,3.67695526217005,40.3081664098613,56.5685424949238,0,0,NA,NA,NA,NA,NA,NA,NA,NA,NA,NA,NA,NA,NA,NA,NA,NA,NA,NA,NA,NA,NA,NA,NA,NA,2001-02-04,2024,"Q","Hamstring",2025,0
"Mecole Hardman","GB","WR","14113","weighted",NA,NA,NA,NA,NA,NA,0,NA,0,NA,1,NA,NA,NA,NA,NA,6.89,NA,78.66,NA,0.63,NA,NA,NA,NA,NA,NA,NA,NA,NA,NA,NA,NA,NA,NA,NA,NA,NA,NA,NA,NA,NA,NA,NA,NA,NA,1970-01-01,2019,NA,NA,NA,NA
"Tyquan Thornton","KC","WR","15787","weighted",NA,NA,NA,NA,NA,NA,0,0,0,0,0,0,NA,NA,NA,NA,3.03225806451613,4.24264068711928,38.4086021505376,53.7401153701776,0.505376344086022,0.707106781186548,NA,NA,NA,NA,NA,NA,NA,NA,NA,NA,NA,NA,NA,NA,NA,NA,NA,NA,NA,NA,NA,NA,NA,NA,2000-09-07,2022,NA,NA,NA,NA
"D'Wayne Eskridge","MIA","WR","15302","weighted",NA,NA,NA,NA,NA,NA,0,0,0,0,0,0,NA,NA,NA,NA,4.01084745762712,4.43355951803965,42.1277966101695,47.2135197798258,0.257996918335901,0.367695526217005,NA,NA,NA,NA,NA,NA,NA,NA,NA,NA,NA,NA,NA,NA,NA,NA,NA,NA,NA,NA,NA,NA,NA,NA,1970-01-01,2021,NA,NA,NA,NA
"Bo Melton","GB","WR","15785","weighted",NA,NA,NA,NA,NA,NA,0,0,0,0,0,0,NA,NA,NA,NA,5.54202567760342,0.834386001800126,72.2907560627675,1.9869700551342,0.252639087018545,0.388908729652601,NA,NA,NA,NA,NA,NA,NA,NA,NA,NA,NA,NA,NA,NA,NA,NA,NA,NA,NA,NA,NA,NA,NA,NA,1999-05-18,2022,NA,NA,NA,NA
"Dante Pettis","NO","WR","13634","weighted",NA,NA,NA,NA,NA,NA,6.56989247311828,9.19238815542512,0,0,0,0,NA,NA,NA,NA,3.03225806451613,4.24264068711928,35.8817204301075,50.2045814642449,0,0,NA,NA,NA,NA,NA,NA,NA,NA,NA,NA,NA,NA,NA,NA,NA,NA,NA,NA,NA,NA,NA,NA,NA,NA,1995-10-23,2018,NA,NA,NA,NA
"Maurice Alexander","CHI","WR","16066","weighted",NA,NA,NA,NA,NA,NA,0,NA,0,NA,0,NA,NA,NA,NA,NA,6.38,NA,70.36,NA,0.42,NA,NA,NA,NA,NA,NA,NA,NA,NA,NA,NA,NA,NA,NA,NA,NA,NA,NA,NA,NA,NA,NA,NA,NA,NA,1997-01-10,2021,NA,NA,NA,NA
"Tyler Scott","CHI","WR","16205","weighted",NA,NA,NA,NA,NA,NA,-0.403081664098613,0.565685424949238,0,0,0,0,NA,NA,NA,NA,6.56681047765794,0.332340187157677,66.6819414483821,2.3970919882224,0.198459167950693,0.282842712474619,NA,NA,NA,NA,NA,NA,NA,NA,NA,NA,NA,NA,NA,NA,NA,NA,NA,NA,NA,NA,NA,NA,NA,NA,2001-10-12,2023,NA,NA,NA,NA
"Irvin Charles","NYJ","WR","15984","weighted",NA,NA,NA,NA,NA,NA,0,NA,0,NA,0,NA,NA,NA,NA,NA,6.17,NA,66.03,NA,0.43,NA,NA,NA,NA,NA,NA,NA,NA,NA,NA,NA,NA,NA,NA,NA,NA,NA,NA,NA,NA,NA,NA,NA,NA,NA,1997-04-13,2022,"O","Knee - ACL",2025,0
"Devin Duvernay","CHI","WR","14847","weighted",NA,NA,NA,NA,NA,NA,1.38312883435583,4.13609845895625,0,0,0.501022494887526,0.501540058782127,NA,NA,1,0,4.98364008179959,2.64920546649154,40.5456441717791,21.7966441367498,0.195389481785187,0.257850687117374,NA,NA,NA,NA,NA,NA,NA,NA,NA,NA,NA,NA,NA,NA,NA,NA,NA,NA,NA,NA,NA,NA,NA,NA,1970-01-01,2020,"Q","Undisclosed",2025,0
"Xavier Weaver","ARI","WR","16634","weighted",NA,NA,NA,NA,NA,NA,0,NA,0,NA,0,NA,NA,NA,NA,NA,5.16,NA,61.39,NA,0.48,NA,NA,NA,NA,NA,NA,NA,NA,NA,NA,NA,NA,NA,NA,NA,NA,NA,NA,NA,NA,NA,NA,NA,NA,NA,2000-10-12,2024,NA,NA,NA,NA
"Tez Johnson","TB","WR","17079","weighted",NA,NA,NA,NA,NA,NA,0,NA,0,NA,0,NA,NA,NA,NA,NA,5,NA,60,NA,0,NA,NA,NA,NA,NA,NA,NA,NA,NA,NA,NA,NA,NA,NA,NA,NA,NA,NA,NA,NA,NA,NA,NA,NA,NA,2002-05-18,2025,NA,NA,NA,NA
"DeAndre Carter","CLE","WR","12394","weighted",NA,NA,NA,NA,NA,NA,3.00914634146341,4.24264068711928,0,0,0.501524390243902,0.707106781186548,NA,NA,NA,NA,3.25838414634146,3.88908729652601,31.5868902439024,40.3050865276332,0,0,NA,NA,NA,NA,NA,NA,NA,NA,NA,NA,NA,NA,NA,NA,NA,NA,NA,NA,NA,NA,NA,NA,NA,NA,1993-04-10,2015,NA,NA,NA,NA
"Xavier Smith","LAR","WR","16428","weighted",NA,NA,NA,NA,NA,NA,6.55007704160247,9.19238815542512,0,0,0.124036979969183,0.176776695296637,NA,NA,NA,NA,2.51926040061633,3.53553390593274,28.2157164869029,39.5979797464467,0,0,NA,NA,NA,NA,NA,NA,NA,NA,NA,NA,NA,NA,NA,NA,NA,NA,NA,NA,NA,NA,NA,NA,NA,NA,1997-09-21,2023,NA,NA,NA,NA
"Ryan Flournoy","DAL","WR","16778","weighted",NA,NA,NA,NA,NA,NA,1.5115562403698,2.12132034355964,0,0,1.05269645608629,0.494974746830583,NA,NA,NA,NA,3.62773497688752,5.09116882454314,24.6887519260401,34.6482322781408,0,0,NA,NA,NA,NA,NA,NA,NA,NA,NA,NA,NA,NA,NA,NA,NA,NA,NA,NA,NA,NA,NA,NA,NA,NA,1999-10-27,2024,NA,NA,NA,NA
"David Bell","CLE","WR","15758","weighted",NA,NA,NA,NA,NA,NA,0.1,NA,0,NA,0,NA,NA,NA,NA,NA,5.3,NA,45,NA,0.2,NA,NA,NA,NA,NA,NA,NA,NA,NA,NA,NA,NA,NA,NA,NA,NA,NA,NA,NA,NA,NA,NA,NA,NA,NA,2000-12-14,2022,"O","Hip",2025,0
"Tommy Mellott","LVR","WR","17238","weighted",NA,NA,NA,NA,NA,NA,24,NA,0,NA,0,NA,NA,NA,NA,NA,4,NA,44,NA,0,NA,NA,NA,NA,NA,NA,NA,NA,NA,NA,NA,NA,NA,NA,NA,NA,NA,NA,NA,NA,NA,NA,NA,NA,NA,NA,2025,NA,NA,NA,NA
"Kendric Pryor","CIN","WR","16015","weighted",NA,NA,NA,NA,NA,NA,0,NA,0,NA,0,NA,NA,NA,NA,NA,3.9,NA,42.8,NA,0.34,NA,NA,NA,NA,NA,NA,NA,NA,NA,NA,NA,NA,NA,NA,NA,NA,NA,NA,NA,NA,NA,NA,NA,NA,NA,1998-01-06,2022,NA,NA,NA,NA
"Isaiah Williams","CIN","WR","16630","weighted",NA,NA,NA,NA,NA,NA,0,NA,0,NA,0,NA,NA,NA,NA,NA,3.9,NA,42.34,NA,0.34,NA,NA,NA,NA,NA,NA,NA,NA,NA,NA,NA,NA,NA,NA,NA,NA,NA,NA,NA,NA,NA,NA,NA,NA,NA,2001-01-29,2024,NA,NA,NA,NA
"Trishton Jackson","ARI","WR","14859","weighted",NA,NA,NA,NA,NA,NA,0,NA,0,NA,0,NA,NA,NA,NA,NA,3.43,NA,40.65,NA,0.34,NA,NA,NA,NA,NA,NA,NA,NA,NA,NA,NA,NA,NA,NA,NA,NA,NA,NA,NA,NA,NA,NA,NA,NA,NA,NA,2020,"IR","Thumb",2025,0
"Austin Trammell","JAC","WR","16120","weighted",NA,NA,NA,NA,NA,NA,0,0,0,0,0,0,NA,NA,NA,NA,0.403081664098613,0.565685424949238,7.557781201849,10.6066017177982,0,0,NA,NA,NA,NA,NA,NA,NA,NA,NA,NA,NA,NA,NA,NA,NA,NA,NA,NA,NA,NA,NA,NA,NA,NA,1998-07-04,2021,NA,NA,NA,NA
"Jalen Brooks","DAL","WR","16364","weighted",NA,NA,NA,NA,NA,NA,0,NA,0,NA,0,NA,NA,NA,NA,NA,3.43,NA,39.4,NA,0.24,NA,NA,NA,NA,NA,NA,NA,NA,NA,NA,NA,NA,NA,NA,NA,NA,NA,NA,NA,NA,NA,NA,NA,NA,NA,2000-05-07,2023,NA,NA,NA,NA
"Bryce Oliver","TEN","WR","16975","weighted",NA,NA,NA,NA,NA,NA,0,NA,0,NA,0,NA,NA,NA,NA,NA,0,NA,0,NA,0,NA,NA,NA,NA,NA,NA,NA,NA,NA,NA,NA,NA,NA,NA,NA,NA,NA,NA,NA,NA,NA,NA,NA,NA,NA,2000-05-19,2024,NA,NA,NA,NA
"Dareke Young","SEA","WR","15941","weighted",NA,NA,NA,NA,NA,NA,0,NA,0,NA,0,NA,NA,NA,NA,NA,3.26,NA,37.69,NA,0.21,NA,NA,NA,NA,NA,NA,NA,NA,NA,NA,NA,NA,NA,NA,NA,NA,NA,NA,NA,NA,NA,NA,NA,NA,NA,1999-06-04,2022,NA,NA,NA,NA
"Cody White","SEA","WR","15589","weighted",NA,NA,NA,NA,NA,NA,0,NA,0,NA,0,NA,NA,NA,NA,NA,3.27,NA,37.64,NA,0.21,NA,NA,NA,NA,NA,NA,NA,NA,NA,NA,NA,NA,NA,NA,NA,NA,NA,NA,NA,NA,NA,NA,NA,NA,NA,1998-11-28,2020,NA,NA,NA,NA
"Jordan Watkins","SF","WR","17192","weighted",NA,NA,NA,NA,NA,NA,10.6883248730964,14.3668333429879,0.0111336717428088,0.0192547954007611,0,0,NA,NA,NA,NA,1.73644670050761,1.41783437802146,23.038578680203,16.8069645981376,0.0122572532948354,0.0211979398907462,NA,NA,NA,NA,NA,NA,NA,NA,NA,NA,NA,NA,NA,NA,NA,NA,NA,NA,NA,NA,NA,NA,NA,NA,2002-02-15,2025,"Q","Ankle",2025,0
"Terrace Marshall","PHI","WR","15308","weighted",NA,NA,NA,NA,NA,NA,0,0,0,0,0.4,7.85069528229409e-17,NA,NA,NA,NA,2.36810477657935,3.32340187157677,17.6348228043143,24.7487373415292,0,0,NA,NA,NA,NA,NA,NA,NA,NA,NA,NA,NA,NA,NA,NA,NA,NA,NA,NA,NA,NA,NA,NA,NA,NA,2000-06-09,2021,NA,NA,NA,NA
"Steven Sims","SEA","WR","14613","weighted",NA,NA,NA,NA,NA,NA,0,NA,0,NA,0,NA,NA,NA,NA,NA,3.37,NA,33.99,NA,0.21,NA,NA,NA,NA,NA,NA,NA,NA,NA,NA,NA,NA,NA,NA,NA,NA,NA,NA,NA,NA,NA,NA,NA,NA,NA,1970-01-01,2019,"Q","Hamstring",2025,0
"Brycen Tremayne","CAR","WR","16949","weighted",NA,NA,NA,NA,NA,NA,0,NA,0,NA,0,NA,NA,NA,NA,NA,3.04,NA,33.76,NA,0.17,NA,NA,NA,NA,NA,NA,NA,NA,NA,NA,NA,NA,NA,NA,NA,NA,NA,NA,NA,NA,NA,NA,NA,NA,NA,1999-11-18,2023,NA,NA,NA,NA
"Ihmir Smith-Marsette","NYG","WR","15434","weighted",NA,NA,NA,NA,NA,NA,16.1232665639445,22.6274169979695,0.100770416024653,0.14142135623731,0.124036979969183,0.176776695296637,NA,NA,NA,NA,3.17426810477658,4.45477272147525,14.1078582434515,19.7989898732233,0,0,NA,NA,NA,NA,NA,NA,NA,NA,NA,NA,NA,NA,NA,NA,NA,NA,NA,NA,NA,NA,NA,NA,NA,NA,1970-01-01,2021,NA,NA,NA,NA
"Mason Kinsey","TEN","WR","15535","weighted",NA,NA,NA,NA,NA,NA,0,0,0,0,0,0,NA,NA,NA,NA,1.41078582434515,1.97989898732233,11.5885978428351,16.2634559672906,0,0,NA,NA,NA,NA,NA,NA,NA,NA,NA,NA,NA,NA,NA,NA,NA,NA,NA,NA,NA,NA,NA,NA,NA,NA,1998-08-29,2020,NA,NA,NA,NA
"Anthony Gould","IND","WR","16732","weighted",NA,NA,NA,NA,NA,NA,0,NA,0,NA,0,NA,NA,NA,NA,NA,0,NA,0,NA,0,NA,NA,NA,NA,NA,NA,NA,NA,NA,NA,NA,NA,NA,NA,NA,NA,NA,NA,NA,NA,NA,NA,NA,NA,NA,2001-04-06,2024,NA,NA,NA,NA
"Britain Covey","LAR","WR","15772","weighted",NA,NA,NA,NA,NA,NA,0,NA,0,NA,0,NA,NA,NA,NA,NA,0,NA,0,NA,0,NA,NA,NA,NA,NA,NA,NA,NA,NA,NA,NA,NA,NA,NA,NA,NA,NA,NA,NA,NA,NA,NA,NA,NA,NA,NA,2022,NA,NA,NA,NA
"Ashton Dulin","IND","WR","14315","weighted",NA,NA,NA,NA,NA,NA,13.1001540832049,18.3847763108502,0,0,0.0751926040061633,0.0353553390593274,NA,NA,NA,NA,0.859876733436055,0.940452018978108,11.1026194144838,8.69741340859454,0.185115562403698,0.0212132034355964,NA,NA,NA,NA,NA,NA,NA,NA,NA,NA,NA,NA,NA,NA,NA,NA,NA,NA,NA,NA,NA,NA,NA,NA,NA,2019,"Q","Concussion",2025,0
"Kevin Austin","NO","WR","15765","weighted",NA,NA,NA,NA,NA,NA,0,NA,0,NA,0,NA,NA,NA,NA,NA,0,NA,0,NA,0,NA,NA,NA,NA,NA,NA,NA,NA,NA,NA,NA,NA,NA,NA,NA,NA,NA,NA,NA,NA,NA,NA,NA,NA,NA,2000-03-30,2022,NA,NA,NA,NA
"Chris Moore","WAS","WR","12773","weighted",NA,NA,NA,NA,NA,NA,0,NA,0,NA,0,NA,NA,NA,NA,NA,0,NA,0,NA,0,NA,NA,NA,NA,NA,NA,NA,NA,NA,NA,NA,NA,NA,NA,NA,NA,NA,NA,NA,NA,NA,NA,NA,NA,NA,1993-06-16,2016,NA,NA,NA,NA
"Braxton Berrios","HOU","WR","13638","weighted",NA,NA,NA,NA,NA,NA,0,NA,0,NA,0,NA,NA,NA,NA,NA,0,NA,0,NA,0,NA,NA,NA,NA,NA,NA,NA,NA,NA,NA,NA,NA,NA,NA,NA,NA,NA,NA,NA,NA,NA,NA,NA,NA,NA,1995-10-06,2018,NA,NA,NA,NA
"Trenton Irwin","JAC","WR","14551","weighted",NA,NA,NA,NA,NA,NA,1,NA,0,NA,0,NA,NA,NA,NA,NA,2,NA,9,NA,0,NA,NA,NA,NA,NA,NA,NA,NA,NA,NA,NA,NA,NA,NA,NA,NA,NA,NA,NA,NA,NA,NA,NA,NA,NA,1995-12-10,2019,NA,NA,NA,NA
"Nikko Remigio","KC","WR","16422","weighted",NA,NA,NA,NA,NA,NA,0,NA,0,NA,0,NA,NA,NA,NA,NA,0,NA,0,NA,0,NA,NA,NA,NA,NA,NA,NA,NA,NA,NA,NA,NA,NA,NA,NA,NA,NA,NA,NA,NA,NA,NA,NA,NA,NA,1999-11-04,2023,NA,NA,NA,NA
"Trent Taylor","SF","WR","13316","weighted",NA,NA,NA,NA,NA,NA,-0.201540832049307,0.282842712474619,0,0,0,0,NA,NA,NA,NA,0.251926040061633,0.353553390593274,2.51926040061633,3.53553390593274,0,0,NA,NA,NA,NA,NA,NA,NA,NA,NA,NA,NA,NA,NA,NA,NA,NA,NA,NA,NA,NA,NA,NA,NA,NA,1994-04-30,2017,"IR","Undisclosed",2025,0
"Brock Bowers","LVR","TE","16641","weighted",NA,NA,NA,NA,NA,NA,11.6328663385081,5.3427346721225,0,0,0.357582355168497,0.310128010347687,NA,NA,NA,NA,106.372472548277,4.98337150687431,1132.39940931465,49.2491371802058,6.10834492372856,0.715038428807159,NA,NA,NA,NA,NA,NA,NA,NA,NA,NA,NA,NA,NA,NA,NA,NA,NA,NA,NA,NA,NA,NA,NA,NA,2002-12-13,2024,NA,NA,NA,NA
"George Kittle","SF","TE","13299","weighted",NA,NA,NA,NA,NA,NA,0.333585762968573,0.307113533950173,0,0,0.357582355168497,0.310128010347687,NA,NA,NA,NA,77.2665656948126,5.1567071736712,1063.88264293828,81.4568091292441,7.34897683880426,1.30997424134996,NA,NA,NA,NA,NA,NA,NA,NA,NA,NA,NA,NA,NA,NA,NA,NA,NA,NA,NA,NA,NA,NA,NA,NA,1993-10-09,2017,NA,NA,NA,NA
"Trey McBride","ARI","TE","15794","weighted",NA,NA,NA,NA,NA,NA,1.00227186671715,0.923216133435363,0.350662627792503,0.185557950807199,0.357582355168497,0.310128010347687,NA,NA,NA,NA,105.584513441878,5.74775268967743,1073.80404392276,51.3002191457928,5.77381099419273,1.44376897771894,NA,NA,NA,NA,NA,NA,NA,NA,NA,NA,NA,NA,NA,NA,NA,NA,NA,NA,NA,NA,NA,NA,NA,NA,1999-11-22,2022,NA,NA,NA,NA
"Tyler Warren","IND","TE","17102","weighted",NA,NA,NA,NA,NA,NA,8.42468761832639,8.33510718953507,0,0,1.02197084437713,0.538980348895623,NA,NA,NA,NA,63.4928360469519,9.2943547196509,727.924831503219,101.138642998821,4.83942652529298,1.10581728106566,NA,NA,NA,NA,NA,NA,NA,NA,NA,NA,NA,NA,NA,NA,NA,NA,NA,NA,NA,NA,NA,NA,NA,NA,2002-05-24,2025,NA,NA,NA,NA
"Travis Kelce","KC","TE","11244","weighted",NA,NA,NA,NA,NA,NA,1.25416508898145,0.820571116330978,0,0,0.928634986747444,0.0619457841999954,NA,NA,NA,NA,79.5535024611889,7.82221557457158,770.410193108671,86.4865072288296,4.75065432969998,0.996268949093798,NA,NA,NA,NA,NA,NA,NA,NA,NA,NA,NA,NA,NA,NA,NA,NA,NA,NA,NA,NA,NA,NA,NA,NA,1989-10-05,2013,NA,NA,NA,NA
"Sam LaPorta","DET","TE","16214","weighted",NA,NA,NA,NA,NA,NA,0.667171525937145,0.614227067900345,0,0,0.342048466489966,0.309400434247398,NA,NA,NA,NA,71.017478227944,5.51233308203697,798.221408557365,49.1157713667028,7.08716157038897,0.914443488502873,NA,NA,NA,NA,NA,NA,NA,NA,NA,NA,NA,NA,NA,NA,NA,NA,NA,NA,NA,NA,NA,NA,NA,NA,2001-01-12,2023,NA,NA,NA,NA
"T.J. Hockenson","MIN","TE","14138","weighted",NA,NA,NA,NA,NA,NA,0,0,0,0,0.357582355168497,0.310128010347687,NA,NA,NA,NA,74.4039454751988,5.20216794371406,786.305013252556,56.8634157188227,4.80491147775454,0.741467086576751,NA,NA,NA,NA,NA,NA,NA,NA,NA,NA,NA,NA,NA,NA,NA,NA,NA,NA,NA,NA,NA,NA,NA,NA,1970-01-01,2019,NA,NA,NA,NA
"Colston Loveland","CHI","TE","17104","weighted",NA,NA,NA,NA,NA,NA,0,0,0,0,0.689776599772813,0.309043946884579,NA,NA,NA,NA,58.5104278682317,10.7027951532378,631.163263915184,141.241345954456,4.37124414630792,1.12459438469297,NA,NA,NA,NA,NA,NA,NA,NA,NA,NA,NA,NA,NA,NA,NA,NA,NA,NA,NA,NA,NA,NA,NA,NA,2004-04-09,2025,NA,NA,NA,NA
"David Njoku","CLE","TE","13192","weighted",NA,NA,NA,NA,NA,NA,0,0,0,0,0.801438848920863,0.185246321102975,NA,NA,NA,NA,74.7338508140856,6.78225850398092,721.902135554714,52.1104238525326,4.95684170635311,0.699843920462299,NA,NA,NA,NA,NA,NA,NA,NA,NA,NA,NA,NA,NA,NA,NA,NA,NA,NA,NA,NA,NA,NA,NA,NA,1996-07-10,2017,NA,NA,NA,NA
"Evan Engram","DEN","TE","13189","weighted",NA,NA,NA,NA,NA,NA,1.50454373343431,1.95943281361372,0,0,0.928634986747444,0.0619457841999954,NA,NA,NA,NA,72.933638773192,7.9730279622959,669.666770162817,95.0047392814224,4.2813374960011,0.875342307346868,NA,NA,NA,NA,NA,NA,NA,NA,NA,NA,NA,NA,NA,NA,NA,NA,NA,NA,NA,NA,NA,NA,NA,NA,1994-09-02,2017,NA,NA,NA,NA
"Tucker Kraft","GB","TE","16222","weighted",NA,NA,NA,NA,NA,NA,7.67247254827717,7.06361128085397,0,0,0.913101098068913,0.0643011922589217,NA,NA,NA,NA,56.2808178720182,6.60715228250584,686.046065884135,76.5046687001576,5.2045600769178,1.02721622518467,NA,NA,NA,NA,NA,NA,NA,NA,NA,NA,NA,NA,NA,NA,NA,NA,NA,NA,NA,NA,NA,NA,NA,NA,2000-11-03,2023,NA,NA,NA,NA
"Dalton Kincaid","BUF","TE","16213","weighted",NA,NA,NA,NA,NA,NA,0,0,0,0,0.357582355168497,0.310128010347687,NA,NA,NA,NA,60.3788716395305,6.50790376223529,626.013949261643,71.2510694701298,3.8796026374451,0.90441548800469,NA,NA,NA,NA,NA,NA,NA,NA,NA,NA,NA,NA,NA,NA,NA,NA,NA,NA,NA,NA,NA,NA,NA,NA,1999-10-18,2023,NA,NA,NA,NA
"Mark Andrews","BAL","TE","13671","weighted",NA,NA,NA,NA,NA,NA,6.81151079136691,5.98977668917414,0,0,0.996847784929951,0.0430006371673018,NA,NA,NA,NA,59.0761756910261,3.16702741902454,711.555569859902,38.5562418989646,8.01285951186005,0.862601706746959,NA,NA,NA,NA,NA,NA,NA,NA,NA,NA,NA,NA,NA,NA,NA,NA,NA,NA,NA,NA,NA,NA,NA,NA,1996-09-06,2018,"Q","Undisclosed",2025,0
"Dallas Goedert","PHI","TE","13674","weighted",NA,NA,NA,NA,NA,NA,5.60787580461946,4.56697959636424,0,0,0.357582355168497,0.310128010347687,NA,NA,NA,NA,57.1051798561151,6.39546227931033,637.804717909883,83.1371646295396,3.71516208272726,0.765857716947641,NA,NA,NA,NA,NA,NA,NA,NA,NA,NA,NA,NA,NA,NA,NA,NA,NA,NA,NA,NA,NA,NA,NA,NA,1994-01-03,2018,"Q","Groin",2025,0
"Kyle Pitts","ATL","TE","15329","weighted",NA,NA,NA,NA,NA,NA,-0.73388867853086,0.67564977469038,0,0,0.0248643190710589,0.0155196263195692,NA,NA,NA,NA,51.9527451722832,3.99338280234376,654.673207118516,38.6534204727641,4.19809097646154,0.398494926905087,NA,NA,NA,NA,NA,NA,NA,NA,NA,NA,NA,NA,NA,NA,NA,NA,NA,NA,NA,NA,NA,NA,NA,NA,1970-01-01,2021,NA,NA,NA,NA
"Jonnu Smith","PIT","TE","13193","weighted",NA,NA,NA,NA,NA,NA,5.29834153729648,6.02973827424802,0,0,1.09612836046952,0.126837767301143,NA,NA,NA,NA,55.6273987126089,9.74569553883444,569.50474062855,102.438499006044,4.45248029072574,1.56537069497367,NA,NA,NA,NA,NA,NA,NA,NA,NA,NA,NA,NA,NA,NA,NA,NA,NA,NA,NA,NA,NA,NA,NA,NA,1995-08-22,2017,"Q","Knee",2025,0
"Jake Ferguson","DAL","TE","15799","weighted",NA,NA,NA,NA,NA,NA,0,0,0,0,1.48415372964786,0.275271278659978,NA,NA,NA,NA,68.9742748958728,3.34885725165374,643.832260507384,31.2567217738978,3.71124162530978,0.850257956667492,NA,NA,NA,NA,NA,NA,NA,NA,NA,NA,NA,NA,NA,NA,NA,NA,NA,NA,NA,NA,NA,NA,NA,NA,1999-01-18,2022,NA,NA,NA,NA
"Brenton Strange","JAC","TE","16269","weighted",NA,NA,NA,NA,NA,NA,0,0,0,0,0.838432411965165,0.0754067092989944,NA,NA,NA,NA,57.2553578190079,4.49894213176988,568.003801590307,60.2777521008531,3.33444025902912,0.93745319711846,NA,NA,NA,NA,NA,NA,NA,NA,NA,NA,NA,NA,NA,NA,NA,NA,NA,NA,NA,NA,NA,NA,NA,NA,2000-12-27,2023,NA,NA,NA,NA
"Hunter Henry","NE","TE","12676","weighted",NA,NA,NA,NA,NA,NA,0,0,0,0,0.342048466489966,0.309400434247398,NA,NA,NA,NA,57.5659674365771,7.9098777648734,596.358424839076,75.3459096656978,4.04240126684786,1.03672242488376,NA,NA,NA,NA,NA,NA,NA,NA,NA,NA,NA,NA,NA,NA,NA,NA,NA,NA,NA,NA,NA,NA,NA,NA,1994-12-07,2016,NA,NA,NA,NA
"Darren Waller","MIA","TE","12263","weighted",NA,NA,NA,NA,NA,NA,-0.100075728890572,0.0921340601850518,0,0,0.434570238546005,0.30309358194963,NA,NA,NA,NA,51.2134873154108,6.5807754751072,553.214661113215,75.4452449721423,3.42055046572925,0.814770589337949,NA,NA,NA,NA,NA,NA,NA,NA,NA,NA,NA,NA,NA,NA,NA,NA,NA,NA,NA,NA,NA,NA,NA,NA,1992-09-13,2015,NA,NA,NA,NA
"Theo Johnson","NYG","TE","16649","weighted",NA,NA,NA,NA,NA,NA,0,0,0,0,0.0248643190710589,0.0155196263195692,NA,NA,NA,NA,45.0415221507005,7.01750335033664,497.769647860659,87.6148965626802,2.74512465577888,1.02779694659202,NA,NA,NA,NA,NA,NA,NA,NA,NA,NA,NA,NA,NA,NA,NA,NA,NA,NA,NA,NA,NA,NA,NA,NA,2001-02-26,2024,NA,NA,NA,NA
"Zach Ertz","WAS","TE","11247","weighted",NA,NA,NA,NA,NA,NA,0,0,0,0,0.0993563044301401,0.0539036515973155,NA,NA,NA,NA,57.9107004922378,5.71587477606903,546.55646346081,63.256650532205,5.04279512847588,0.976777517298397,NA,NA,NA,NA,NA,NA,NA,NA,NA,NA,NA,NA,NA,NA,NA,NA,NA,NA,NA,NA,NA,NA,NA,NA,1990-11-10,2013,NA,NA,NA,NA
"Chigoziem Okonkwo","TEN","TE","15889","weighted",NA,NA,NA,NA,NA,NA,6.51271186440678,3.98839729412467,0,0,0.716822033898305,0.29710363039562,NA,NA,NA,NA,56.5170762711864,4.80223685699749,563.334016949153,55.558462037054,3.05242372881356,1.13088259180263,NA,NA,NA,NA,NA,NA,NA,NA,NA,NA,NA,NA,NA,NA,NA,NA,NA,NA,NA,NA,NA,NA,NA,NA,1999-09-08,2022,NA,NA,NA,NA
"Cade Otton","TB","TE","15802","weighted",NA,NA,NA,NA,NA,NA,-0.567095797046573,0.522093007715294,0,0,0.801186419285624,0.0831011318258534,NA,NA,NA,NA,53.5507156380159,5.28873024305305,547.756872396819,55.403403961041,4.27279973624451,0.506341162211317,NA,NA,NA,NA,NA,NA,NA,NA,NA,NA,NA,NA,NA,NA,NA,NA,NA,NA,NA,NA,NA,NA,NA,NA,1999-04-15,2022,NA,NA,NA,NA
"Dalton Schultz","HOU","TE","13772","weighted",NA,NA,NA,NA,NA,NA,0,0,0,0,0.397879591063991,0.284241696949935,NA,NA,NA,NA,52.5249981067777,6.92698029171032,546.232404392276,83.278726497299,3.43078279736749,0.827497315704524,NA,NA,NA,NA,NA,NA,NA,NA,NA,NA,NA,NA,NA,NA,NA,NA,NA,NA,NA,NA,NA,NA,NA,NA,1996-07-11,2018,NA,NA,NA,NA
"Mike Gesicki","CIN","TE","13672","weighted",NA,NA,NA,NA,NA,NA,0,0,0,0,0.739076107535025,0.107991386048537,NA,NA,NA,NA,54.2826277925028,5.03239494642553,540.407133661492,62.013096751094,3.07797517621199,0.915083796370823,NA,NA,NA,NA,NA,NA,NA,NA,NA,NA,NA,NA,NA,NA,NA,NA,NA,NA,NA,NA,NA,NA,NA,NA,1995-10-03,2018,"Q","Hamstring",2025,0
"Pat Freiermuth","PIT","TE","15331","weighted",NA,NA,NA,NA,NA,NA,0,0,0,0,1.12404392275653,0.157838847929131,NA,NA,NA,NA,52.57429761454,8.81435708967204,516.205338886785,80.3694496105991,3.83633547639555,1.06765133073921,NA,NA,NA,NA,NA,NA,NA,NA,NA,NA,NA,NA,NA,NA,NA,NA,NA,NA,NA,NA,NA,NA,NA,NA,1970-01-01,2021,NA,NA,NA,NA
"Elijah Arroyo","SEA","TE","17108","weighted",NA,NA,NA,NA,NA,NA,0,0,0,0,0.479977001581141,0.291442923621906,NA,NA,NA,NA,42.1185855972402,9.75971040658817,455.53773178094,126.447388424832,2.80194317519368,1.61833889040768,NA,NA,NA,NA,NA,NA,NA,NA,NA,NA,NA,NA,NA,NA,NA,NA,NA,NA,NA,NA,NA,NA,NA,NA,2003-04-05,2025,NA,NA,NA,NA
"Tyler Higbee","LAR","TE","12678","weighted",NA,NA,NA,NA,NA,NA,0,0,0,0,0.0248643190710589,0.0155196263195692,NA,NA,NA,NA,48.077879591064,7.95021352488309,457.108845134419,77.8515361284589,3.90997377331586,1.20133446582903,NA,NA,NA,NA,NA,NA,NA,NA,NA,NA,NA,NA,NA,NA,NA,NA,NA,NA,NA,NA,NA,NA,NA,NA,1993-01-01,2016,NA,NA,NA,NA
"Cole Kmet","CHI","TE","14867","weighted",NA,NA,NA,NA,NA,NA,0.333585762968573,0.307113533950173,0,0,0.342048466489966,0.309400434247398,NA,NA,NA,NA,37.37775085195,13.3023498917663,367.81943960621,139.361915132242,2.87066189606084,1.31735602838207,NA,NA,NA,NA,NA,NA,NA,NA,NA,NA,NA,NA,NA,NA,NA,NA,NA,NA,NA,NA,NA,NA,NA,NA,1970-01-01,2020,NA,NA,NA,NA
"Juwan Johnson","NO","TE","14861","weighted",NA,NA,NA,NA,NA,NA,1.66792881484286,1.53556766975086,0.100189322226429,0.0530165573734853,0.0497286381421179,0.0310392526391384,NA,NA,NA,NA,48.8284286255206,5.9445701053572,514.410458159788,76.7370903605758,3.58265746572726,0.933490105172905,NA,NA,NA,NA,NA,NA,NA,NA,NA,NA,NA,NA,NA,NA,NA,NA,NA,NA,NA,NA,NA,NA,NA,NA,1970-01-01,2020,NA,NA,NA,NA
"Isaiah Likely","BAL","TE","15798","weighted",NA,NA,NA,NA,NA,NA,0,0,0,0,0.86965164710337,0.0964517883883826,NA,NA,NA,NA,43.313381294964,4.6671881067547,516.836009087467,54.3884545495791,5.37445439660839,1.14377011831834,NA,NA,NA,NA,NA,NA,NA,NA,NA,NA,NA,NA,NA,NA,NA,NA,NA,NA,NA,NA,NA,NA,NA,NA,2000-04-18,2022,"Q","Foot",2025,0
"Mason Taylor","NYJ","TE","17106","weighted",NA,NA,NA,NA,NA,NA,0,0,0,0,0.956708317556481,0.540607129942821,NA,NA,NA,NA,48.7368799697084,6.56213450550936,492.756819386596,65.0105963848785,3.15669745610436,1.20440917828353,NA,NA,NA,NA,NA,NA,NA,NA,NA,NA,NA,NA,NA,NA,NA,NA,NA,NA,NA,NA,NA,NA,NA,NA,2004-05-08,2025,NA,NA,NA,NA
"Tyler Conklin","LAC","TE","13675","weighted",NA,NA,NA,NA,NA,NA,0,0,0,0,0,0,NA,NA,NA,NA,35.8962817114729,13.048284057745,345.869420673987,134.076137489222,2.53945735958927,1.2102041442119,NA,NA,NA,NA,NA,NA,NA,NA,NA,NA,NA,NA,NA,NA,NA,NA,NA,NA,NA,NA,NA,NA,NA,NA,NA,2018,NA,NA,NA,NA
"Noah Fant","CIN","TE","14137","weighted",NA,NA,NA,NA,NA,NA,-0.798553345388789,0.562887377660655,0,0,0.0198513160538477,0.0182913565705714,NA,NA,NA,NA,38.9693791440627,8.21026593538302,395.108499095841,79.1177161356514,1.95111512959614,0.82015321400801,NA,NA,NA,NA,NA,NA,NA,NA,NA,NA,NA,NA,NA,NA,NA,NA,NA,NA,NA,NA,NA,NA,NA,NA,1970-01-01,2019,NA,NA,NA,NA
"Ja'Tavion Sanders","CAR","TE","16643","weighted",NA,NA,NA,NA,NA,NA,0,0,0,0,0.0992643877109477,0.0582284157771334,NA,NA,NA,NA,39.3231847684985,8.32985689836568,396.11342276071,90.8233791970976,2.00311975866577,0.623596663500775,NA,NA,NA,NA,NA,NA,NA,NA,NA,NA,NA,NA,NA,NA,NA,NA,NA,NA,NA,NA,NA,NA,NA,NA,2003-03-27,2024,NA,NA,NA,NA
"Robbie Ouzts","SEA","TE","17215","weighted",NA,NA,NA,NA,NA,NA,NA,NA,NA,NA,1,NA,NA,NA,NA,NA,48,NA,477,NA,3,NA,NA,NA,NA,NA,NA,NA,NA,NA,NA,NA,NA,NA,NA,NA,NA,NA,NA,NA,NA,NA,NA,NA,NA,NA,2002-09-06,2025,NA,NA,NA,NA
"Will Dissly","LAC","TE","13763","weighted",NA,NA,NA,NA,NA,NA,0.333585762968573,0.307113533950173,0,0,0.285586267827843,0.191777592420846,NA,NA,NA,NA,40.6580764861795,7.78509414679771,399.180469519122,75.9834462113707,2.50971480107514,0.548130934389688,NA,NA,NA,NA,NA,NA,NA,NA,NA,NA,NA,NA,NA,NA,NA,NA,NA,NA,NA,NA,NA,NA,NA,NA,NA,2018,NA,NA,NA,NA
"Noah Gray","KC","TE","15337","weighted",NA,NA,NA,NA,NA,NA,-0.0958349110185537,2.04104536850624,0,0,0,0,NA,NA,NA,NA,34.0514880726997,7.86101657995907,346.220628549792,81.8799584236747,3.18773214445209,1.03957335157777,NA,NA,NA,NA,NA,NA,NA,NA,NA,NA,NA,NA,NA,NA,NA,NA,NA,NA,NA,NA,NA,NA,NA,NA,1970-01-01,2021,NA,NA,NA,NA
"Austin Hooper","NE","TE","12677","weighted",NA,NA,NA,NA,NA,NA,0,0,0,0,0.592881355932203,0.206511639929526,NA,NA,NA,NA,32.4620593220339,9.46631147533454,327.118593220339,93.1021061980546,1.9499406779661,0.235132212644293,NA,NA,NA,NA,NA,NA,NA,NA,NA,NA,NA,NA,NA,NA,NA,NA,NA,NA,NA,NA,NA,NA,NA,NA,NA,2016,NA,NA,NA,NA
"Terrance Ferguson","LAR","TE","17107","weighted",NA,NA,NA,NA,NA,NA,0,0,0,0,0.481812234216552,0.315165747673268,NA,NA,NA,NA,22.1472031403337,7.40549612562698,239.94700686948,109.504186428296,2.01751717369971,0.59169738674727,NA,NA,NA,NA,NA,NA,NA,NA,NA,NA,NA,NA,NA,NA,NA,NA,NA,NA,NA,NA,NA,NA,NA,NA,2003-03-07,2025,NA,NA,NA,NA
"Harold Fannin","CLE","TE","17103","weighted",NA,NA,NA,NA,NA,NA,0,0,0,0,0.673830552829571,0.16942207428133,NA,NA,NA,NA,28.15441609421,6.51667161058472,290.235034347399,86.6119918988026,1.63915603532875,0.843806955532674,NA,NA,NA,NA,NA,NA,NA,NA,NA,NA,NA,NA,NA,NA,NA,NA,NA,NA,NA,NA,NA,NA,NA,NA,2004-07-20,2025,NA,NA,NA,NA
"Foster Moreau","NO","TE","14239","weighted",NA,NA,NA,NA,NA,NA,0,0,0,0,0.0238559322033898,0.0162450682758638,NA,NA,NA,NA,23.1504745762712,6.0031787502244,267.612771186441,89.8161741816209,2.06953389830508,1.20712006909093,NA,NA,NA,NA,NA,NA,NA,NA,NA,NA,NA,NA,NA,NA,NA,NA,NA,NA,NA,NA,NA,NA,NA,NA,1970-01-01,2019,"O","Knee",2025,0
"AJ Barner","SEA","TE","16723","weighted",NA,NA,NA,NA,NA,NA,0,0,0,0,0.0238559322033898,0.0162450682758638,NA,NA,NA,NA,33.3495593220339,5.87644331735749,305.078966101695,59.3728570401606,2.77200847457627,1.02910770517072,NA,NA,NA,NA,NA,NA,NA,NA,NA,NA,NA,NA,NA,NA,NA,NA,NA,NA,NA,NA,NA,NA,NA,NA,2002-05-03,2024,NA,NA,NA,NA
"Josh Oliver","MIN","TE","14209","weighted",NA,NA,NA,NA,NA,NA,0,0,0,0,0.022042739357227,0.0172822301616977,NA,NA,NA,NA,19.7124785461888,6.27355742571438,210.767380111055,88.5013060747671,1.72948006057547,0.782316691979525,NA,NA,NA,NA,NA,NA,NA,NA,NA,NA,NA,NA,NA,NA,NA,NA,NA,NA,NA,NA,NA,NA,NA,NA,NA,2019,NA,NA,NA,NA
"Tommy Tremble","CAR","TE","15332","weighted",NA,NA,NA,NA,NA,NA,0,0,0,0,0.479745762711864,0.288819723076838,NA,NA,NA,NA,22.2893474576271,6.99623719661899,220.430381355932,80.3936524774526,2.0576186440678,0.930596887690197,NA,NA,NA,NA,NA,NA,NA,NA,NA,NA,NA,NA,NA,NA,NA,NA,NA,NA,NA,NA,NA,NA,NA,NA,1970-01-01,2021,"Q","Back",2025,0
"Stone Smartt","NYJ","TE","16113","weighted",NA,NA,NA,NA,NA,NA,0,0,0,0,0.473570168808264,0.413623029572013,NA,NA,NA,NA,13.3938775510204,11.8453659440993,162.696145124717,147.294465617925,1.00831443688587,1.40879027978612,NA,NA,NA,NA,NA,NA,NA,NA,NA,NA,NA,NA,NA,NA,NA,NA,NA,NA,NA,NA,NA,NA,NA,NA,1998-10-04,2022,NA,NA,NA,NA
"Grant Calcaterra","PHI","TE","15804","weighted",NA,NA,NA,NA,NA,NA,0,0,0,0,0,0,NA,NA,NA,NA,17.4804035178479,6.71623550456085,206.081355406105,83.5956691859087,0.931804773829039,0.566848921299026,NA,NA,NA,NA,NA,NA,NA,NA,NA,NA,NA,NA,NA,NA,NA,NA,NA,NA,NA,NA,NA,NA,NA,NA,1998-12-04,2022,NA,NA,NA,NA
"Michael Mayer","LVR","TE","16212","weighted",NA,NA,NA,NA,NA,NA,0,0,0,0,0.0248643190710589,0.0155196263195692,NA,NA,NA,NA,27.2114502082545,6.20229288183943,251.076910261265,50.9094285638848,1.63142357906054,0.462251375048425,NA,NA,NA,NA,NA,NA,NA,NA,NA,NA,NA,NA,NA,NA,NA,NA,NA,NA,NA,NA,NA,NA,NA,NA,2001-07-06,2023,NA,NA,NA,NA
"Dawson Knox","BUF","TE","14143","weighted",NA,NA,NA,NA,NA,NA,0,0,0,0,0,0,NA,NA,NA,NA,23.0121241953805,5.48003359867997,259.036448315032,54.40761521142,1.83836691191199,0.567023401253317,NA,NA,NA,NA,NA,NA,NA,NA,NA,NA,NA,NA,NA,NA,NA,NA,NA,NA,NA,NA,NA,NA,NA,NA,1970-01-01,2019,NA,NA,NA,NA
"Andrew Ogletree","IND","TE","15916","weighted",NA,NA,NA,NA,NA,NA,0,0,0,0,0,0,NA,NA,NA,NA,12.0349647532729,8.77249607126427,157.16026183283,133.289085241822,1.12733131923464,1.6704936887658,NA,NA,NA,NA,NA,NA,NA,NA,NA,NA,NA,NA,NA,NA,NA,NA,NA,NA,NA,NA,NA,NA,NA,NA,1998-07-28,2022,NA,NA,NA,NA
"Jelani Woods","IND","TE","15840","weighted",NA,NA,NA,NA,NA,NA,0,0,NA,NA,0,0,NA,NA,NA,NA,18.9376854599407,4.24264068711929,267.124629080119,8.48528137423857,1.51038575667656,0.707106781186548,NA,NA,NA,NA,NA,NA,NA,NA,NA,NA,NA,NA,NA,NA,NA,NA,NA,NA,NA,NA,NA,NA,NA,NA,1998-10-09,2022,NA,NA,NA,NA
"Gunnar Helm","TEN","TE","17105","weighted",NA,NA,NA,NA,NA,NA,0,0,0,0,0.48527225236086,0.356315757193861,NA,NA,NA,NA,19.9857142857143,2.14608526853865,201.732971669681,44.1519694005273,1.15949367088608,0.476152237859903,NA,NA,NA,NA,NA,NA,NA,NA,NA,NA,NA,NA,NA,NA,NA,NA,NA,NA,NA,NA,NA,NA,NA,NA,2002-09-06,2025,NA,NA,NA,NA
"Charlie Kolar","BAL","TE","15795","weighted",NA,NA,NA,NA,NA,NA,1.4955044955045,1.48851459677551,0,0,0,0,NA,NA,NA,NA,12.1887112887113,3.84896280460939,176.210789210789,74.2175028078539,1.35934065934066,0.631919266428408,NA,NA,NA,NA,NA,NA,NA,NA,NA,NA,NA,NA,NA,NA,NA,NA,NA,NA,NA,NA,NA,NA,NA,NA,1999-02-10,2022,NA,NA,NA,NA
"Josh Whyle","TEN","TE","16312","weighted",NA,NA,NA,NA,NA,NA,0,0,0,0,0,0,NA,NA,NA,NA,19.2135714285714,8.1636630421588,177.93794188862,74.0169374267571,0.885738498789346,0.176540859476897,NA,NA,NA,NA,NA,NA,NA,NA,NA,NA,NA,NA,NA,NA,NA,NA,NA,NA,NA,NA,NA,NA,NA,NA,1999-09-08,2023,NA,NA,NA,NA
"Colby Parkinson","LAR","TE","14871","weighted",NA,NA,NA,NA,NA,NA,0,0,0,0,0,0,NA,NA,NA,NA,15.7101284958428,10.9497009976673,153.191987906274,107.175492826708,0.92962962962963,0.692453069312317,NA,NA,NA,NA,NA,NA,NA,NA,NA,NA,NA,NA,NA,NA,NA,NA,NA,NA,NA,NA,NA,NA,NA,NA,1970-01-01,2020,NA,NA,NA,NA
"Greg Dulcich","NYG","TE","15797","weighted",NA,NA,NA,NA,NA,NA,0,0,0,0,0,0,NA,NA,NA,NA,13.35140562249,7.7216108473684,147.111947791165,89.8939867728187,1.12441767068273,0.820153572405034,NA,NA,NA,NA,NA,NA,NA,NA,NA,NA,NA,NA,NA,NA,NA,NA,NA,NA,NA,NA,NA,NA,NA,NA,2000-03-26,2022,NA,NA,NA,NA
"Luke Musgrave","GB","TE","16215","weighted",NA,NA,NA,NA,NA,NA,0.333585762968573,0.307113533950173,0,0,0,0,NA,NA,NA,NA,18.8334418780765,4.9010965684811,176.839500189322,51.5132017300472,1.1267428669814,0.681558847736264,NA,NA,NA,NA,NA,NA,NA,NA,NA,NA,NA,NA,NA,NA,NA,NA,NA,NA,NA,NA,NA,NA,NA,NA,2000-09-02,2023,NA,NA,NA,NA
"Taysom Hill","NO","TE","13424","weighted",NA,NA,NA,NA,NA,NA,190.851890756303,73.8916812570762,2.26440806501629,1.13504788168199,0.353501400560224,0.417613349922433,NA,NA,NA,NA,15.8557773109244,11.9084720140422,149.649159663866,116.225966178711,1.14368834490318,1.22656973721647,NA,NA,NA,NA,NA,NA,NA,NA,NA,NA,NA,NA,NA,NA,NA,NA,NA,NA,NA,NA,NA,NA,NA,NA,1990-08-23,2017,"O","Knee - ACL",2025,0
"Oronde Gadsden","LAC","TE","17099","weighted",NA,NA,NA,NA,NA,NA,0,0,0,0,0.0375665399239544,0.0249555280461506,NA,NA,NA,NA,16.4161216730038,9.04944950843156,175.492775665399,101.429737895738,1.25171102661597,0.956168395286604,NA,NA,NA,NA,NA,NA,NA,NA,NA,NA,NA,NA,NA,NA,NA,NA,NA,NA,NA,NA,NA,NA,NA,NA,2003-06-25,2025,NA,NA,NA,NA
"Cade Stover","HOU","TE","16642","weighted",NA,NA,NA,NA,NA,NA,0,0,0,0,0,0,NA,NA,NA,NA,17.5444522968198,4.10069633453881,159.008722867239,45.8694061293383,1.08354366481575,0.490365365329835,NA,NA,NA,NA,NA,NA,NA,NA,NA,NA,NA,NA,NA,NA,NA,NA,NA,NA,NA,NA,NA,NA,NA,NA,2000-06-12,2024,NA,NA,NA,NA
"Darnell Washington","PIT","TE","16216","weighted",NA,NA,NA,NA,NA,NA,0,0,0,0,0,0,NA,NA,NA,NA,15.8206416464891,5.81894551780447,159.665581113801,60.6496320564034,0.841210653753027,0.232657233037246,NA,NA,NA,NA,NA,NA,NA,NA,NA,NA,NA,NA,NA,NA,NA,NA,NA,NA,NA,NA,NA,NA,NA,NA,2001-08-17,2023,NA,NA,NA,NA
"Elijah Higgins","ARI","TE","16333","weighted",NA,NA,NA,NA,NA,NA,0,0,0,0,0,0,NA,NA,NA,NA,14.5001716304897,6.25842330366108,143.64559313478,66.8591704178303,1.17379101463907,0.606260962883153,NA,NA,NA,NA,NA,NA,NA,NA,NA,NA,NA,NA,NA,NA,NA,NA,NA,NA,NA,NA,NA,NA,NA,NA,2000-10-27,2023,NA,NA,NA,NA
"Brock Wright","DET","TE","15626","weighted",NA,NA,NA,NA,NA,NA,0,0,0,0,0,0,NA,NA,NA,NA,14.6340891912321,10.7782203135826,129.136054421769,96.6505679362345,1.95910808767952,1.64705459146269,NA,NA,NA,NA,NA,NA,NA,NA,NA,NA,NA,NA,NA,NA,NA,NA,NA,NA,NA,NA,NA,NA,NA,NA,1998-11-27,2021,NA,NA,NA,NA
"Charlie Woerner","ATL","TE","14984","weighted",NA,NA,NA,NA,NA,NA,0,0,0,0,0,0,NA,NA,NA,NA,13.9106574923547,7.11282878864391,126.450229357798,69.055859478571,0.660183486238532,0.811638514771473,NA,NA,NA,NA,NA,NA,NA,NA,NA,NA,NA,NA,NA,NA,NA,NA,NA,NA,NA,NA,NA,NA,NA,NA,1970-01-01,2020,NA,NA,NA,NA
"Ben Sinnott","WAS","TE","16644","weighted",NA,NA,NA,NA,NA,NA,0,0,0,0,0.022042739357227,0.0172822301616977,NA,NA,NA,NA,15.7237758707723,7.27923149116985,158.692892478546,66.9855126657713,1.30603735487128,0.83058468519965,NA,NA,NA,NA,NA,NA,NA,NA,NA,NA,NA,NA,NA,NA,NA,NA,NA,NA,NA,NA,NA,NA,NA,NA,NA,2024,NA,NA,NA,NA
"Hunter Long","JAC","TE","15334","weighted",NA,NA,NA,NA,NA,NA,0,0,0,0,0.349916079221215,0.40881224574792,NA,NA,NA,NA,13.9764954682779,9.43908670679897,129.977301107754,81.0491060586976,0.456676737160121,0.512973563384207,NA,NA,NA,NA,NA,NA,NA,NA,NA,NA,NA,NA,NA,NA,NA,NA,NA,NA,NA,NA,NA,NA,NA,NA,1970-01-01,2021,NA,NA,NA,NA
"Tanner Hudson","CIN","TE","14370","weighted",NA,NA,NA,NA,NA,NA,0,0,0,0,0.566785714285714,0.227936184653143,NA,NA,NA,NA,17.9686666666667,9.60642130273159,158.259365079365,80.4012983259189,0.692098911934949,0.450122734947879,NA,NA,NA,NA,NA,NA,NA,NA,NA,NA,NA,NA,NA,NA,NA,NA,NA,NA,NA,NA,NA,NA,NA,NA,1970-01-01,2018,NA,NA,NA,NA
"Payne Durham","TB","TE","16218","weighted",NA,NA,NA,NA,NA,NA,0,0,0,0,0,0,NA,NA,NA,NA,15.3930763416478,3.23350522515157,170.667150415722,34.5789165966091,2.00730158730159,1.13219262402953,NA,NA,NA,NA,NA,NA,NA,NA,NA,NA,NA,NA,NA,NA,NA,NA,NA,NA,NA,NA,NA,NA,NA,NA,2000-06-15,2023,NA,NA,NA,NA
"Mitchell Evans","CAR","TE","17109","weighted",NA,NA,NA,NA,NA,NA,0,0,0,0,0,0,NA,NA,NA,NA,10.135964035964,7.33378994524104,108.47952047952,96.6229291667713,0.673326673326673,0.574472060389462,NA,NA,NA,NA,NA,NA,NA,NA,NA,NA,NA,NA,NA,NA,NA,NA,NA,NA,NA,NA,NA,NA,NA,NA,2003-03-18,2025,NA,NA,NA,NA
"Brevin Jordan","HOU","TE","15330","weighted",NA,NA,NA,NA,NA,NA,0,0,0,0,0,0,NA,NA,NA,NA,16.5205479452055,6.36396103067893,170.173515981735,53.7401153701776,0.601826484018265,0.565685424949238,NA,NA,NA,NA,NA,NA,NA,NA,NA,NA,NA,NA,NA,NA,NA,NA,NA,NA,NA,NA,NA,NA,NA,NA,1970-01-01,2021,"IR","Knee",2025,0
"Jeremy Ruckert","NYJ","TE","15796","weighted",NA,NA,NA,NA,NA,NA,0,0,0,0,0,0,NA,NA,NA,NA,19.755430822255,4.75268640149564,160.673244707041,39.4955966181797,0.937636632200886,0.806160485576135,NA,NA,NA,NA,NA,NA,NA,NA,NA,NA,NA,NA,NA,NA,NA,NA,NA,NA,NA,NA,NA,NA,NA,NA,2000-08-11,2022,NA,NA,NA,NA
"Daniel Bellinger","NYG","TE","15873","weighted",NA,NA,NA,NA,NA,NA,0,0,0,0,0,0,NA,NA,NA,NA,17.8007587433314,3.33456849420837,163.412720806165,36.7333569341585,1.0368583283936,0.0895835241389416,NA,NA,NA,NA,NA,NA,NA,NA,NA,NA,NA,NA,NA,NA,NA,NA,NA,NA,NA,NA,NA,NA,NA,NA,2000-09-22,2022,NA,NA,NA,NA
"Lucas Krull","DEN","TE","15970","weighted",NA,NA,NA,NA,NA,NA,0,0,0,0,0,0,NA,NA,NA,NA,15.9131177547285,9.14298634615614,136.70225747407,79.4247872205221,0.302623550945699,0.443618884177297,NA,NA,NA,NA,NA,NA,NA,NA,NA,NA,NA,NA,NA,NA,NA,NA,NA,NA,NA,NA,NA,NA,NA,NA,1998-07-11,2022,NA,NA,NA,NA
"Connor Heyward","PIT","TE","15800","weighted",NA,NA,NA,NA,NA,NA,1.34441924918115,1.87838703971482,0,0,0,0,NA,NA,NA,NA,12.9716099773243,7.38110777494826,101.500801209373,66.2154374157674,1.19124716553288,1.27777720138313,NA,NA,NA,NA,NA,NA,NA,NA,NA,NA,NA,NA,NA,NA,NA,NA,NA,NA,NA,NA,NA,NA,NA,NA,1999-01-22,2022,NA,NA,NA,NA
"Giovanni Ricci","MIN","TE","15054","weighted",NA,NA,NA,NA,NA,NA,NA,NA,NA,NA,0,NA,NA,NA,NA,NA,16,NA,192,NA,0,NA,NA,NA,NA,NA,NA,NA,NA,NA,NA,NA,NA,NA,NA,NA,NA,NA,NA,NA,NA,NA,NA,NA,NA,NA,1970-01-01,2020,NA,NA,NA,NA
"Kylen Granson","PHI","TE","15419","weighted",NA,NA,NA,NA,NA,NA,0,0,0,0,0,0,NA,NA,NA,NA,11.7549336057201,5.13635888515397,129.493237997957,58.9865944438042,0.468641470888662,0.505105405051863,NA,NA,NA,NA,NA,NA,NA,NA,NA,NA,NA,NA,NA,NA,NA,NA,NA,NA,NA,NA,NA,NA,NA,NA,1970-01-01,2021,NA,NA,NA,NA
"Pharaoh Brown","MIA","TE","13994","weighted",NA,NA,NA,NA,NA,NA,0,0,0,0,0,0,NA,NA,NA,NA,14.5494790602656,5.53800589457708,130.382574055158,55.0132760499021,0.735056179775281,0.64614793569026,NA,NA,NA,NA,NA,NA,NA,NA,NA,NA,NA,NA,NA,NA,NA,NA,NA,NA,NA,NA,NA,NA,NA,NA,1970-01-01,2017,NA,NA,NA,NA
"Adam Trautman","DEN","TE","14870","weighted",NA,NA,NA,NA,NA,NA,0,0,0,0,0,0,NA,NA,NA,NA,13.4309035840485,2.88297051456272,145.19641595154,31.1874781404627,1.43988894497728,0.465623820691806,NA,NA,NA,NA,NA,NA,NA,NA,NA,NA,NA,NA,NA,NA,NA,NA,NA,NA,NA,NA,NA,NA,NA,NA,1970-01-01,2020,NA,NA,NA,NA
"Teagan Quitoriano","ATL","TE","15905","weighted",NA,NA,NA,NA,NA,NA,0,0,0,0,0,0,NA,NA,NA,NA,4.53514602215509,5.86766527543176,69.896273917422,97.2034286946319,0.346424974823766,0.582888968445826,NA,NA,NA,NA,NA,NA,NA,NA,NA,NA,NA,NA,NA,NA,NA,NA,NA,NA,NA,NA,NA,NA,NA,NA,2000-03-15,2022,NA,NA,NA,NA
"Julian Hill","MIA","TE","16425","weighted",NA,NA,NA,NA,NA,NA,0,0,0,0,0.485362406622249,0.357181739791042,NA,NA,NA,NA,13.6924894003634,9.43067145160532,116.537250151423,71.4873284591445,0.606904906117505,0.54612380853013,NA,NA,NA,NA,NA,NA,NA,NA,NA,NA,NA,NA,NA,NA,NA,NA,NA,NA,NA,NA,NA,NA,NA,NA,2000-07-09,2023,NA,NA,NA,NA
"Quintin Morris","JAC","TE","15341","weighted",NA,NA,NA,NA,NA,NA,0,0,0,0,0,0,NA,NA,NA,NA,9.85881168177241,9.19206888152116,88.2886606243706,87.2194884302493,0.726324269889225,0.53875687270717,NA,NA,NA,NA,NA,NA,NA,NA,NA,NA,NA,NA,NA,NA,NA,NA,NA,NA,NA,NA,NA,NA,NA,NA,NA,2021,NA,NA,NA,NA
"Mo Alie-Cox","IND","TE","13246","weighted",NA,NA,NA,NA,NA,NA,0,0,0,0,0,0,NA,NA,NA,NA,10.6067007150153,6.11151717584671,122.540735444331,75.9746418948212,1.13417773237998,0.911280112763668,NA,NA,NA,NA,NA,NA,NA,NA,NA,NA,NA,NA,NA,NA,NA,NA,NA,NA,NA,NA,NA,NA,NA,NA,1993-09-19,2016,NA,NA,NA,NA
"Luke Schoonmaker","DAL","TE","16221","weighted",NA,NA,NA,NA,NA,NA,0,0,0,0,0,0,NA,NA,NA,NA,16.0775254237288,2.98759255189326,143.765669491525,24.7336037066526,1.14285593220339,0.40782403066029,NA,NA,NA,NA,NA,NA,NA,NA,NA,NA,NA,NA,NA,NA,NA,NA,NA,NA,NA,NA,NA,NA,NA,NA,1998-09-28,2023,"Q","Concussion",2025,0
"Johnny Mundt","JAC","TE","13940","weighted",NA,NA,NA,NA,NA,NA,0,0,0,0,0,0,NA,NA,NA,NA,11.8112569409389,7.0508038408921,97.8091872791519,60.1688629464484,0.903483089348814,0.464311667853906,NA,NA,NA,NA,NA,NA,NA,NA,NA,NA,NA,NA,NA,NA,NA,NA,NA,NA,NA,NA,NA,NA,NA,NA,1970-01-01,2017,NA,NA,NA,NA
"Drew Sample","CIN","TE","14146","weighted",NA,NA,NA,NA,NA,NA,-0.867976820357773,1.21818534052082,0,0,0,0,NA,NA,NA,NA,16.7642025699169,6.39037464140956,118.371383219955,34.7875028614413,0.853212396069539,0.190743682739904,NA,NA,NA,NA,NA,NA,NA,NA,NA,NA,NA,NA,NA,NA,NA,NA,NA,NA,NA,NA,NA,NA,NA,NA,NA,2019,"Q","Undisclosed",2025,0
"Luke Farrell","SF","TE","15335","weighted",NA,NA,NA,NA,NA,NA,0,0,0,0,0,0,NA,NA,NA,NA,11.2758120531154,6.76460958050432,99.0569152196118,56.8860087169021,0.135362614913177,0.157920499598767,NA,NA,NA,NA,NA,NA,NA,NA,NA,NA,NA,NA,NA,NA,NA,NA,NA,NA,NA,NA,NA,NA,NA,NA,NA,2021,NA,NA,NA,NA
"Donald Parham","PIT","TE","14341","weighted",NA,NA,NA,NA,NA,NA,0,0,0,0,0,0,NA,NA,NA,NA,10.1630136986301,4.03050865276332,123.114155251142,35.3553390593274,0.502283105022831,0.707106781186548,NA,NA,NA,NA,NA,NA,NA,NA,NA,NA,NA,NA,NA,NA,NA,NA,NA,NA,NA,NA,NA,NA,NA,NA,NA,2019,"IR","Achilles",2025,0
"Will Mallory","IND","TE","16220","weighted",NA,NA,NA,NA,NA,NA,0,0,0,0,0,0,NA,NA,NA,NA,9.72604686318972,5.44607818317533,98.5419198790627,56.7800785210825,0.375540438397581,0.444662253671595,NA,NA,NA,NA,NA,NA,NA,NA,NA,NA,NA,NA,NA,NA,NA,NA,NA,NA,NA,NA,NA,NA,NA,NA,1999-06-22,2023,NA,NA,NA,NA
"Devin Culp","TB","TE","16796","weighted",NA,NA,NA,NA,NA,NA,0,0,0,0,0,0,NA,NA,NA,NA,8.84475903614458,3.98589998692711,103.286686746988,54.4605144117462,0.455301204819277,0.51310941671494,NA,NA,NA,NA,NA,NA,NA,NA,NA,NA,NA,NA,NA,NA,NA,NA,NA,NA,NA,NA,NA,NA,NA,NA,2000-02-02,2024,NA,NA,NA,NA
"Tanner McLachlan","CIN","TE","16765","weighted",NA,NA,NA,NA,NA,NA,NA,NA,NA,NA,0,NA,NA,NA,NA,NA,14,NA,137,NA,1,NA,NA,NA,NA,NA,NA,NA,NA,NA,NA,NA,NA,NA,NA,NA,NA,NA,NA,NA,NA,NA,NA,NA,NA,NA,1999-03-15,2024,NA,NA,NA,NA
"John Bates","WAS","TE","15344","weighted",NA,NA,NA,NA,NA,NA,0,0,0,0,0.400204290091931,0.173297767714399,NA,NA,NA,NA,8.99448416751788,7.73565893781284,82.9182839632278,72.1948692589838,0,0,NA,NA,NA,NA,NA,NA,NA,NA,NA,NA,NA,NA,NA,NA,NA,NA,NA,NA,NA,NA,NA,NA,NA,NA,1970-01-01,2021,NA,NA,NA,NA
"Harrison Bryant","HOU","TE","14875","weighted",NA,NA,NA,NA,NA,NA,0,0,0,0,0,0,NA,NA,NA,NA,8.09815950920245,11.3137084989848,67.8220858895705,94.7523086789974,1.01226993865031,1.4142135623731,NA,NA,NA,NA,NA,NA,NA,NA,NA,NA,NA,NA,NA,NA,NA,NA,NA,NA,NA,NA,NA,NA,NA,NA,1970-01-01,2020,NA,NA,NA,NA
"Gavin Bartholomew","MIN","TE","17231","weighted",NA,NA,NA,NA,NA,NA,0,0,0,0,0,0,NA,NA,NA,NA,7.90640834575261,5.939696961967,82.2667660208644,70.7106781186547,0.512667660208644,0.707106781186547,NA,NA,NA,NA,NA,NA,NA,NA,NA,NA,NA,NA,NA,NA,NA,NA,NA,NA,NA,NA,NA,NA,NA,NA,2003-04-30,2025,"O","Back",2025,0
"Durham Smythe","CHI","TE","13676","weighted",NA,NA,NA,NA,NA,NA,0,0,0,0,0,0,NA,NA,NA,NA,7.86245148110317,5.42922280522384,68.6198365679265,53.6100229123503,0.0559141981613892,0.0978213341248303,NA,NA,NA,NA,NA,NA,NA,NA,NA,NA,NA,NA,NA,NA,NA,NA,NA,NA,NA,NA,NA,NA,NA,NA,NA,2018,NA,NA,NA,NA
"James Mitchell","CAR","TE","15909","weighted",NA,NA,NA,NA,NA,NA,0,0,0,0,0,0,NA,NA,NA,NA,7.88116564417178,5.89727055509581,82.9026380368098,66.0013469559523,0.0839570552147239,0.120208152801713,NA,NA,NA,NA,NA,NA,NA,NA,NA,NA,NA,NA,NA,NA,NA,NA,NA,NA,NA,NA,NA,NA,NA,NA,1999-08-11,2022,NA,NA,NA,NA
"Brevyn Spann-Ford","DAL","TE","16647","weighted",NA,NA,NA,NA,NA,NA,0,0,0,0,0,0,NA,NA,NA,NA,8.62267573696145,4.62301405126906,85.3581557067271,45.9044016708567,0.301390778533636,0.484765774178567,NA,NA,NA,NA,NA,NA,NA,NA,NA,NA,NA,NA,NA,NA,NA,NA,NA,NA,NA,NA,NA,NA,NA,NA,1999-12-27,2024,"Q","Ankle",2025,0
"Ian Thomas","LVR","TE","13678","weighted",NA,NA,NA,NA,NA,NA,0,0,0,0,0,0,NA,NA,NA,NA,7.57254341164453,6.52207227467362,65.9151583248212,61.8176350775718,0.462063329928498,0.506575347184877,NA,NA,NA,NA,NA,NA,NA,NA,NA,NA,NA,NA,NA,NA,NA,NA,NA,NA,NA,NA,NA,NA,NA,NA,1996-06-06,2018,NA,NA,NA,NA
"Jake Briningstool","KC","TE","17268","weighted",NA,NA,NA,NA,NA,NA,NA,NA,NA,NA,0,NA,NA,NA,NA,NA,12,NA,121,NA,1,NA,NA,NA,NA,NA,NA,NA,NA,NA,NA,NA,NA,NA,NA,NA,NA,NA,NA,NA,NA,NA,NA,NA,NA,NA,2002-12-09,2025,"Q","Hamstring",2025,0
"Cam Grandy","CIN","TE","16979","weighted",NA,NA,NA,NA,NA,NA,0,0,0,0,0,0,NA,NA,NA,NA,9.5036036036036,6.57609306503489,82.7467867867868,55.9462885274797,0.680900900900901,0.466690475583121,NA,NA,NA,NA,NA,NA,NA,NA,NA,NA,NA,NA,NA,NA,NA,NA,NA,NA,NA,NA,NA,NA,NA,NA,1999-11-19,2024,NA,NA,NA,NA
"Kenny Yeboah","DET","TE","15339","weighted",NA,NA,NA,NA,NA,NA,0,0,0,0,0,0,NA,NA,NA,NA,7.24394453004623,6.61851947190609,73.6130970724191,66.4326820924761,0.54653312788906,0.636396103067893,NA,NA,NA,NA,NA,NA,NA,NA,NA,NA,NA,NA,NA,NA,NA,NA,NA,NA,NA,NA,NA,NA,NA,NA,1970-01-01,2021,"IR","Undisclosed",2025,0
"Jared Wiley","KC","TE","16648","weighted",NA,NA,NA,NA,NA,NA,0,0,0,0,0,0,NA,NA,NA,NA,6.1981981981982,8.48528137423857,61.4654654654655,84.1457069611992,0.516516516516517,0.707106781186548,NA,NA,NA,NA,NA,NA,NA,NA,NA,NA,NA,NA,NA,NA,NA,NA,NA,NA,NA,NA,NA,NA,NA,NA,2000-11-02,2024,NA,NA,NA,NA
"Nate Adkins","DEN","TE","16474","weighted",NA,NA,NA,NA,NA,NA,0,0,0,0,0,0,NA,NA,NA,NA,8.44126984126984,6.1770142412996,69.1625094482237,50.5270065161216,1.11549508692366,0.840409716754344,NA,NA,NA,NA,NA,NA,NA,NA,NA,NA,NA,NA,NA,NA,NA,NA,NA,NA,NA,NA,NA,NA,NA,NA,1999-07-09,2023,"O","Ankle",2025,0
"Lawrence Cager","WAS","TE","15041","weighted",NA,NA,NA,NA,NA,NA,0,0,0,0,0,0,NA,NA,NA,NA,5.68168168168168,7.77817459305202,58.8828828828829,80.6101730552664,1.03303303303303,1.4142135623731,NA,NA,NA,NA,NA,NA,NA,NA,NA,NA,NA,NA,NA,NA,NA,NA,NA,NA,NA,NA,NA,NA,NA,NA,1970-01-01,2020,NA,NA,NA,NA
"Jackson Hawes","BUF","TE","17213","weighted",NA,NA,NA,NA,NA,NA,NA,NA,NA,NA,0,NA,NA,NA,NA,NA,10,NA,111,NA,1,NA,NA,NA,NA,NA,NA,NA,NA,NA,NA,NA,NA,NA,NA,NA,NA,NA,NA,NA,NA,NA,NA,NA,NA,NA,2000-12-06,2025,NA,NA,NA,NA
"Travis Vokolek","ARI","TE","16447","weighted",NA,NA,NA,NA,NA,NA,NA,NA,NA,NA,0,NA,NA,NA,NA,NA,11,NA,111,NA,1,NA,NA,NA,NA,NA,NA,NA,NA,NA,NA,NA,NA,NA,NA,NA,NA,NA,NA,NA,NA,NA,NA,NA,NA,NA,1998-06-04,2023,NA,NA,NA,NA
"Nick Vannett","MIN","TE","12680","weighted",NA,NA,NA,NA,NA,NA,0,NA,NA,NA,0,NA,NA,NA,NA,NA,13,NA,110,NA,2,NA,NA,NA,NA,NA,NA,NA,NA,NA,NA,NA,NA,NA,NA,NA,NA,NA,NA,NA,NA,NA,NA,NA,NA,NA,NA,2016,NA,NA,NA,NA
"Robert Tonyan","KC","TE","13427","weighted",NA,NA,NA,NA,NA,NA,0,0,0,0,0,0,NA,NA,NA,NA,5.90884353741497,5.64894927221372,56.7362055933485,54.7668614448538,0.260015117157974,0.506552216574503,NA,NA,NA,NA,NA,NA,NA,NA,NA,NA,NA,NA,NA,NA,NA,NA,NA,NA,NA,NA,NA,NA,NA,NA,1994-04-30,2017,NA,NA,NA,NA
"Thomas Fidone","NYG","TE","17243","weighted",NA,NA,NA,NA,NA,NA,NA,NA,NA,NA,0,NA,NA,NA,NA,NA,11,NA,103,NA,1,NA,NA,NA,NA,NA,NA,NA,NA,NA,NA,NA,NA,NA,NA,NA,NA,NA,NA,NA,NA,NA,NA,NA,NA,NA,2002-09-20,2025,NA,NA,NA,NA
"Ben Sims","GB","TE","16483","weighted",NA,NA,NA,NA,NA,NA,0,0,0,0,0,0,NA,NA,NA,NA,5.07784491440081,5.01568409366143,46.1852970795569,51.7039272682715,0.840382678751259,0.756246749578911,NA,NA,NA,NA,NA,NA,NA,NA,NA,NA,NA,NA,NA,NA,NA,NA,NA,NA,NA,NA,NA,NA,NA,NA,2000-05-16,2023,NA,NA,NA,NA
"Moliki Matavao","NO","TE","17259","weighted",NA,NA,NA,NA,NA,NA,0,0,NA,NA,0,0,NA,NA,NA,NA,10,2.51269004968138e-15,99.0415430267062,2.82842712474619,1,0,NA,NA,NA,NA,NA,NA,NA,NA,NA,NA,NA,NA,NA,NA,NA,NA,NA,NA,NA,NA,NA,NA,NA,NA,2003-03-17,2025,NA,NA,NA,NA
"Blake Whiteheart","CLE","TE","16940","weighted",NA,NA,NA,NA,NA,NA,0.502517623363545,0.495156882056708,0,0,0,0,NA,NA,NA,NA,5.55599194360524,5.51907244704183,62.3041289023162,53.4807519240169,0.346424974823766,0.582888968445826,NA,NA,NA,NA,NA,NA,NA,NA,NA,NA,NA,NA,NA,NA,NA,NA,NA,NA,NA,NA,NA,NA,NA,NA,2000-03-22,2023,"Q","Knee",2025,0
"Irv Smith Jr.","HOU","TE","14141","weighted",NA,NA,NA,NA,NA,NA,0,0,0,0,0,0,NA,NA,NA,NA,7.05370786516854,4.54420074062773,57.6125025536262,46.4509245823712,0.174320735444331,0.304972394624471,NA,NA,NA,NA,NA,NA,NA,NA,NA,NA,NA,NA,NA,NA,NA,NA,NA,NA,NA,NA,NA,NA,NA,NA,1970-01-01,2019,NA,NA,NA,NA
"Tanner Conner","MIA","TE","15991","weighted",NA,NA,NA,NA,NA,NA,0,0,0,0,0,0,NA,NA,NA,NA,7.05454545454545,8.62670273047588,49.7034277198212,67.175144212722,0.512667660208644,0.707106781186547,NA,NA,NA,NA,NA,NA,NA,NA,NA,NA,NA,NA,NA,NA,NA,NA,NA,NA,NA,NA,NA,NA,NA,NA,1998-03-20,2022,NA,NA,NA,NA
"Chris Manhertz","NYG","TE","12955","weighted",NA,NA,NA,NA,NA,NA,0,0,0,0,0,0,NA,NA,NA,NA,4.46928499496475,5.90798824175185,41.472306143001,49.443952888584,0.445216515609265,0.516599483770717,NA,NA,NA,NA,NA,NA,NA,NA,NA,NA,NA,NA,NA,NA,NA,NA,NA,NA,NA,NA,NA,NA,NA,NA,NA,NA,NA,NA,NA,NA
"Tip Reiman","ARI","TE","16706","weighted",NA,NA,NA,NA,NA,NA,0,0,0,0,0,0,NA,NA,NA,NA,7.8281973816717,6.6703665875586,54.3152064451158,48.501946580494,0.346424974823766,0.582888968445826,NA,NA,NA,NA,NA,NA,NA,NA,NA,NA,NA,NA,NA,NA,NA,NA,NA,NA,NA,NA,NA,NA,NA,NA,2001-09-17,2024,NA,NA,NA,NA
"Eric Saubert","SEA","TE","13315","weighted",NA,NA,NA,NA,NA,NA,0,0,0,0,0,0,NA,NA,NA,NA,9.13997985901309,2.55370257810179,71.7457603222558,22.6569991908168,0.57766364551863,0.406735391363641,NA,NA,NA,NA,NA,NA,NA,NA,NA,NA,NA,NA,NA,NA,NA,NA,NA,NA,NA,NA,NA,NA,NA,NA,1994-05-01,2017,NA,NA,NA,NA
"Davis Allen","LAR","TE","16219","weighted",NA,NA,NA,NA,NA,NA,0,0,0,0,0,0,NA,NA,NA,NA,8.18930662557781,0.127279220613578,67.0001232665639,12.826917010724,0.37442218798151,0.106066017177982,NA,NA,NA,NA,NA,NA,NA,NA,NA,NA,NA,NA,NA,NA,NA,NA,NA,NA,NA,NA,NA,NA,NA,NA,2001-02-03,2023,NA,NA,NA,NA
"Shane Zylstra","DET","TE","15604","weighted",NA,NA,NA,NA,NA,NA,0,0,0,0,NA,NA,NA,NA,NA,NA,4.04907975460123,5.65685424949238,31.3803680981595,43.8406204335659,0.506134969325153,0.707106781186548,NA,NA,NA,NA,NA,NA,NA,NA,NA,NA,NA,NA,NA,NA,NA,NA,NA,NA,NA,NA,NA,NA,NA,NA,1996-11-16,2021,NA,NA,NA,NA
"Brayden Willis","SF","TE","16367","weighted",NA,NA,NA,NA,NA,NA,0,NA,0,NA,0,NA,NA,NA,NA,NA,0,NA,0,NA,0,NA,NA,NA,NA,NA,NA,NA,NA,NA,NA,NA,NA,NA,NA,NA,NA,NA,NA,NA,NA,NA,NA,NA,NA,NA,1999-11-11,2023,NA,NA,NA,NA
"Erick All","CIN","TE","16645","weighted",NA,NA,NA,NA,NA,NA,0,0,0,0,0,0,NA,NA,NA,NA,5.01223420647149,0.410121933088198,47.8874576271186,8.71155554421827,0.168690292758089,0.240416305603426,NA,NA,NA,NA,NA,NA,NA,NA,NA,NA,NA,NA,NA,NA,NA,NA,NA,NA,NA,NA,NA,NA,NA,NA,2000-09-13,2024,"O","Knee - ACL",2025,0
"Zach Davidson","BUF","TE","15343","weighted",NA,NA,NA,NA,NA,NA,0,NA,0,NA,0,NA,NA,NA,NA,NA,3.77,NA,38.18,NA,0.34,NA,NA,NA,NA,NA,NA,NA,NA,NA,NA,NA,NA,NA,NA,NA,NA,NA,NA,NA,NA,NA,NA,NA,NA,NA,NA,2021,NA,NA,NA,NA
"Tucker Fisk","LAC","TE","16557","weighted",NA,NA,NA,NA,NA,NA,0,0,0,0,0,0,NA,NA,NA,NA,4.6706625577812,1.03944696834422,38.0099229583975,0.0141421356237332,0.163728813559322,0.233345237791561,NA,NA,NA,NA,NA,NA,NA,NA,NA,NA,NA,NA,NA,NA,NA,NA,NA,NA,NA,NA,NA,NA,NA,NA,1999-01-19,2022,NA,NA,NA,NA
"Jack Stoll","NO","TE","15541","weighted",NA,NA,NA,NA,NA,NA,0,0,0,0,0,0,NA,NA,NA,NA,0.60462249614792,0.848528137423857,5.54237288135593,7.77817459305202,0,0,NA,NA,NA,NA,NA,NA,NA,NA,NA,NA,NA,NA,NA,NA,NA,NA,NA,NA,NA,NA,NA,NA,NA,NA,1998-01-28,2021,NA,NA,NA,NA
"David Martin-Robinson","TEN","TE","16831","weighted",NA,NA,NA,NA,NA,NA,0,NA,0,NA,0,NA,NA,NA,NA,NA,0,NA,0,NA,0,NA,NA,NA,NA,NA,NA,NA,NA,NA,NA,NA,NA,NA,NA,NA,NA,NA,NA,NA,NA,NA,NA,NA,NA,NA,1999-12-26,2024,NA,NA,NA,NA
"Feleipe Franks","ATL","TE","15244","weighted",NA,NA,NA,NA,NA,NA,0,0,0,0,0,0,NA,NA,NA,NA,0,0,0.503852080123267,0.707106781186547,0,0,NA,NA,NA,NA,NA,NA,NA,NA,NA,NA,NA,NA,NA,NA,NA,NA,NA,NA,NA,NA,NA,NA,NA,NA,NA,2021,NA,NA,NA,NA
"Jake Bates","DET","K","16846","weighted",NA,NA,NA,NA,NA,NA,NA,NA,NA,NA,NA,NA,NA,NA,NA,NA,NA,NA,NA,NA,NA,NA,3.41489610190294,0.440593870434105,0.107588591825979,0.0620967761587327,4.94152207277946,0.74913267216398,9.15937681556753,0.769582610868493,7.0301932815131,0.784777303570091,5.08560494032129,0.458539631365157,53.0112117291936,6.02569649068077,NA,NA,NA,NA,NA,NA,NA,NA,NA,NA,2000-03-30,2023,NA,NA,NA,NA
"Tyler Loop","BAL","K","17222","weighted",NA,NA,NA,NA,NA,NA,NA,NA,NA,NA,NA,NA,NA,NA,NA,NA,NA,NA,NA,NA,NA,NA,5.37434557230245,0.492532294320091,0.138899387051069,0.0811531774550258,5.89167137688303,1.23466677733004,8.50989896002758,0.845126715439148,7.76057604936579,0.77601983237442,4.03964939788187,0.575063465404712,47.139284174213,3.83052861750753,NA,NA,NA,NA,NA,NA,NA,NA,NA,NA,NA,2025,NA,NA,NA,NA
"Tyler Bass","BUF","K","14983","weighted",NA,NA,NA,NA,NA,NA,NA,NA,NA,NA,NA,NA,NA,NA,NA,NA,NA,NA,NA,NA,NA,NA,5.39838872222976,0.966693336683867,0.110738392985482,0.0710564809515513,6.95622645646502,0.682384473211745,8.16540199725676,0.76625518005197,6.95349099993834,0.999555505530501,4.44857479030716,0.467364988533844,50.3885295385942,2.43521789707319,NA,NA,NA,NA,NA,NA,NA,NA,NA,NA,1970-01-01,2020,NA,NA,NA,NA
"Chase McLaughlin","TB","K","14717","weighted",NA,NA,NA,NA,NA,NA,NA,NA,NA,NA,NA,NA,NA,NA,NA,NA,NA,NA,NA,NA,NA,NA,3.01898860155242,0.749108932779585,0.120232100877742,0.0739658599593431,8.22186031881967,1.25740916445515,8.14370253932523,0.345575438432932,6.57604185762022,1.6772732802844,5.66476816520744,1.00130619502947,45.5889607589478,3.53252880464525,NA,NA,NA,NA,NA,NA,NA,NA,NA,NA,1996-04-09,2019,NA,NA,NA,NA
"Evan McPherson","CIN","K","15368","weighted",NA,NA,NA,NA,NA,NA,NA,NA,NA,NA,NA,NA,NA,NA,NA,NA,NA,NA,NA,NA,NA,NA,6.13014205350344,0.621196628378049,0.110035084980149,0.067387873889767,7.81407296186388,0.973671004274458,7.13916907190049,0.578364100078627,7.01192897921218,0.82930737887926,5.35608559177318,0.68229424947843,45.9314359637775,3.67252409058958,NA,NA,NA,NA,NA,NA,NA,NA,NA,NA,1999-07-21,2021,NA,NA,NA,NA
"Brandon Aubrey","DAL","K","16414","weighted",NA,NA,NA,NA,NA,NA,NA,NA,NA,NA,NA,NA,NA,NA,NA,NA,NA,NA,NA,NA,NA,NA,4.64213135431361,1.07593091532855,0.143969224484238,0.0918971212281316,6.48882162882589,1.35542132116634,8.92342308518513,0.910275805176731,8.83772242848532,2.06191127626574,8.22953642880615,1.94552271457621,40.824795170332,4.78146597528846,NA,NA,NA,NA,NA,NA,NA,NA,NA,NA,1995-03-14,2023,NA,NA,NA,NA
"Matt Gay","WAS","K","14244","weighted",NA,NA,NA,NA,NA,NA,NA,NA,NA,NA,NA,NA,NA,NA,NA,NA,NA,NA,NA,NA,NA,NA,5.42415060106014,0.708160956983535,0.116265038809832,0.0726378650483703,7.93898684511736,0.651361534182934,9.56566474480806,0.938942338233121,7.75428448222756,0.758774803156044,4.04130474958418,0.96098188661203,42.5711944803795,5.86714469919996,NA,NA,NA,NA,NA,NA,NA,NA,NA,NA,NA,2019,NA,NA,NA,NA
"Jake Elliott","PHI","K","13303","weighted",NA,NA,NA,NA,NA,NA,NA,NA,NA,NA,NA,NA,NA,NA,NA,NA,NA,NA,NA,NA,NA,NA,4.96761011609174,0.662046199274472,0.115232121743243,0.0713444529854956,7.92363633195212,0.564493068383565,9.50513697968651,0.951404032988063,7.52526835081493,0.711292584414052,3.90171132675266,0.947363246799608,45.7435101336783,2.90676568573688,NA,NA,NA,NA,NA,NA,NA,NA,NA,NA,1995-01-21,2017,NA,NA,NA,NA
"Harrison Butker","KC","K","13354","weighted",NA,NA,NA,NA,NA,NA,NA,NA,NA,NA,NA,NA,NA,NA,NA,NA,NA,NA,NA,NA,NA,NA,4.39453902536649,0.441518458736142,0.653169819476391,0.165916816111655,8.10609571305968,1.42731302162024,9.49956854888632,1.23235133408188,6.60745273281133,0.889805716277974,4.26507023087646,0.92347163627921,43.6075894782234,3.88735952138224,NA,NA,NA,NA,NA,NA,NA,NA,NA,NA,1995-07-14,2017,NA,NA,NA,NA
"Brandon McManus","GB","K","11947","weighted",NA,NA,NA,NA,NA,NA,NA,NA,NA,NA,NA,NA,NA,NA,NA,NA,NA,NA,NA,NA,NA,NA,4.66087754517256,0.632887899283164,0.112155124335202,0.0694617579915004,6.89392613513546,0.604501560198459,9.5054850455676,1.15300488956736,6.79619934356067,0.875257238155458,4.36072920286621,0.834207897927781,41.3036653730056,5.05804942309529,NA,NA,NA,NA,NA,NA,NA,NA,NA,NA,1991-07-25,2014,NA,NA,NA,NA
"Younghoe Koo","ATL","K","13403","weighted",NA,NA,NA,NA,NA,NA,NA,NA,NA,NA,NA,NA,NA,NA,NA,NA,NA,NA,NA,NA,NA,NA,6.54224863170182,1.10139975892979,0.117120152364525,0.0697497010072471,7.64913175440342,1.02449629156483,8.19025226390686,0.719906431123223,7.90568290049273,0.59803565972545,5.53256113002038,0.721662609365512,36.3652436394998,6.95746578423391,NA,NA,NA,NA,NA,NA,NA,NA,NA,NA,1994-08-03,2017,NA,NA,NA,NA
"Will Reichard","MIN","K","16681","weighted",NA,NA,NA,NA,NA,NA,NA,NA,NA,NA,NA,NA,NA,NA,NA,NA,NA,NA,NA,NA,NA,NA,5.77714093409118,1.06232974010692,0.232770950711278,0.0210247917872779,6.18877649443997,0.615549012141938,8.28904067441382,0.590538478880282,6.73145758276482,1.03811341010118,5.49144597908466,0.497106568239137,38.2218197498922,5.5372531518212,NA,NA,NA,NA,NA,NA,NA,NA,NA,NA,2001-01-09,2024,NA,NA,NA,NA
"Jake Moody","SF","K","16286","weighted",NA,NA,NA,NA,NA,NA,NA,NA,NA,NA,NA,NA,NA,NA,NA,NA,NA,NA,NA,NA,NA,NA,7.46557735109877,1.62726875147966,0.11225189018255,0.0705127923786178,7.44874124198833,1.35076673461151,7.87532170144072,0.713507891696403,7.01212256424999,0.747949571968419,4.15111526298913,0.5987109182994,42.3234152652005,2.22315208401264,NA,NA,NA,NA,NA,NA,NA,NA,NA,NA,1999-11-23,2023,NA,NA,NA,NA
"Wil Lutz","DEN","K","12956","weighted",NA,NA,NA,NA,NA,NA,NA,NA,NA,NA,NA,NA,NA,NA,NA,NA,NA,NA,NA,NA,NA,NA,3.92930984633012,0.609534238997397,0.107326680219306,0.0605132119957775,6.15443141517906,0.523647415593648,9.95193148905246,1.02141382753515,7.80828208271918,0.663260001298442,4.84045520542066,0.690638486725494,39.3803363518758,3.32976366783481,NA,NA,NA,NA,NA,NA,NA,NA,NA,NA,1994-07-07,2016,NA,NA,NA,NA
"Spencer Shrader","IND","K","16896","weighted",NA,NA,NA,NA,NA,NA,NA,NA,NA,NA,NA,NA,NA,NA,NA,NA,NA,NA,NA,NA,NA,NA,5.23202773097732,0.446672009774299,0.133505929279862,0.0903097736212946,7.02620620302046,1.49032393711517,9.2713841261918,0.851925834156055,7.21150137334108,1.67642362495046,3.36406505217501,1.57647473262807,34.1228546787408,5.71923857502921,NA,NA,NA,NA,NA,NA,NA,NA,NA,NA,1999-05-19,2024,NA,NA,NA,NA
"Jason Sanders","MIA","K","13832","weighted",NA,NA,NA,NA,NA,NA,NA,NA,NA,NA,NA,NA,NA,NA,NA,NA,NA,NA,NA,NA,NA,NA,3.49411413424518,0.518647127277873,0.122915962340089,0.0724477656957108,6.58543236085568,0.948315057100207,9.46681636114725,1.18366700850249,7.66204805647728,1.95372986512325,5.13678392733842,1.22249496738719,35.3152652005175,5.23295236515393,NA,NA,NA,NA,NA,NA,NA,NA,NA,NA,NA,2018,"Q","Hip",2025,0
"Joshua Karty","LAR","K","16775","weighted",NA,NA,NA,NA,NA,NA,NA,NA,NA,NA,NA,NA,NA,NA,NA,NA,NA,NA,NA,NA,NA,NA,5.02240109191607,0.507615440869827,0.106291217478798,0.0653368399911934,8.04504491372556,0.826325953054358,9.24893065161126,0.943760925158471,6.68156725085311,1.07737362652181,4.53472086797051,0.652031043455505,36.1418714963346,4.16284586663038,NA,NA,NA,NA,NA,NA,NA,NA,NA,NA,2002-03-07,2024,NA,NA,NA,NA
"Cameron Dicker","LAC","K","15979","weighted",NA,NA,NA,NA,NA,NA,NA,NA,NA,NA,NA,NA,NA,NA,NA,NA,NA,NA,NA,NA,NA,NA,2.67882289258583,0.385631164446168,0.67583859059653,0.17523782233828,6.48081148725919,0.896893022467274,8.98431015887498,0.708793588027192,8.66910485410706,0.793676665092768,5.08335056378771,1.28063242378393,36.4404915912031,5.71680580107277,NA,NA,NA,NA,NA,NA,NA,NA,NA,NA,2000-05-06,2022,NA,NA,NA,NA
"Chad Ryland","ARI","K","16292","weighted",NA,NA,NA,NA,NA,NA,NA,NA,NA,NA,NA,NA,NA,NA,NA,NA,NA,NA,NA,NA,NA,NA,4.7705669555968,0.891601455417014,0.111326044318324,0.0722936463028907,6.06853390712475,0.392580405680652,9.42029475619141,1.18476650934384,6.98044693278461,0.735136620048771,4.42305121646065,0.40969395008092,33.4644243208279,5.32675133987132,NA,NA,NA,NA,NA,NA,NA,NA,NA,NA,1999-10-15,2023,NA,NA,NA,NA
"Cairo Santos","CHI","K","11945","weighted",NA,NA,NA,NA,NA,NA,NA,NA,NA,NA,NA,NA,NA,NA,NA,NA,NA,NA,NA,NA,NA,NA,4.50350913023569,0.448724140811096,0.120110608020699,0.063242464237313,6.5434958414375,0.419897732135644,7.63870911965757,0.429260211326629,7.25946161846607,0.942040716461612,4.7595391795159,1.23929560134575,35.5571366968521,4.58584051707903,NA,NA,NA,NA,NA,NA,NA,NA,NA,NA,1991-11-21,2014,NA,NA,NA,NA
"Jason Myers","SEA","K","12437","weighted",NA,NA,NA,NA,NA,NA,NA,NA,NA,NA,NA,NA,NA,NA,NA,NA,NA,NA,NA,NA,NA,NA,4.05011583579228,0.605142719104825,0.119971514578565,0.0651311647844924,6.45436448410431,0.549629996861626,8.04896031784058,0.45343549016884,7.44626673770337,0.474918962718114,5.23259840519822,1.02044733616996,34.8568348426046,3.66458703581165,NA,NA,NA,NA,NA,NA,NA,NA,NA,NA,NA,NA,NA,NA,NA,NA
"Blake Grupe","NO","K","16444","weighted",NA,NA,NA,NA,NA,NA,NA,NA,NA,NA,NA,NA,NA,NA,NA,NA,NA,NA,NA,NA,NA,NA,4.68250290889298,0.496472897512099,0.108516402344561,0.062756062983475,5.70901372671152,0.647262256972287,8.49512965264684,0.828970611862436,6.97115607915823,0.525589540847278,4.95372763011241,0.479830613330295,31.1002156101768,4.28485243059,NA,NA,NA,NA,NA,NA,NA,NA,NA,NA,1998-11-05,2023,NA,NA,NA,NA
"Cam Little","JAC","K","16680","weighted",NA,NA,NA,NA,NA,NA,NA,NA,NA,NA,NA,NA,NA,NA,NA,NA,NA,NA,NA,NA,NA,NA,3.49090052253859,0.747667252455483,0.107148755050868,0.0601677144937551,7.44626069399858,0.545296384992949,7.26315152204814,0.71661380253247,7.59034072261645,0.678662876323586,5.35042976161614,1.1246330634021,33.4205692108668,5.05047683562399,NA,NA,NA,NA,NA,NA,NA,NA,NA,NA,2003-08-17,2024,NA,NA,NA,NA
"Daniel Carlson","LVR","K","13718","weighted",NA,NA,NA,NA,NA,NA,NA,NA,NA,NA,NA,NA,NA,NA,NA,NA,NA,NA,NA,NA,NA,NA,4.70056977058075,0.465079701837591,0.119625581775736,0.0670135872857374,8.37934126109748,0.72981862841433,8.33253581165862,0.813441169366265,7.14084511384211,0.605058157105764,5.3228956020204,1.13585996154001,32.1033203967227,5.67916717898219,NA,NA,NA,NA,NA,NA,NA,NA,NA,NA,1995-01-23,2018,NA,NA,NA,NA
"Greg Zuerlein","FA","K","10868","weighted",NA,NA,NA,NA,NA,NA,NA,NA,NA,NA,NA,NA,NA,NA,NA,NA,NA,NA,NA,NA,NA,NA,5.52591380250955,5.42115198909687,NA,NA,NA,NA,NA,NA,4.57317004345618,4.48647061166637,3.42987753259213,3.36485295874978,25.5777414075286,16.2634559672906,NA,NA,NA,NA,NA,NA,NA,NA,NA,NA,1987-12-27,2012,"Q","Knee",2025,0
"Dustin Hopkins","CLE","K","11387","weighted",NA,NA,NA,NA,NA,NA,NA,NA,NA,NA,NA,NA,NA,NA,NA,NA,NA,NA,NA,NA,NA,NA,6.16564541285206,1.06797396197205,0.0977710866752911,0.0492133471517506,6.37516046568003,1.36375162579513,8.01111338818229,1.06542850616793,6.65363287777678,0.857217997537042,4.23671941046627,0.715598189834177,27.4238896075895,5.89150024251435,NA,NA,NA,NA,NA,NA,NA,NA,NA,NA,1990-10-01,2013,NA,NA,NA,NA
"Kaimi Fairbairn","HOU","K","12860","weighted",NA,NA,NA,NA,NA,NA,NA,NA,NA,NA,NA,NA,NA,NA,NA,NA,NA,NA,NA,NA,NA,NA,4.35512206514764,1.03189513246157,0.13299319185476,0.0847116294586182,7.28140879893763,0.597810026518554,10.0831857726019,1.06407886710946,6.7490595881492,1.71702232756583,6.24904769389025,0.85709069886268,33.611923454367,4.82149587778282,NA,NA,NA,NA,NA,NA,NA,NA,NA,NA,1994-01-29,2016,NA,NA,NA,NA
"Matthew Wright","CAR","K","14426","weighted",NA,NA,NA,NA,NA,NA,NA,NA,NA,NA,NA,NA,NA,NA,NA,NA,NA,NA,NA,NA,NA,NA,4.14946555626993,0.450084887395212,0,0,6.85334143377886,0.859776318173847,9.0411907654921,1.12864506062536,6.91964981150886,1.824130886338,1.97137842581342,0.722488921338105,29.9735115431349,6.3523284091595,NA,NA,NA,NA,NA,NA,NA,NA,NA,NA,NA,2019,NA,NA,NA,NA
"Andres Borregales","NE","K","17220","weighted",NA,NA,NA,NA,NA,NA,NA,NA,NA,NA,NA,NA,NA,NA,NA,NA,NA,NA,NA,NA,NA,NA,5.77747423702398,1.2804471000151,0.128489165588616,0.0709991013413626,5.96196221639439,1.33929727571491,8.2458031527977,1.43220765091177,6.37362931623706,1.7751395455825,3.35805554748851,0.776127463995574,31.4205260888314,6.4438594464127,NA,NA,NA,NA,NA,NA,NA,NA,NA,NA,2002-01-02,2025,NA,NA,NA,NA
"Chris Boswell","PIT","K","11936","weighted",NA,NA,NA,NA,NA,NA,NA,NA,NA,NA,NA,NA,NA,NA,NA,NA,NA,NA,NA,NA,NA,NA,3.32269889119726,0.397162900314402,0.136561463770055,0.0750256228426467,7.6156494988096,0.46701219396954,9.47440385025254,0.549698690767035,7.35115443662613,1.01534487980609,6.43126125301209,0.982720922507827,33.595687796464,3.82530437190916,NA,NA,NA,NA,NA,NA,NA,NA,NA,NA,1989-12-16,2014,NA,NA,NA,NA
"Ryan Fitzgerald","CAR","K","17277","weighted",NA,NA,NA,NA,NA,NA,NA,NA,NA,NA,NA,NA,NA,NA,NA,NA,NA,NA,NA,NA,NA,NA,3.87691799862807,1.96750275273155,0.20059880239521,0.105215048779514,5.3893629407851,2.92438549373215,6.82715402528277,3.43402228408321,5.25528942115768,2.79194303655549,2.87640718562874,1.99620643170843,26.1497005988024,14.7642236804024,NA,NA,NA,NA,NA,NA,NA,NA,NA,NA,NA,2025,NA,NA,NA,NA
"Nick Folk","NYJ","K","8851","weighted",NA,NA,NA,NA,NA,NA,NA,NA,NA,NA,NA,NA,NA,NA,NA,NA,NA,NA,NA,NA,NA,NA,3.30444690378334,0.829804783474092,0.100215102946916,0.0654068869316728,6.1162978108341,0.944014268004438,6.76659004484801,1.9445722502999,7.51640024982002,0.834345586799157,3.75886376753446,0.810617774356755,30.9159836065574,3.53686538820823,NA,NA,NA,NA,NA,NA,NA,NA,NA,NA,1984-11-05,2007,NA,NA,NA,NA
"Graham Gano","NYG","K","9694","weighted",NA,NA,NA,NA,NA,NA,NA,NA,NA,NA,NA,NA,NA,NA,NA,NA,NA,NA,NA,NA,NA,NA,4.59376987613492,0.653025519389734,0.101771188600102,0.0521290161116241,5.59725799028085,1.09287098169935,6.90825964595406,1.50093134991684,7.33136082980154,1.08962620921636,4.36679318617913,0.977197056174797,30.0802501078051,4.716766405748,NA,NA,NA,NA,NA,NA,NA,NA,NA,NA,1987-04-09,2009,NA,NA,NA,NA
"Joey Slye","TEN","K","14600","weighted",NA,NA,NA,NA,NA,NA,NA,NA,NA,NA,NA,NA,NA,NA,NA,NA,NA,NA,NA,NA,NA,NA,5.36836809784645,0.411711538144379,0.105588771021992,0.0588826238159225,5.75719602231892,0.466070411091199,8.12231439510612,0.740301806388954,6.35015720066432,0.531421262316993,4.89614983337139,0.299985423157437,28.5467442863303,2.76561607772515,NA,NA,NA,NA,NA,NA,NA,NA,NA,NA,1996-04-10,2019,NA,NA,NA,NA
"John Parker Romo","NE","K","16405","weighted",NA,NA,NA,NA,NA,NA,NA,NA,NA,NA,NA,NA,NA,NA,NA,NA,NA,NA,NA,NA,NA,NA,1.66287577992059,1.03928252490674,0,0,1.69786585365854,0.989949493661166,3.39573170731707,1.97989898732233,2.39573170731707,1.97989898732233,1.39878048780488,0.565685424949238,6.0030487804878,1.4142135623731,NA,NA,NA,NA,NA,NA,NA,NA,NA,NA,1997-08-27,2022,NA,NA,NA,NA
"Cowboys","DAL","DST","0516","weighted",NA,NA,NA,NA,NA,NA,NA,NA,NA,NA,NA,NA,NA,NA,NA,NA,NA,NA,NA,NA,NA,NA,NA,NA,NA,NA,NA,NA,NA,NA,NA,NA,NA,NA,NA,NA,11.6037966101695,0.762918675281441,49.7728813559322,10.6972935129932,0,0,2.64060593220339,0.77446387506353,NA,NA,NA,NA,NA,NA,NA,NA
"Panthers","CAR","DST","0527","weighted",NA,NA,NA,NA,NA,NA,NA,NA,NA,NA,NA,NA,NA,NA,NA,NA,NA,NA,NA,NA,NA,NA,NA,NA,NA,NA,NA,NA,NA,NA,NA,NA,NA,NA,NA,NA,11.4916186440678,1.74167437933595,34.3062711864407,2.49595845358286,0,0,1.96143644067797,1.58878976049109,NA,NA,NA,NA,NA,NA,NA,NA
"Bengals","CIN","DST","0506","weighted",NA,NA,NA,NA,NA,NA,NA,NA,NA,NA,NA,NA,NA,NA,NA,NA,NA,NA,NA,NA,NA,NA,NA,NA,NA,NA,NA,NA,NA,NA,NA,NA,NA,NA,NA,NA,12.6767457627119,1.27760826247509,38.4730593220339,2.94323640220295,0.291228813559322,0.300526747562121,2.57578389830508,0.964698133868084,NA,NA,NA,NA,NA,NA,NA,NA
"Commanders","WAS","DST","0520","weighted",NA,NA,NA,NA,NA,NA,NA,NA,NA,NA,NA,NA,NA,NA,NA,NA,NA,NA,NA,NA,NA,NA,NA,NA,NA,NA,NA,NA,NA,NA,NA,NA,NA,NA,NA,NA,11.6967711864407,2.26178653173942,43.9051271186441,6.65798022245724,0.345621468926554,0.34642336198,2.58419491525424,1.24714799907655,NA,NA,NA,NA,NA,NA,NA,NA
"Colts","IND","DST","0502","weighted",NA,NA,NA,NA,NA,NA,NA,NA,NA,NA,NA,NA,NA,NA,NA,NA,NA,NA,NA,NA,NA,NA,NA,NA,NA,NA,NA,NA,NA,NA,NA,NA,NA,NA,NA,NA,12.9079915254237,1.86688226980175,39.4708050847458,4.50090879881945,0.676412429378531,0.333918608402356,2.20220762711864,0.598832080166369,NA,NA,NA,NA,NA,NA,NA,NA
"Broncos","DEN","DST","0511","weighted",NA,NA,NA,NA,NA,NA,NA,NA,NA,NA,NA,NA,NA,NA,NA,NA,NA,NA,NA,NA,NA,NA,NA,NA,NA,NA,NA,NA,NA,NA,NA,NA,NA,NA,NA,NA,12.4192881355932,1.35877203533878,52.4940254237288,8.63534610383627,0.507838983050848,0.412841632010862,3.04534322033898,0.817769179046329,NA,NA,NA,NA,NA,NA,NA,NA
"Cardinals","ARI","DST","0519","weighted",NA,NA,NA,NA,NA,NA,NA,NA,NA,NA,NA,NA,NA,NA,NA,NA,NA,NA,NA,NA,NA,NA,NA,NA,NA,NA,NA,NA,NA,NA,NA,NA,NA,NA,NA,NA,11.5598644067797,1.64624740041822,41.6000338983051,3.56459249443835,1.42066384180791,0.434094190923063,2.10507627118644,1.31612993650468,NA,NA,NA,NA,NA,NA,NA,NA
"Falcons","ATL","DST","0526","weighted",NA,NA,NA,NA,NA,NA,NA,NA,NA,NA,NA,NA,NA,NA,NA,NA,NA,NA,NA,NA,NA,NA,NA,NA,NA,NA,NA,NA,NA,NA,NA,NA,NA,NA,NA,NA,11.7217118644068,0.677912132425076,36.9914237288136,3.69616668296534,0.79864406779661,0.417861155324349,2.57944491525424,0.990106902989356,NA,NA,NA,NA,NA,NA,NA,NA
"Titans","TEN","DST","0508","weighted",NA,NA,NA,NA,NA,NA,NA,NA,NA,NA,NA,NA,NA,NA,NA,NA,NA,NA,NA,NA,NA,NA,NA,NA,NA,NA,NA,NA,NA,NA,NA,NA,NA,NA,NA,NA,11.2388898305085,1.43653029831738,36.9415084745763,5.68026634177379,1.05751412429379,0.634074238760421,1.84505084745763,1.31721540175634,NA,NA,NA,NA,NA,NA,NA,NA
"Giants","NYG","DST","0517","weighted",NA,NA,NA,NA,NA,NA,NA,NA,NA,NA,NA,NA,NA,NA,NA,NA,NA,NA,NA,NA,NA,NA,NA,NA,NA,NA,NA,NA,NA,NA,NA,NA,NA,NA,NA,NA,9.86222033898305,1.86896361698501,48.5584830508475,13.0683846780958,0,0,2.40752966101695,0.927935816506042,NA,NA,NA,NA,NA,NA,NA,NA
"Jaguars","JAC","DST","0509","weighted",NA,NA,NA,NA,NA,NA,NA,NA,NA,NA,NA,NA,NA,NA,NA,NA,NA,NA,NA,NA,NA,NA,NA,NA,NA,NA,NA,NA,NA,NA,NA,NA,NA,NA,NA,NA,10.8459915254237,2.77206717227099,37.9214915254237,3.08128671657588,0.330790960451977,0.338241974541352,2.22927966101695,0.931984925468782,NA,NA,NA,NA,NA,NA,NA,NA
"Browns","CLE","DST","0507","weighted",NA,NA,NA,NA,NA,NA,NA,NA,NA,NA,NA,NA,NA,NA,NA,NA,NA,NA,NA,NA,NA,NA,NA,NA,NA,NA,NA,NA,NA,NA,NA,NA,NA,NA,NA,NA,10.321779661017,2.24992217243244,43.8727203389831,7.35261897934063,0.323587570621469,0.333918608402356,2.2116779661017,1.04190723749303,NA,NA,NA,NA,NA,NA,NA,NA
"Raiders","LVR","DST","0513","weighted",NA,NA,NA,NA,NA,NA,NA,NA,NA,NA,NA,NA,NA,NA,NA,NA,NA,NA,NA,NA,NA,NA,NA,NA,NA,NA,NA,NA,NA,NA,NA,NA,NA,NA,NA,NA,11.2168305084746,0.694006161843524,40.9758474576271,4.18583087436169,0.345621468926554,0.34642336198,2.35048728813559,1.3003388371851,NA,NA,NA,NA,NA,NA,NA,NA
"Patriots","NE","DST","0504","weighted",NA,NA,NA,NA,NA,NA,NA,NA,NA,NA,NA,NA,NA,NA,NA,NA,NA,NA,NA,NA,NA,NA,NA,NA,NA,NA,NA,NA,NA,NA,NA,NA,NA,NA,NA,NA,11.0059745762712,1.62677175613136,35.1455254237288,3.86098347209904,0,0,1.95926271186441,0.775621620138142,NA,NA,NA,NA,NA,NA,NA,NA
"Lions","DET","DST","0522","weighted",NA,NA,NA,NA,NA,NA,NA,NA,NA,NA,NA,NA,NA,NA,NA,NA,NA,NA,NA,NA,NA,NA,NA,NA,NA,NA,NA,NA,NA,NA,NA,NA,NA,NA,NA,NA,13.099813559322,1.37840196930414,41.3257711864407,4.97606916466228,0.243326271186441,0.352044841337989,2.46885169491525,0.854788901668165,NA,NA,NA,NA,NA,NA,NA,NA
"Rams","LAR","DST","0528","weighted",NA,NA,NA,NA,NA,NA,NA,NA,NA,NA,NA,NA,NA,NA,NA,NA,NA,NA,NA,NA,NA,NA,NA,NA,NA,NA,NA,NA,NA,NA,NA,NA,NA,NA,NA,NA,12.6100084745763,1.89304262594002,44.6508474576271,6.46138434054707,1.02515536723164,0.604826215764219,2.76231355932203,0.742020890004415,NA,NA,NA,NA,NA,NA,NA,NA
"Saints","NO","DST","0529","weighted",NA,NA,NA,NA,NA,NA,NA,NA,NA,NA,NA,NA,NA,NA,NA,NA,NA,NA,NA,NA,NA,NA,NA,NA,NA,NA,NA,NA,NA,NA,NA,NA,NA,NA,NA,NA,12.6681101694915,2.97226038007031,37.506779661017,2.78542478622551,0.323587570621469,0.333918608402356,1.91906779661017,1.36268237252676,NA,NA,NA,NA,NA,NA,NA,NA
"Bears","CHI","DST","0521","weighted",NA,NA,NA,NA,NA,NA,NA,NA,NA,NA,NA,NA,NA,NA,NA,NA,NA,NA,NA,NA,NA,NA,NA,NA,NA,NA,NA,NA,NA,NA,NA,NA,NA,NA,NA,NA,12.1016016949153,1.8604636866118,39.4949830508475,5.85911768937059,0.345621468926554,0.34642336198,2.41056779661017,0.960014356991754,NA,NA,NA,NA,NA,NA,NA,NA
"Dolphins","MIA","DST","0503","weighted",NA,NA,NA,NA,NA,NA,NA,NA,NA,NA,NA,NA,NA,NA,NA,NA,NA,NA,NA,NA,NA,NA,NA,NA,NA,NA,NA,NA,NA,NA,NA,NA,NA,NA,NA,NA,11.3622966101695,1.28332860456563,40.282720338983,2.61460199687406,0.345621468926554,0.34642336198,2.02533474576271,1.27349685413877,NA,NA,NA,NA,NA,NA,NA,NA
"Jets","NYJ","DST","0505","weighted",NA,NA,NA,NA,NA,NA,NA,NA,NA,NA,NA,NA,NA,NA,NA,NA,NA,NA,NA,NA,NA,NA,NA,NA,NA,NA,NA,NA,NA,NA,NA,NA,NA,NA,NA,NA,11.6826779661017,0.859092691892829,40.7466101694915,6.52903078100472,0.345621468926554,0.34642336198,2.1308813559322,1.29183345968667,NA,NA,NA,NA,NA,NA,NA,NA
"Vikings","MIN","DST","0524","weighted",NA,NA,NA,NA,NA,NA,NA,NA,NA,NA,NA,NA,NA,NA,NA,NA,NA,NA,NA,NA,NA,NA,NA,NA,NA,NA,NA,NA,NA,NA,NA,NA,NA,NA,NA,NA,14.0047118644068,3.23210613355095,45.4102372881356,2.12185119303855,0.243326271186441,0.352044841337989,2.42769915254237,0.640284803422141,NA,NA,NA,NA,NA,NA,NA,NA
"Eagles","PHI","DST","0518","weighted",NA,NA,NA,NA,NA,NA,NA,NA,NA,NA,NA,NA,NA,NA,NA,NA,NA,NA,NA,NA,NA,NA,NA,NA,NA,NA,NA,NA,NA,NA,NA,NA,NA,NA,NA,NA,14.2891355932203,2.68662063133311,45.4107881355932,6.15860386515082,0.243326271186441,0.352044841337989,3.06175,0.623985809777893,NA,NA,NA,NA,NA,NA,NA,NA
"Seahawks","SEA","DST","0515","weighted",NA,NA,NA,NA,NA,NA,NA,NA,NA,NA,NA,NA,NA,NA,NA,NA,NA,NA,NA,NA,NA,NA,NA,NA,NA,NA,NA,NA,NA,NA,NA,NA,NA,NA,NA,NA,12.4661694915254,1.27927601083081,43.3643220338983,5.00494193227106,0.410338983050847,0.317881395056031,2.3886313559322,0.749523292271126,NA,NA,NA,NA,NA,NA,NA,NA
"Packers","GB","DST","0523","weighted",NA,NA,NA,NA,NA,NA,NA,NA,NA,NA,NA,NA,NA,NA,NA,NA,NA,NA,NA,NA,NA,NA,NA,NA,NA,NA,NA,NA,NA,NA,NA,NA,NA,NA,NA,NA,12.3318813559322,0.670830982420357,45.3283813559322,7.71478455563558,0.345621468926554,0.34642336198,2.18744915254237,1.2664518843988,NA,NA,NA,NA,NA,NA,NA,NA
"Buccaneers","TB","DST","0525","weighted",NA,NA,NA,NA,NA,NA,NA,NA,NA,NA,NA,NA,NA,NA,NA,NA,NA,NA,NA,NA,NA,NA,NA,NA,NA,NA,NA,NA,NA,NA,NA,NA,NA,NA,NA,NA,10.5083983050847,3.27581571267142,43.2610169491525,1.95185877772473,0.70156779661017,0.35512344639203,2.17480084745763,0.719890036007049,NA,NA,NA,NA,NA,NA,NA,NA
"Steelers","PIT","DST","0510","weighted",NA,NA,NA,NA,NA,NA,NA,NA,NA,NA,NA,NA,NA,NA,NA,NA,NA,NA,NA,NA,NA,NA,NA,NA,NA,NA,NA,NA,NA,NA,NA,NA,NA,NA,NA,NA,13.2821610169492,1.1587249341605,43.2963983050848,3.58819276301586,0.243326271186441,0.352044841337989,2.38152966101695,0.931312168754282,NA,NA,NA,NA,NA,NA,NA,NA
"Chargers","LAC","DST","0514","weighted",NA,NA,NA,NA,NA,NA,NA,NA,NA,NA,NA,NA,NA,NA,NA,NA,NA,NA,NA,NA,NA,NA,NA,NA,NA,NA,NA,NA,NA,NA,NA,NA,NA,NA,NA,NA,12.2018644067797,0.394952135426506,44.7614152542373,7.3281599102403,0,0,2.21744915254237,1.1471923058324,NA,NA,NA,NA,NA,NA,NA,NA
"Chiefs","KC","DST","0512","weighted",NA,NA,NA,NA,NA,NA,NA,NA,NA,NA,NA,NA,NA,NA,NA,NA,NA,NA,NA,NA,NA,NA,NA,NA,NA,NA,NA,NA,NA,NA,NA,NA,NA,NA,NA,NA,12.1225677966102,1.3202314674037,44.6065169491525,5.48774527673868,0.507838983050848,0.412841632010862,2.19283898305085,1.32540197860726,NA,NA,NA,NA,NA,NA,NA,NA
"49ers","SF","DST","0530","weighted",NA,NA,NA,NA,NA,NA,NA,NA,NA,NA,NA,NA,NA,NA,NA,NA,NA,NA,NA,NA,NA,NA,NA,NA,NA,NA,NA,NA,NA,NA,NA,NA,NA,NA,NA,NA,12.7919237288136,2.06666064292312,41.5919406779661,5.33529565930387,0.676412429378531,0.333918608402356,2.5283093220339,0.81206985562828,NA,NA,NA,NA,NA,NA,NA,NA
"Texans","HOU","DST","0532","weighted",NA,NA,NA,NA,NA,NA,NA,NA,NA,NA,NA,NA,NA,NA,NA,NA,NA,NA,NA,NA,NA,NA,NA,NA,NA,NA,NA,NA,NA,NA,NA,NA,NA,NA,NA,NA,15.7542966101695,2.47613374039113,44.1366440677966,7.86812174119588,1.01704449152542,0.604812046252557,2.98302542372881,0.600675974283089,NA,NA,NA,NA,NA,NA,NA,NA
"Bills","BUF","DST","0501","weighted",NA,NA,NA,NA,NA,NA,NA,NA,NA,NA,NA,NA,NA,NA,NA,NA,NA,NA,NA,NA,NA,NA,NA,NA,NA,NA,NA,NA,NA,NA,NA,NA,NA,NA,NA,NA,13.4016949152542,1.7484041683885,43.314906779661,5.77179033003142,0.871557203389831,0.445978021203867,2.6158813559322,0.740874435756313,NA,NA,NA,NA,NA,NA,NA,NA
"Ravens","BAL","DST","0531","weighted",NA,NA,NA,NA,NA,NA,NA,NA,NA,NA,NA,NA,NA,NA,NA,NA,NA,NA,NA,NA,NA,NA,NA,NA,NA,NA,NA,NA,NA,NA,NA,NA,NA,NA,NA,NA,13.3692627118644,0.84958983090536,51.5914915254237,7.95223490093351,0.243326271186441,0.352044841337989,2.48261016949153,0.762409926490083,NA,NA,NA,NA,NA,NA,NA,NA
