"player","team","position","id","avg_type","pass_yds","pass_yds_sd","pass_tds","pass_tds_sd","pass_int","pass_int_sd","rush_yds","rush_yds_sd","rush_tds","rush_tds_sd","fumbles_lost","fumbles_lost_sd","two_pts","two_pts_sd","return_tds","return_tds_sd","rec","rec_sd","rec_yds","rec_yds_sd","rec_tds","rec_tds_sd","fg_miss","fg_miss_sd","fg_0019","fg_0019_sd","fg_2029","fg_2029_sd","fg_3039","fg_3039_sd","fg_4049","fg_4049_sd","fg_50","fg_50_sd","xp","xp_sd","dst_int","dst_int_sd","dst_sacks","dst_sacks_sd","dst_safety","dst_safety_sd","dst_td","dst_td_sd","dst_blk","dst_blk_sd","draft_year","birthdate","injury_status","injury_details","season_year","week"
"Jared Goff","DET","QB","12611","weighted",4390.96547688707,174.111220584408,33.5349912229374,3.1367935856416,9.84517261556466,0.4702687289887,77.4967817437098,65.6303503180296,0.192510239906378,0.440989337712457,3.25746050321826,0.525568611170197,NA,NA,NA,NA,NA,NA,NA,NA,NA,NA,NA,NA,NA,NA,NA,NA,NA,NA,NA,NA,NA,NA,NA,NA,NA,NA,NA,NA,NA,NA,NA,NA,NA,NA,2016,1994-10-14,NA,NA,NA,NA
"Dak Prescott","DAL","QB","12620","weighted",4371.38502047981,180.436390619395,32.4077238150965,2.64437373509486,11.2102984201287,0.851077781497555,172.48156816852,13.2287104476806,1.68256290228204,0.45958402455918,2.24294909303686,0.218479415453748,NA,NA,NA,NA,NA,NA,NA,NA,NA,NA,NA,NA,NA,NA,NA,NA,NA,NA,NA,NA,NA,NA,NA,NA,NA,NA,NA,NA,NA,NA,NA,NA,NA,NA,2016,1993-07-29,NA,NA,NA,NA
"Joe Burrow","CIN","QB","14777","weighted",4229.47045055588,125.998469741671,35.8105324751317,4.03674878903191,10.9976594499707,1.7391670261122,179.565242832066,10.2285523479914,1.38560561732007,0.544412331465575,1.65081919251024,0.398920639894096,NA,NA,NA,NA,NA,NA,NA,NA,NA,NA,NA,NA,NA,NA,NA,NA,NA,NA,NA,NA,NA,NA,NA,NA,NA,NA,NA,NA,NA,NA,NA,NA,NA,NA,2020,1996-12-10,NA,NA,NA,NA
"Matthew Stafford","LAR","QB","9431","weighted",4238.55061439438,110.92863323208,35.254476301931,2.56285840128033,9.13434757167935,1.41459394887171,64.4932709186659,70.8414085735896,0.192510239906378,0.440989337712457,1.85149210064365,0.105113722234039,NA,NA,NA,NA,NA,NA,NA,NA,NA,NA,NA,NA,NA,NA,NA,NA,NA,NA,NA,NA,NA,NA,NA,NA,NA,NA,NA,NA,NA,NA,NA,NA,NA,NA,2009,1988-02-07,NA,NA,NA,NA
"Matthew Stafford","LAR","QB","9431","weighted",4238.55061439438,110.92863323208,35.254476301931,2.56285840128033,9.13434757167935,1.41459394887171,64.4932709186659,70.8414085735896,0.192510239906378,0.440989337712457,1.85149210064365,0.105113722234039,NA,NA,NA,NA,NA,NA,NA,NA,NA,NA,NA,NA,NA,NA,NA,NA,NA,NA,NA,NA,NA,NA,NA,NA,NA,NA,NA,NA,NA,NA,NA,NA,NA,NA,2009,2003-05-23,NA,NA,NA,NA
"Justin Herbert","LAC","QB","14779","weighted",3953.93797542422,195.750764858823,28.0229373902867,2.96078601527081,10.5380339379754,1.78958378701664,444.665301345816,69.1889343424474,2.25049736688122,0.429662397811798,2.34651843183148,0.245265351879425,NA,NA,NA,NA,NA,NA,NA,NA,NA,NA,NA,NA,NA,NA,NA,NA,NA,NA,NA,NA,NA,NA,NA,NA,NA,NA,NA,NA,NA,NA,NA,NA,NA,NA,2020,1998-03-10,NA,NA,NA,NA
"Josh Allen","BUF","QB","13589","weighted",3853.80222352253,245.119980080984,28.3602691632534,2.33664000964577,10.3444119368051,1.98619613429514,562.988882387361,35.6411134234737,12.144880046811,0.787603851840084,3.75582211819778,0.309360708975253,NA,NA,NA,NA,NA,NA,NA,NA,NA,NA,NA,NA,NA,NA,NA,NA,NA,NA,NA,NA,NA,NA,NA,NA,NA,NA,NA,NA,NA,NA,NA,NA,NA,NA,2018,1996-05-21,NA,NA,NA,NA
"Brock Purdy","SF","QB","15698","weighted",4061.80280866003,204.024599062234,29.4329432416618,3.77133075953885,13.9859566998245,1.57800098135706,298.305441778818,29.254705792064,3.88209479227618,0.901814292277574,4.06673493270919,0.740104440059478,NA,NA,NA,NA,NA,NA,NA,NA,NA,NA,NA,NA,NA,NA,NA,NA,NA,NA,NA,NA,NA,NA,NA,NA,NA,NA,NA,NA,NA,NA,NA,NA,NA,NA,2022,1999-12-27,NA,NA,NA,NA
"Drake Maye","NE","QB","16580","weighted",4071.87302516091,77.3547628924655,29.3977179637215,2.68943333522682,10.1702750146284,1.10215762678118,505.197191339965,48.3033015415788,4.00959625511995,0.726954038692131,6.08443534230544,0.281343378331111,NA,NA,NA,NA,NA,NA,NA,NA,NA,NA,NA,NA,NA,NA,NA,NA,NA,NA,NA,NA,NA,NA,NA,NA,NA,NA,NA,NA,NA,NA,NA,NA,NA,NA,2024,2002-08-30,NA,NA,NA,NA
"Sam Darnold","SEA","QB","13592","weighted",4038.24107665301,134.990677798227,29.1814511410181,4.49928444480531,11.9064365125805,1.5044306914542,133.771796372147,25.0626089273099,0.607372732592159,0.54619853863437,4.61392627267408,0.9810614075177,NA,NA,NA,NA,NA,NA,NA,NA,NA,NA,NA,NA,NA,NA,NA,NA,NA,NA,NA,NA,NA,NA,NA,NA,NA,NA,NA,NA,NA,NA,NA,NA,NA,NA,2018,1997-06-05,NA,NA,NA,NA
"Baker Mayfield","TB","QB","13590","weighted",3907.5599765945,144.111773834706,28.3874780573435,4.04366653608203,12.1694558221182,1.4459602728225,359.517846693973,29.5108159833196,1.49005266237566,0.50278156520109,3.09900526623757,0.0700758148226929,NA,NA,NA,NA,NA,NA,NA,NA,NA,NA,NA,NA,NA,NA,NA,NA,NA,NA,NA,NA,NA,NA,NA,NA,NA,NA,NA,NA,NA,NA,NA,NA,NA,NA,2018,1995-04-14,NA,NA,NA,NA
"Trevor Lawrence","JAC","QB","15237","weighted",3896.89818607373,156.245012641541,28.733996489175,3.69383137656146,12.3623756582797,1.69242047173013,314.772966647162,29.0626717016498,5.65096547688707,1.31786036970469,2.8469280280866,0.351972296533741,NA,NA,NA,NA,NA,NA,NA,NA,NA,NA,NA,NA,NA,NA,NA,NA,NA,NA,NA,NA,NA,NA,NA,NA,NA,NA,NA,NA,NA,NA,NA,NA,NA,NA,2021,1999-10-06,NA,NA,NA,NA
"Caleb Williams","CHI","QB","16579","weighted",3886.41661790521,114.024278488773,29.6059098888239,4.69466885716467,9.32334698654184,1.28701783476559,417.479812755998,28.8238261360704,2.27138677589233,0.979949854598854,2.19801053247513,0.140151629645386,NA,NA,NA,NA,NA,NA,NA,NA,NA,NA,NA,NA,NA,NA,NA,NA,NA,NA,NA,NA,NA,NA,NA,NA,NA,NA,NA,NA,NA,NA,NA,NA,NA,NA,2024,2001-11-18,NA,NA,NA,NA
"Tyler Shough","NO","QB","17039","weighted",3892.26506729081,155.318830236352,24.8181392627267,4.7744999097241,10.7489174956115,1.99317375567559,319.818022235225,37.3167394125027,4.13569338794617,0.489974927299427,3.55447630193095,0.315341166702118,NA,NA,NA,NA,NA,NA,NA,NA,NA,NA,NA,NA,NA,NA,NA,NA,NA,NA,NA,NA,NA,NA,NA,NA,NA,NA,NA,NA,NA,NA,NA,NA,NA,NA,2025,1999-09-28,NA,NA,NA,NA
"Bo Nix","DEN","QB","16582","weighted",3793.75482738443,186.76279555028,29.2027501462844,4.6397869980904,10.7334698654184,0.989426282609794,359.808660035108,38.6911201793855,3.72393212404915,0.931237678077775,1.2970157987127,0.210227444468079,NA,NA,NA,NA,NA,NA,NA,NA,NA,NA,NA,NA,NA,NA,NA,NA,NA,NA,NA,NA,NA,NA,NA,NA,NA,NA,NA,NA,NA,NA,NA,NA,NA,NA,2024,2000-02-25,NA,NA,NA,NA
"Jordan Love","GB","QB","14782","weighted",3870.76243417203,118.773890696802,27.962960795787,3.16147965608761,9.63586892919836,1.08657942348589,199.637214745465,14.4092064436557,0.991808074897601,0.702351677445838,1.55447630193095,0.315341166702118,NA,NA,NA,NA,NA,NA,NA,NA,NA,NA,NA,NA,NA,NA,NA,NA,NA,NA,NA,NA,NA,NA,NA,NA,NA,NA,NA,NA,NA,NA,NA,NA,NA,NA,2020,1998-11-02,NA,NA,NA,NA
"Patrick Mahomes","KC","QB","13116","weighted",3828.70801638385,146.158449382533,29.2800468110006,3.77460521627305,10.9136922176712,1.12404704998953,346.235810415448,53.4589226339671,3.43089526038619,0.603515137992647,0.900994733762434,0.0700758148226929,NA,NA,NA,NA,NA,NA,NA,NA,NA,NA,NA,NA,NA,NA,NA,NA,NA,NA,NA,NA,NA,NA,NA,NA,NA,NA,NA,NA,NA,NA,NA,NA,NA,NA,2017,1995-09-17,"Q","Knee - ACL",2026,0
"C.J. Stroud","HOU","QB","16150","weighted",3844.59801053248,85.1933305255802,26.1662960795787,6.40832950493959,11.0728496196606,1.50608682177629,234.277940315974,17.3432392814849,1.36705675833821,0.89448847251485,3,4.96709974099017e-16,NA,NA,NA,NA,NA,NA,NA,NA,NA,NA,NA,NA,NA,NA,NA,NA,NA,NA,NA,NA,NA,NA,NA,NA,NA,NA,NA,NA,NA,NA,NA,NA,NA,NA,2023,2001-10-03,NA,NA,NA,NA
"Lamar Jackson","BAL","QB","13593","weighted",3630.14686951434,202.833208081069,29.3067875950848,3.8163580394131,8.77840842598011,1.6617140570741,673.176711527209,58.1781315765081,4.21187829139848,1.35790021249009,3.78619075482738,0.321878652801789,NA,NA,NA,NA,NA,NA,NA,NA,NA,NA,NA,NA,NA,NA,NA,NA,NA,NA,NA,NA,NA,NA,NA,NA,NA,NA,NA,NA,NA,NA,NA,NA,NA,NA,2018,1997-01-07,NA,NA,NA,NA
"Jayden Daniels","WAS","QB","16581","weighted",3672.60503218256,167.385360333893,25.6826214160328,3.84318566599565,9.73247513165594,1.51638664265644,713.015798712697,69.7840826093905,4.8182562902282,0.794278000615302,2.38022235225278,0.217714120347942,NA,NA,NA,NA,NA,NA,NA,NA,NA,NA,NA,NA,NA,NA,NA,NA,NA,NA,NA,NA,NA,NA,NA,NA,NA,NA,NA,NA,NA,NA,NA,NA,NA,NA,2024,2000-12-18,NA,NA,NA,NA
"Daniel Jones","IND","QB","14059","weighted",3265.16325336454,908.365419148293,21.719602106495,7.68272377404205,9.87009947337624,3.24300130922989,206.565827969573,88.0739672949178,3.57401989467525,1.91808551645001,3.64353423054418,0.455492796347504,NA,NA,NA,NA,NA,NA,NA,NA,NA,NA,NA,NA,NA,NA,NA,NA,NA,NA,NA,NA,NA,NA,NA,NA,NA,NA,NA,NA,NA,NA,NA,NA,NA,NA,2019,1997-05-27,NA,NA,NA,NA
"Geno Smith","NYJ","QB","11150","weighted",3284.24985371562,441.798849178693,23.6709186658865,4.66308698347839,13.9050906963136,1.61682939979208,202.021650087771,45.1816163488538,0.864306612053833,0.489974927299427,1.2970157987127,0.210227444468079,NA,NA,NA,NA,NA,NA,NA,NA,NA,NA,NA,NA,NA,NA,NA,NA,NA,NA,NA,NA,NA,NA,NA,NA,NA,NA,NA,NA,NA,NA,NA,NA,NA,NA,2013,1990-10-10,NA,NA,NA,NA
"Jalen Hurts","PHI","QB","14783","weighted",3551.15857226448,199.258275998091,25.5428320655354,2.34502591975033,7.43423054417788,1.11461925776714,474.932124049152,26.8195696063721,8.88484493856056,0.916734224828605,3.65681685196021,0.373526048296584,NA,NA,NA,NA,NA,NA,NA,NA,NA,NA,NA,NA,NA,NA,NA,NA,NA,NA,NA,NA,NA,NA,NA,NA,NA,NA,NA,NA,NA,NA,NA,NA,NA,NA,2020,1998-08-07,NA,NA,NA,NA
"Jacoby Brissett","ARI","QB","12616","weighted",3599.75073142188,163.960962840025,23.9429490930369,8.38549727859181,10.2100643651258,1.09219551749995,193.406670567583,56.4601287567035,1.22042129900527,0.439803506021643,4.96044470450556,0.735796055638275,NA,NA,NA,NA,NA,NA,NA,NA,NA,NA,NA,NA,NA,NA,NA,NA,NA,NA,NA,NA,NA,NA,NA,NA,NA,NA,NA,NA,NA,NA,NA,NA,NA,NA,2016,1992-12-11,NA,NA,NA,NA
"Aaron Rodgers","PIT","QB","7836","weighted",3515.09011117613,288.196413702148,25.3534815681685,6.20860723916376,9.29543592744295,1.43698664973796,99.8262141603277,36.4786824381211,0.797366881217086,0.477977249950958,2.34651843183148,0.245265351879425,NA,NA,NA,NA,NA,NA,NA,NA,NA,NA,NA,NA,NA,NA,NA,NA,NA,NA,NA,NA,NA,NA,NA,NA,NA,NA,NA,NA,NA,NA,NA,NA,NA,NA,2005,1983-12-02,NA,NA,NA,NA
"Cam Ward","TEN","QB","17030","weighted",3547.01755412522,242.735214086995,23.2453481568169,6.7154735525309,9.93300175541252,0.757119329884178,190.397308367466,39.9790784771139,1.979520187244,0.727135565140011,5.75248683440608,0.175189537056732,NA,NA,NA,NA,NA,NA,NA,NA,NA,NA,NA,NA,NA,NA,NA,NA,NA,NA,NA,NA,NA,NA,NA,NA,NA,NA,NA,NA,NA,NA,NA,NA,NA,NA,2025,2002-05-25,NA,NA,NA,NA
"Jaxson Dart","NYG","QB","17032","weighted",3500.05792861322,208.638456087179,24.7308952603862,4.32104211567112,9.98847279110591,2.36717175292057,557.453481568169,42.4374660107408,7.3540081919251,1.14878410948038,2.58218256290228,0.340695933578368,NA,NA,NA,NA,NA,NA,NA,NA,NA,NA,NA,NA,NA,NA,NA,NA,NA,NA,NA,NA,NA,NA,NA,NA,NA,NA,NA,NA,NA,NA,NA,NA,NA,NA,2025,2003-05-13,NA,NA,NA,NA
"Kyler Murray","MIN","QB","14056","weighted",3503.34698654184,165.65516857217,25.3602691632534,5.71596975481166,12.8008191925102,4.15367902125326,454.646576945582,52.7073119121537,3.50743124634289,0.736534157197698,3.05944997074312,0.665720240815582,NA,NA,NA,NA,NA,NA,NA,NA,NA,NA,NA,NA,NA,NA,NA,NA,NA,NA,NA,NA,NA,NA,NA,NA,NA,NA,NA,NA,NA,NA,NA,NA,NA,NA,2019,1997-08-07,NA,NA,NA,NA
"Bryce Young","CAR","QB","16148","weighted",3404.88472791106,193.77439362827,25.2217086015214,5.27184487410831,11.6210649502633,2.07747596215529,264.936220011703,22.8508319749862,3.08355763604447,1.09299985628204,2.64353423054418,0.455492796347504,NA,NA,NA,NA,NA,NA,NA,NA,NA,NA,NA,NA,NA,NA,NA,NA,NA,NA,NA,NA,NA,NA,NA,NA,NA,NA,NA,NA,NA,NA,NA,NA,NA,NA,2023,2001-07-25,NA,NA,NA,NA
"Malik Willis","MIA","QB","15694","weighted",3389.98127559977,170.061736732886,20.7730836746635,6.87831092398548,10.9863077823288,3.42172463377483,521.781743709772,221.313259267055,3.64698654183733,1.60978993682645,3.9703920421299,1.4365542038652,NA,NA,NA,NA,NA,NA,NA,NA,NA,NA,NA,NA,NA,NA,NA,NA,NA,NA,NA,NA,NA,NA,NA,NA,NA,NA,NA,NA,NA,NA,NA,NA,NA,NA,2022,1999-05-25,NA,NA,NA,NA
"Tua Tagovailoa","ATL","QB","14778","weighted",2285.23346986542,784.86374524038,13.9808074897601,5.80052341662149,6.33516676418958,2.98689250182857,49.7911059098888,7.07325848424137,0,0,1.00994733762434,0.700758148226929,NA,NA,NA,NA,NA,NA,NA,NA,NA,NA,NA,NA,NA,NA,NA,NA,NA,NA,NA,NA,NA,NA,NA,NA,NA,NA,NA,NA,NA,NA,NA,NA,NA,NA,2020,1998-03-02,"Q","Back",2026,0
"Fernando Mendoza","LVR","QB","17462","weighted",2833.51082504389,507.783650973011,17.2895845523698,3.20004984013291,10.0688706846109,3.4693995793038,183.01521357519,63.9530308724462,1.00117027501463,0.692967350804836,1.75248683440609,0.175189537056732,NA,NA,NA,NA,NA,NA,NA,NA,NA,NA,NA,NA,NA,NA,NA,NA,NA,NA,NA,NA,NA,NA,NA,NA,NA,NA,NA,NA,NA,NA,NA,NA,NA,NA,2026,2003-10-01,NA,NA,NA,NA
"Michael Penix Jr.","ATL","QB","16583","weighted",1881.76418958455,898.920766787402,11.7998829724985,7.5434756719548,4.90321825629023,2.15645229360296,77.4605032182563,48.5927826904624,0.730017554125219,0.768934567348196,1.23756582796957,0.875947685283661,NA,NA,NA,NA,NA,NA,NA,NA,NA,NA,NA,NA,NA,NA,NA,NA,NA,NA,NA,NA,NA,NA,NA,NA,NA,NA,NA,NA,NA,NA,NA,NA,NA,NA,2024,2000-05-08,"Q","Knee - ACL",2026,0
"Deshaun Watson","CLE","QB","13113","weighted",1695.51492100644,732.592984730467,11.0680514921006,9.4110344654028,6.87741369221767,3.47771375615878,166.159742539497,69.7369403341835,1,0,2.58408425980105,1.12121303716309,NA,NA,NA,NA,NA,NA,NA,NA,NA,NA,NA,NA,NA,NA,NA,NA,NA,NA,NA,NA,NA,NA,NA,NA,NA,NA,NA,NA,NA,NA,NA,NA,NA,NA,2017,1995-09-14,NA,NA,NA,NA
"Shedeur Sanders","CLE","QB","17031","weighted",1762.1761263897,552.688095350074,11.0411936805149,3.09157417655219,8.57296664716208,4.27658105891094,173.88882387361,51.3314027052917,1.02908133411352,0.666818802350407,1.20795787009947,0.560606518581543,NA,NA,NA,NA,NA,NA,NA,NA,NA,NA,NA,NA,NA,NA,NA,NA,NA,NA,NA,NA,NA,NA,NA,NA,NA,NA,NA,NA,NA,NA,NA,NA,NA,NA,2025,2002-02-07,NA,NA,NA,NA
"Kirk Cousins","LVR","QB","10700","weighted",928.163838502048,318.263896836049,6.82609713282621,4.74114684312983,4.39104739613809,1.60674856496009,19.2668227033353,26.0636494250657,0.133937975424225,0.307975759467023,0.900994733762434,0.0700758148226929,NA,NA,NA,NA,NA,NA,NA,NA,NA,NA,NA,NA,NA,NA,NA,NA,NA,NA,NA,NA,NA,NA,NA,NA,NA,NA,NA,NA,NA,NA,NA,NA,NA,NA,2012,1988-08-19,NA,NA,NA,NA
"J.J. McCarthy","MIN","QB","16584","weighted",577.036278525454,384.374661549401,4.07255705090696,3.81852313399444,2.3458162668227,1.51769308789031,42.7811585722645,28.2401438802882,0.556056173200702,0.847436487646334,0.445523698069046,0.315341166702118,NA,NA,NA,NA,NA,NA,NA,NA,NA,NA,NA,NA,NA,NA,NA,NA,NA,NA,NA,NA,NA,NA,NA,NA,NA,NA,NA,NA,NA,NA,NA,NA,NA,NA,2024,2003-01-20,NA,NA,NA,NA
"Spencer Rattler","NO","QB","16586","weighted",535.173826173826,448.977056041756,4.82507492507493,5.88706168502362,2.17602397602398,2.06809941740206,52.3676323676324,39.9765091930516,0,0,1.37622377622378,1.40371186008607,NA,NA,NA,NA,NA,NA,NA,NA,NA,NA,NA,NA,NA,NA,NA,NA,NA,NA,NA,NA,NA,NA,NA,NA,NA,NA,NA,NA,NA,NA,NA,NA,NA,NA,2024,2000-09-28,NA,NA,NA,NA
"Riley Leonard","IND","QB","17035","weighted",401.728764478765,460.949784236232,2.76911196911197,2.82640512896637,1.4792471042471,1.2996415406762,27.8108108108108,38.8403169785665,0.350096525096525,0.547170625187481,0.2,3.40340641165148e-17,NA,NA,NA,NA,NA,NA,NA,NA,NA,NA,NA,NA,NA,NA,NA,NA,NA,NA,NA,NA,NA,NA,NA,NA,NA,NA,NA,NA,NA,NA,NA,NA,NA,NA,2025,2002-09-13,NA,NA,NA,NA
"Dillon Gabriel","CLE","QB","17037","weighted",458.310502283105,560.735677480932,2.45707762557078,2.1920310216783,0.601826484018265,0.565685424949238,21.5890410958904,27.5771644662754,0,0,0,0,NA,NA,NA,NA,NA,NA,NA,NA,NA,NA,NA,NA,NA,NA,NA,NA,NA,NA,NA,NA,NA,NA,NA,NA,NA,NA,NA,NA,NA,NA,NA,NA,NA,NA,2025,2000-12-28,NA,NA,NA,NA
"Marcus Mariota","WAS","QB","12141","weighted",579.587412587413,211.171579624683,4.24435564435564,1.41917188470515,1.78701298701299,0.72523828334168,68.2087912087912,72.8627824625878,0.623676323676324,0.555005660448064,0.393206793206793,0.401060531453164,NA,NA,NA,NA,NA,NA,NA,NA,NA,NA,NA,NA,NA,NA,NA,NA,NA,NA,NA,NA,NA,NA,NA,NA,NA,NA,NA,NA,NA,NA,NA,NA,NA,NA,2015,1993-10-30,NA,NA,NA,NA
"Justin Fields","KC","QB","15238","weighted",317.852545348157,252.006644220587,2.19157401989468,1.68789620986402,0.845757753071972,0.469730669911326,51.713282621416,47.8061627875077,0.500994733762434,0.859324795623595,0.34651843183148,0.245265351879425,NA,NA,NA,NA,NA,NA,NA,NA,NA,NA,NA,NA,NA,NA,NA,NA,NA,NA,NA,NA,NA,NA,NA,NA,NA,NA,NA,NA,NA,NA,NA,NA,NA,NA,2021,1999-03-05,NA,NA,NA,NA
"Quinn Ewers","MIA","QB","17034","weighted",356.223913043478,274.705980798019,2.91833333333333,1.79496051427088,1.83369565217391,1.02993574535827,17.5623188405797,5.10222296990209,0,0,0.246920289855072,0.201383012302038,NA,NA,NA,NA,NA,NA,NA,NA,NA,NA,NA,NA,NA,NA,NA,NA,NA,NA,NA,NA,NA,NA,NA,NA,NA,NA,NA,NA,NA,NA,NA,NA,NA,NA,2025,2003-03-15,NA,NA,NA,NA
"Joe Flacco","CIN","QB","9064","weighted",388.658646616541,274.778631861246,3.12345864661654,2.49372031089151,1.64375939849624,0.942802397798852,11.7796992481203,9.13501119150716,0.0737593984962406,0.149173937280108,0.654473684210526,0.287033210533253,NA,NA,NA,NA,NA,NA,NA,NA,NA,NA,NA,NA,NA,NA,NA,NA,NA,NA,NA,NA,NA,NA,NA,NA,NA,NA,NA,NA,NA,NA,NA,NA,NA,NA,2008,1985-01-16,NA,NA,NA,NA
"Jameis Winston","NYG","QB","12140","weighted",349.381509654769,233.268160961875,2.48636629607958,2.29386177094069,1.66360444704506,0.610430129086319,17.3194850789936,17.1059824109127,0.287009947337624,0.659948056000764,1.04950263311878,0.0350379074113465,NA,NA,NA,NA,NA,NA,NA,NA,NA,NA,NA,NA,NA,NA,NA,NA,NA,NA,NA,NA,NA,NA,NA,NA,NA,NA,NA,NA,NA,NA,NA,NA,NA,NA,2015,1994-01-06,NA,NA,NA,NA
"Mason Rudolph","PIT","QB","13595","weighted",364.388611388611,295.325797344532,3.45304695304695,3.48916459645495,0.787012987012987,0.72523828334168,25.8171828171828,16.374198008203,0,0,0,0,NA,NA,NA,NA,NA,NA,NA,NA,NA,NA,NA,NA,NA,NA,NA,NA,NA,NA,NA,NA,NA,NA,NA,NA,NA,NA,NA,NA,NA,NA,NA,NA,NA,NA,2018,1995-07-17,NA,NA,NA,NA
"Mac Jones","SF","QB","15241","weighted",338.334113516676,252.05357417122,2.67167934464599,2.37839622041516,1.06699824458748,0.757119329884178,18.9654768870685,16.6017071399075,0.19133996489175,0.439965370667176,0.544528964306612,0.385416981524811,NA,NA,NA,NA,NA,NA,NA,NA,NA,NA,NA,NA,NA,NA,NA,NA,NA,NA,NA,NA,NA,NA,NA,NA,NA,NA,NA,NA,NA,NA,NA,NA,NA,NA,2021,1998-09-05,NA,NA,NA,NA
"Davis Mills","HOU","QB","15252","weighted",293.3,172.453344608992,2.76746376811594,2.95823219809682,1.03507246376812,0.886917770562161,22.6934782608696,21.8426775159326,0,0,0,0,NA,NA,NA,NA,NA,NA,NA,NA,NA,NA,NA,NA,NA,NA,NA,NA,NA,NA,NA,NA,NA,NA,NA,NA,NA,NA,NA,NA,NA,NA,NA,NA,NA,NA,2021,1998-10-21,NA,NA,NA,NA
"Ty Simpson","LAR","QB","17463","weighted",312.379,153.918761051458,2.8168,1.5870693136573,1.4905,0.861935058110238,17.558,13.7370968304004,0,0,0.14745,0.150473787157102,NA,NA,NA,NA,NA,NA,NA,NA,NA,NA,NA,NA,NA,NA,NA,NA,NA,NA,NA,NA,NA,NA,NA,NA,NA,NA,NA,NA,NA,NA,NA,NA,NA,NA,2026,2002-12-21,NA,NA,NA,NA
"Carson Beck","ARI","QB","17466","weighted",339.79752851711,191.228608302128,2.34600760456274,1.15012117127913,1.34600760456274,1.15012117127913,20.004752851711,11.3916239739955,0,0,0,0,NA,NA,NA,NA,NA,NA,NA,NA,NA,NA,NA,NA,NA,NA,NA,NA,NA,NA,NA,NA,NA,NA,NA,NA,NA,NA,NA,NA,NA,NA,NA,NA,NA,NA,2026,2001-11-19,NA,NA,NA,NA
"Tyrod Taylor","GB","QB","10413","weighted",293.15250965251,124.052128138404,2.6757722007722,2.24313661545237,1.94980694980695,1.01037311005367,33.0202702702703,34.5767522207437,0.126254826254826,0.227961131547017,0,0,NA,NA,NA,NA,NA,NA,NA,NA,NA,NA,NA,NA,NA,NA,NA,NA,NA,NA,NA,NA,NA,NA,NA,NA,NA,NA,NA,NA,NA,NA,NA,NA,NA,NA,2011,1989-08-03,NA,NA,NA,NA
"Joe Milton","DAL","QB","16585","weighted",257.413333333333,143.128553865759,2.33914285714286,2.44108889623151,1.57552380952381,1.98261892475581,41.292380952381,36.038478573379,0,0,0.934619047619048,0.930813212965447,NA,NA,NA,NA,NA,NA,NA,NA,NA,NA,NA,NA,NA,NA,NA,NA,NA,NA,NA,NA,NA,NA,NA,NA,NA,NA,NA,NA,NA,NA,NA,NA,NA,NA,2024,2000-03-06,NA,NA,NA,NA
"Gardner Minshew","ARI","QB","14067","weighted",307.368631368631,140.936838964195,2.24735264735265,1.11001132089613,0.95034965034965,0.953372396392637,16.3296703296703,0.575815454577438,0,0,0,0,NA,NA,NA,NA,NA,NA,NA,NA,NA,NA,NA,NA,NA,NA,NA,NA,NA,NA,NA,NA,NA,NA,NA,NA,NA,NA,NA,NA,NA,NA,NA,NA,NA,NA,2019,1996-05-16,NA,NA,NA,NA
"Kenny Pickett","CAR","QB","15692","weighted",226.447619047619,127.342202993868,2.15228571428571,2.1004718409434,1.37371428571429,0.681234110576237,18.1095238095238,11.3277300690831,0,0,0,0,NA,NA,NA,NA,NA,NA,NA,NA,NA,NA,NA,NA,NA,NA,NA,NA,NA,NA,NA,NA,NA,NA,NA,NA,NA,NA,NA,NA,NA,NA,NA,NA,NA,NA,2022,1998-06-06,NA,NA,NA,NA
"Anthony Richardson","IND","QB","16152","weighted",311.095904095904,50.6447449850295,2.71868131868132,1.26383853285682,1.81968031968032,0.767697540320062,58.967032967033,22.0716315383455,0.558341658341658,0.516776653956938,0.245754245754246,0.250662832158227,NA,NA,NA,NA,NA,NA,NA,NA,NA,NA,NA,NA,NA,NA,NA,NA,NA,NA,NA,NA,NA,NA,NA,NA,NA,NA,NA,NA,NA,NA,NA,NA,NA,NA,2023,2002-05-22,NA,NA,NA,NA
"Andy Dalton","PHI","QB","10313","weighted",208.817182817183,97.3822009249024,1.45734265734266,0.804260884545246,0.46033966033966,0.505075313907195,13.1428571428571,9.59611869681945,0,0,0.508491508491509,0.501325664316454,NA,NA,NA,NA,NA,NA,NA,NA,NA,NA,NA,NA,NA,NA,NA,NA,NA,NA,NA,NA,NA,NA,NA,NA,NA,NA,NA,NA,NA,NA,NA,NA,NA,NA,2011,1987-10-29,NA,NA,NA,NA
"Tyler Huntley","BAL","QB","14789","weighted",215.896103896104,94.1979884983796,1.75434565434565,0.684968601323202,0.558341658341658,0.516776653956938,30.034965034965,21.9058486864466,0,0,0.147452547452547,0.150397699294936,NA,NA,NA,NA,NA,NA,NA,NA,NA,NA,NA,NA,NA,NA,NA,NA,NA,NA,NA,NA,NA,NA,NA,NA,NA,NA,NA,NA,NA,NA,NA,NA,NA,NA,2020,1998-02-03,NA,NA,NA,NA
"Tanner McKee","PHI","QB","15702","weighted",156.671328671329,145.47539747638,1.100999000999,0.848225530498974,0.0326673326673327,0.0574472060389462,7.8031968031968,7.67697540320062,0,0,0,0,NA,NA,NA,NA,NA,NA,NA,NA,NA,NA,NA,NA,NA,NA,NA,NA,NA,NA,NA,NA,NA,NA,NA,NA,NA,NA,NA,NA,NA,NA,NA,NA,NA,NA,2023,2000-04-27,NA,NA,NA,NA
"Jake Browning","TB","QB","14358","weighted",246.216783216783,84.154746909585,2.24435564435564,1.41917188470515,1.55534465534466,0.976602502662085,22.4095904095904,7.19250546301486,0,0,0,0,NA,NA,NA,NA,NA,NA,NA,NA,NA,NA,NA,NA,NA,NA,NA,NA,NA,NA,NA,NA,NA,NA,NA,NA,NA,NA,NA,NA,NA,NA,NA,NA,NA,NA,2019,1996-04-11,NA,NA,NA,NA
"Carson Wentz","MIN","QB","12610","weighted",209.337899543379,50.2045814642449,1.54748858447489,0.777817459305202,0.850684931506849,0.212132034355964,16.0228310502283,7.07106781186548,0,0,0,0,NA,NA,NA,NA,NA,NA,NA,NA,NA,NA,NA,NA,NA,NA,NA,NA,NA,NA,NA,NA,NA,NA,NA,NA,NA,NA,NA,NA,NA,NA,NA,NA,NA,NA,2016,1992-12-30,NA,NA,NA,NA
"Trey Lance","LAC","QB","15240","weighted",180.957042957043,49.9824162745573,0.931668331668332,0.895156740462333,0.869330669330669,0.229788824155785,31.5024975024975,11.5640233690362,0,0,0,0,NA,NA,NA,NA,NA,NA,NA,NA,NA,NA,NA,NA,NA,NA,NA,NA,NA,NA,NA,NA,NA,NA,NA,NA,NA,NA,NA,NA,NA,NA,NA,NA,NA,NA,2021,2000-05-09,NA,NA,NA,NA
"Cade Klubnik","NYJ","QB","17467","weighted",158.151428571429,60.3540571967689,1.59171428571429,1.07862067507904,1.35752380952381,1.60174056491414,25.1942857142857,29.5201447916369,0,0,0.885428571428571,0.881823043862002,NA,NA,NA,NA,NA,NA,NA,NA,NA,NA,NA,NA,NA,NA,NA,NA,NA,NA,NA,NA,NA,NA,NA,NA,NA,NA,NA,NA,NA,NA,NA,NA,NA,NA,2026,2003-10-10,NA,NA,NA,NA
"Tyson Bagent","CHI","QB","16384","weighted",144.18,60.1248419375912,0.875428571428571,0.227078036858746,0.0622857142857143,0.113539018429373,7.68666666666667,5.60790570978946,0,0,0,0,NA,NA,NA,NA,NA,NA,NA,NA,NA,NA,NA,NA,NA,NA,NA,NA,NA,NA,NA,NA,NA,NA,NA,NA,NA,NA,NA,NA,NA,NA,NA,NA,NA,NA,2023,2000-06-08,NA,NA,NA,NA
"Will Howard","PIT","QB","17036","weighted",145.557399723375,60.1040764008565,1,0,0.524204702627939,0.707106781186547,7.47579529737206,0.707106781186547,0,0,0,0,NA,NA,NA,NA,NA,NA,NA,NA,NA,NA,NA,NA,NA,NA,NA,NA,NA,NA,NA,NA,NA,NA,NA,NA,NA,NA,NA,NA,NA,NA,NA,NA,NA,NA,2025,2001-09-24,NA,NA,NA,NA
"Kyle Allen","BUF","QB","13879","weighted",97.0952380952381,90.2305967548452,0.688571428571429,0.567695092146864,0.360952380952381,0.58877990581834,4.70571428571429,1.54330584341943,0,0,0,0,NA,NA,NA,NA,NA,NA,NA,NA,NA,NA,NA,NA,NA,NA,NA,NA,NA,NA,NA,NA,NA,NA,NA,NA,NA,NA,NA,NA,NA,NA,NA,NA,NA,NA,2018,1996-03-08,NA,NA,NA,NA
"Mitchell Trubisky","TEN","QB","13115","weighted",101.574425574426,79.6979899878747,0.738661338661339,0.459577648311569,0.0326673326673327,0.0574472060389462,10.3146853146853,11.3041832029328,0,0,0,0,NA,NA,NA,NA,NA,NA,NA,NA,NA,NA,NA,NA,NA,NA,NA,NA,NA,NA,NA,NA,NA,NA,NA,NA,NA,NA,NA,NA,NA,NA,NA,NA,NA,NA,2017,1994-08-20,NA,NA,NA,NA
"Teddy Bridgewater","DET","QB","11640","weighted",88.9761549925484,110.308657865101,0.658867362146051,0.494974746830583,0.0487332339791356,0.0707106781186548,6.66467958271237,9.19238815542512,0,0,0,0,NA,NA,NA,NA,NA,NA,NA,NA,NA,NA,NA,NA,NA,NA,NA,NA,NA,NA,NA,NA,NA,NA,NA,NA,NA,NA,NA,NA,NA,NA,NA,NA,NA,NA,2014,1992-11-10,NA,NA,NA,NA
"Joshua Dobbs","FA","QB","13119","weighted",147.80118694362,20.5060966544099,1,0,0,0,12.4480712166172,3.53553390593274,0,0,0,0,NA,NA,NA,NA,NA,NA,NA,NA,NA,NA,NA,NA,NA,NA,NA,NA,NA,NA,NA,NA,NA,NA,NA,NA,NA,NA,NA,NA,NA,NA,NA,NA,NA,NA,2017,1995-01-26,NA,NA,NA,NA
"Drew Lock","SEA","QB","14057","weighted",115.140089418778,63.6396103067893,1.14619970193741,0.212132034355964,0.756333830104322,0.353553390593274,12.2280178837556,12.7279220613579,0,0,0.0974664679582712,0.14142135623731,NA,NA,NA,NA,NA,NA,NA,NA,NA,NA,NA,NA,NA,NA,NA,NA,NA,NA,NA,NA,NA,NA,NA,NA,NA,NA,NA,NA,NA,NA,NA,NA,NA,NA,2019,1996-11-10,NA,NA,NA,NA
"Shane Buechele","BUF","QB","15248","weighted",78.3621460506706,103.944696834422,0.512667660208644,0.707106781186547,0,0,10.2533532041729,14.1421356237309,0,0,0,0,NA,NA,NA,NA,NA,NA,NA,NA,NA,NA,NA,NA,NA,NA,NA,NA,NA,NA,NA,NA,NA,NA,NA,NA,NA,NA,NA,NA,NA,NA,NA,NA,NA,NA,2021,1998-01-08,NA,NA,NA,NA
"Will Levis","TEN","QB","16149","weighted",129.69001490313,10.6066017177982,1.14619970193741,0.212132034355964,0.194932935916542,0.282842712474619,13.1520119225037,8.48528137423857,0,0,0.146199701937407,0.212132034355964,NA,NA,NA,NA,NA,NA,NA,NA,NA,NA,NA,NA,NA,NA,NA,NA,NA,NA,NA,NA,NA,NA,NA,NA,NA,NA,NA,NA,NA,NA,NA,NA,NA,NA,2023,1999-06-27,NA,NA,NA,NA
"Brady Cook","NYJ","QB","17040","weighted",64.4441132637854,80.6101730552664,0.561400894187779,0.636396103067893,0.561400894187779,0.636396103067893,10.2533532041729,14.1421356237309,0,0,0,0,NA,NA,NA,NA,NA,NA,NA,NA,NA,NA,NA,NA,NA,NA,NA,NA,NA,NA,NA,NA,NA,NA,NA,NA,NA,NA,NA,NA,NA,NA,NA,NA,NA,NA,2025,2001-10-12,NA,NA,NA,NA
"Nick Mullens","JAC","QB","13968","weighted",70.7853949329359,43.8406204335659,0.707600596125186,0.424264068711928,0.0487332339791356,0.0707106781186548,3.02533532041729,1.41421356237309,0,0,0,0,NA,NA,NA,NA,NA,NA,NA,NA,NA,NA,NA,NA,NA,NA,NA,NA,NA,NA,NA,NA,NA,NA,NA,NA,NA,NA,NA,NA,NA,NA,NA,NA,NA,NA,2017,1995-03-21,NA,NA,NA,NA
"Jalen Milroe","SEA","QB","17033","weighted",46.1400894187779,63.6396103067893,0.512667660208644,0.707106781186547,0,0,12.5380029806259,2.12132034355964,0,0,0,0,NA,NA,NA,NA,NA,NA,NA,NA,NA,NA,NA,NA,NA,NA,NA,NA,NA,NA,NA,NA,NA,NA,NA,NA,NA,NA,NA,NA,NA,NA,NA,NA,NA,NA,2025,2002-12-13,NA,NA,NA,NA
"Derrick Henry","BAL","RB","12626","weighted",NA,NA,NA,NA,NA,NA,1517.44704505559,102.992321942314,13.4313048566413,1.14677198595982,1.94321240491516,0.101152493903975,NA,NA,NA,NA,16.3502633118783,2.88418859898986,160.545348156817,29.4006120996531,0.470333528379169,0.50418823144236,NA,NA,NA,NA,NA,NA,NA,NA,NA,NA,NA,NA,NA,NA,NA,NA,NA,NA,NA,NA,NA,NA,NA,NA,2016,1994-01-04,NA,NA,NA,NA
"Jonathan Taylor","IND","RB","14802","weighted",NA,NA,NA,NA,NA,NA,1504.15857226448,61.6922072819456,13.5832065535401,1.54829326765265,1.66866588648332,0.245375792594902,NA,NA,NA,NA,43.59760093622,6.57696836703291,334.599765944997,47.7499239916356,1.50918665886483,0.505174442975325,NA,NA,NA,NA,NA,NA,NA,NA,NA,NA,NA,NA,NA,NA,NA,NA,NA,NA,NA,NA,NA,NA,NA,NA,2020,1999-01-19,NA,NA,NA,NA
"Bijan Robinson","ATL","RB","16161","weighted",NA,NA,NA,NA,NA,NA,1452.4160327677,67.1231037974584,10.4816851960211,2.27014724178585,1.87062609713283,0.0757102074618595,NA,NA,NA,NA,76.2070801638385,5.95889012573755,694.708601521358,67.985563070889,3.36430661205383,0.922388286523503,NA,NA,NA,NA,NA,NA,NA,NA,NA,NA,NA,NA,NA,NA,NA,NA,NA,NA,NA,NA,NA,NA,NA,NA,2023,2002-01-30,NA,NA,NA,NA
"James Cook","BUF","RB","15715","weighted",NA,NA,NA,NA,NA,NA,1414.82504388531,27.9967902122902,11.289760093622,1.57520770368017,2.74915155061439,0.154707273447785,NA,NA,NA,NA,34.8122878876536,3.32227031825219,293.256875365711,29.5065681168325,1.96173200702165,0.0879930741334352,NA,NA,NA,NA,NA,NA,NA,NA,NA,NA,NA,NA,NA,NA,NA,NA,NA,NA,NA,NA,NA,NA,NA,NA,2022,1999-09-25,NA,NA,NA,NA
"Jahmyr Gibbs","DET","RB","16162","weighted",NA,NA,NA,NA,NA,NA,1346.9678174371,108.755189756333,13.8737273259216,1.27308481219258,1.03036863662961,0.0273099269317185,NA,NA,NA,NA,69.5961380924517,4.90033967788245,577.856641310708,28.658418927543,4.04704505558806,0.706721889466232,NA,NA,NA,NA,NA,NA,NA,NA,NA,NA,NA,NA,NA,NA,NA,NA,NA,NA,NA,NA,NA,NA,NA,NA,2023,2002-03-20,"Q","Back",2026,0
"Saquon Barkley","PHI","RB","13604","weighted",NA,NA,NA,NA,NA,NA,1311.42539496782,65.3367447529461,8.88794616734933,1.42044432598452,1,0,NA,NA,NA,NA,39.4446459918081,5.36466572026616,308.084259801053,43.4582241000678,1.8469280280866,0.351972296533741,NA,NA,NA,NA,NA,NA,NA,NA,NA,NA,NA,NA,NA,NA,NA,NA,NA,NA,NA,NA,NA,NA,NA,NA,2018,1997-02-09,NA,NA,NA,NA
"Ashton Jeanty","LVR","RB","17042","weighted",NA,NA,NA,NA,NA,NA,1135.4722059684,105.829839518684,8.03183148039789,2.36115024968107,0.755822118197776,0.309360708975253,NA,NA,NA,NA,62.0314803978935,6.40030372080801,423.15681685196,56.8189922541866,3.47659449970743,1.74328135608779,NA,NA,NA,NA,NA,NA,NA,NA,NA,NA,NA,NA,NA,NA,NA,NA,NA,NA,NA,NA,NA,NA,NA,NA,2025,2003-12-02,NA,NA,NA,NA
"Devon Achane","MIA","RB","16167","weighted",NA,NA,NA,NA,NA,NA,1182.53481568169,77.3017024128091,6.87682855471036,1.85896177655563,0.725453481568168,0.298820838637267,NA,NA,NA,NA,65.8119953188999,7.50929364212967,490.971328262142,58.3913833609702,4.00743124634289,1.2360644763736,NA,NA,NA,NA,NA,NA,NA,NA,NA,NA,NA,NA,NA,NA,NA,NA,NA,NA,NA,NA,NA,NA,NA,NA,2023,2001-10-13,NA,NA,NA,NA
"Javonte Williams","DAL","RB","15256","weighted",NA,NA,NA,NA,NA,NA,1161.81919251024,92.2567391733439,10.4830310122879,0.987449805387952,1.80198946752487,0.140151629645386,NA,NA,NA,NA,34.8175541252194,4.83763584090551,193.107665301346,40.7395418350887,1.40473961380925,0.529017904976402,NA,NA,NA,NA,NA,NA,NA,NA,NA,NA,NA,NA,NA,NA,NA,NA,NA,NA,NA,NA,NA,NA,NA,NA,2021,2000-04-25,NA,NA,NA,NA
"Quinshon Judkins","CLE","RB","17051","weighted",NA,NA,NA,NA,NA,NA,1075.3762434172,147.960190328185,7.61655939145699,1.30071012657681,0.504973668812171,0.350379074113464,NA,NA,NA,NA,36.4172615564658,8.21384904825152,244.190169689877,46.7326301163238,0.838736102984201,0.783610187046532,NA,NA,NA,NA,NA,NA,NA,NA,NA,NA,NA,NA,NA,NA,NA,NA,NA,NA,NA,NA,NA,NA,NA,NA,2025,2003-10-29,NA,NA,NA,NA
"Josh Jacobs","GB","RB","14073","weighted",NA,NA,NA,NA,NA,NA,1142.359859567,103.688373888722,12.0650672908133,1.29740890134457,1.44552369806905,0.315341166702118,NA,NA,NA,NA,36.2323581041545,4.84224333393682,289.528379169105,29.9209369883867,1.21164423639555,0.432655785420726,NA,NA,NA,NA,NA,NA,NA,NA,NA,NA,NA,NA,NA,NA,NA,NA,NA,NA,NA,NA,NA,NA,NA,NA,2019,1998-02-11,NA,NA,NA,NA
"Kenneth Walker III","KC","RB","15711","weighted",NA,NA,NA,NA,NA,NA,1158.98829724985,68.8627302775247,8.524400234055,1.75194956731589,0.702984201287303,0.210227444468079,NA,NA,NA,NA,43.5902282036279,3.27904590134355,333.581041544763,28.7933022328431,1.52088940901112,0.870856481391769,NA,NA,NA,NA,NA,NA,NA,NA,NA,NA,NA,NA,NA,NA,NA,NA,NA,NA,NA,NA,NA,NA,NA,NA,2022,2000-10-20,NA,NA,NA,NA
"Omarion Hampton","LAC","RB","17044","weighted",NA,NA,NA,NA,NA,NA,1093.4236395553,116.407219373507,9.76904622586308,0.867271739473531,0.504973668812171,0.350379074113464,NA,NA,NA,NA,52.7552369806905,5.71339718800365,340.717378583967,58.7102105208609,2.01913399648918,0.0439965370667176,NA,NA,NA,NA,NA,NA,NA,NA,NA,NA,NA,NA,NA,NA,NA,NA,NA,NA,NA,NA,NA,NA,NA,NA,2025,2003-03-16,NA,NA,NA,NA
"Jeremiyah Love","ARI","RB","17472","weighted",NA,NA,NA,NA,NA,NA,1061.29900526624,121.618774468867,7.30046811000585,1.28207742660644,1.86143943826799,0.805871870460968,NA,NA,NA,NA,53.9561146869514,8.22853309640566,411.434757167934,49.0375225050753,1.94259801053248,0.131989611200153,NA,NA,NA,NA,NA,NA,NA,NA,NA,NA,NA,NA,NA,NA,NA,NA,NA,NA,NA,NA,NA,NA,NA,NA,2026,2005-05-31,NA,NA,NA,NA
"Travis Etienne","NO","RB","15253","weighted",NA,NA,NA,NA,NA,NA,1052.35517846694,108.80778636245,6.46413107080164,2.05207217212334,0.65348156816852,0.245265351879425,NA,NA,NA,NA,43.2504388531305,2.55915027265021,333.994733762434,32.0375748257413,2.71866588648332,1.30628472208765,NA,NA,NA,NA,NA,NA,NA,NA,NA,NA,NA,NA,NA,NA,NA,NA,NA,NA,NA,NA,NA,NA,NA,NA,2021,1999-01-26,NA,NA,NA,NA
"Kyren Williams","LAR","RB","15710","weighted",NA,NA,NA,NA,NA,NA,1142.01111761264,46.4361850933176,10.2713867758923,0.979949854598854,1.95049736688122,0.0350379074113465,NA,NA,NA,NA,33.3018139262727,1.32005080810234,238.310708016384,10.0035065730477,2.35435927442949,0.497916386170673,NA,NA,NA,NA,NA,NA,NA,NA,NA,NA,NA,NA,NA,NA,NA,NA,NA,NA,NA,NA,NA,NA,NA,NA,2022,2000-08-26,NA,NA,NA,NA
"Breece Hall","NYJ","RB","15708","weighted",NA,NA,NA,NA,NA,NA,1114.719719134,73.3650982613837,6.48285547103569,1.62368354099834,1.7029842012873,0.210227444468079,NA,NA,NA,NA,47.1470450555881,4.72102333344839,414.334113516676,27.4141633340901,2.1733762434172,0.453457334092023,NA,NA,NA,NA,NA,NA,NA,NA,NA,NA,NA,NA,NA,NA,NA,NA,NA,NA,NA,NA,NA,NA,NA,NA,2022,2001-05-31,NA,NA,NA,NA
"Christian McCaffrey","SF","RB","13130","weighted",NA,NA,NA,NA,NA,NA,1077.90754827384,79.2872458671383,8.47519016968988,1.37616526478876,0.893095377413692,0.160939326400894,NA,NA,NA,NA,78.2344060854301,3.00580658071699,690.052077238151,20.6245727386099,4.98870684610884,0.752937439869042,NA,NA,NA,NA,NA,NA,NA,NA,NA,NA,NA,NA,NA,NA,NA,NA,NA,NA,NA,NA,NA,NA,NA,NA,2017,1996-06-07,NA,NA,NA,NA
"Chase Brown","CIN","RB","16181","weighted",NA,NA,NA,NA,NA,NA,1051.55939145699,51.8464975708801,7.63569338794617,1.27325509963932,0.858777062609713,0.197905181560555,NA,NA,NA,NA,65.3012873025161,7.25981839416623,433.45757753072,38.0390455922834,4.12358104154476,0.748142566922878,NA,NA,NA,NA,NA,NA,NA,NA,NA,NA,NA,NA,NA,NA,NA,NA,NA,NA,NA,NA,NA,NA,NA,NA,2023,2000-03-21,NA,NA,NA,NA
"Bucky Irving","TB","RB","16598","weighted",NA,NA,NA,NA,NA,NA,1033.22235225278,61.6542935326177,6.39806904622586,1.66846462923241,1,0,NA,NA,NA,NA,42.1437682855471,4.29944596481706,355.057343475717,55.5474657326709,2.25868929198362,0.435476488722207,NA,NA,NA,NA,NA,NA,NA,NA,NA,NA,NA,NA,NA,NA,NA,NA,NA,NA,NA,NA,NA,NA,NA,NA,2024,2002-08-19,NA,NA,NA,NA
"D'Andre Swift","CHI","RB","14797","weighted",NA,NA,NA,NA,NA,NA,1007.36512580456,91.67720463216,7.76729081334113,0.839919018174578,0.801989467524868,0.140151629645386,NA,NA,NA,NA,33.2528379169105,3.97413719123768,286.165008777063,28.0971280828725,0.827794031597425,0.395968833600458,NA,NA,NA,NA,NA,NA,NA,NA,NA,NA,NA,NA,NA,NA,NA,NA,NA,NA,NA,NA,NA,NA,NA,NA,2020,1999-01-14,NA,NA,NA,NA
"Tony Pollard","TEN","RB","14085","weighted",NA,NA,NA,NA,NA,NA,1030.91456992393,78.0333145089125,5.51854885898186,0.974681003351978,2.60397893504974,0.280303259290771,NA,NA,NA,NA,32.0296664716208,3.13980703658995,203.978349912229,20.8154180531256,0.221767115272089,0.464660785729318,NA,NA,NA,NA,NA,NA,NA,NA,NA,NA,NA,NA,NA,NA,NA,NA,NA,NA,NA,NA,NA,NA,NA,NA,2019,1997-04-30,NA,NA,NA,NA
"Jadarian Price","SEA","RB","17473","weighted",NA,NA,NA,NA,NA,NA,866.115857226448,219.664662315013,7.39163253364541,3.33876003465238,1.71293153891164,0.910985592695007,NA,NA,NA,NA,25.0342305441779,4.4134885603321,195.601521357519,35.6820732045447,0.615564657694558,0.544103039118612,NA,NA,NA,NA,NA,NA,NA,NA,NA,NA,NA,NA,NA,NA,NA,NA,NA,NA,NA,NA,NA,NA,NA,NA,2026,2003-10-09,NA,NA,NA,NA
"J.K. Dobbins","DEN","RB","14800","weighted",NA,NA,NA,NA,NA,NA,959.720304271504,100.28785943983,6.0489760093622,0.975052209882673,0.702984201287303,0.210227444468079,NA,NA,NA,NA,21.8648917495611,6.40201949141693,117.777647747221,35.9256571003148,0.509947337624342,0.50278156520109,NA,NA,NA,NA,NA,NA,NA,NA,NA,NA,NA,NA,NA,NA,NA,NA,NA,NA,NA,NA,NA,NA,NA,NA,2020,1998-12-17,NA,NA,NA,NA
"TreVeyon Henderson","NE","RB","17043","weighted",NA,NA,NA,NA,NA,NA,917.946752486834,92.9039992270912,7.68314803978935,0.833116625939263,0.752486834406085,0.175189537056732,NA,NA,NA,NA,39.2621416032768,5.85499200689553,270.47922761849,42.5348389050406,1.40473961380925,0.529017904976402,NA,NA,NA,NA,NA,NA,NA,NA,NA,NA,NA,NA,NA,NA,NA,NA,NA,NA,NA,NA,NA,NA,NA,NA,2025,2002-10-22,NA,NA,NA,NA
"Cam Skattebo","NYG","RB","17045","weighted",NA,NA,NA,NA,NA,NA,989.492100643651,99.8615814236999,8.03142188414277,1.52374866306872,1.85149210064365,0.105113722234039,NA,NA,NA,NA,47.045757753072,3.6893089518593,378.253949678174,20.2036546896831,2.68958455236981,0.975166278564485,NA,NA,NA,NA,NA,NA,NA,NA,NA,NA,NA,NA,NA,NA,NA,NA,NA,NA,NA,NA,NA,NA,NA,NA,2025,2002-02-05,NA,NA,NA,NA
"Bhayshul Tuten","JAC","RB","17052","weighted",NA,NA,NA,NA,NA,NA,952.757753071972,110.913523206675,8.01386775892335,2.01004256820831,1.66342890579286,0.946023500106354,NA,NA,NA,NA,31.0848449385606,10.1268056967669,237.45523698069,82.9133006154495,2.31492100643651,0.990640357173512,NA,NA,NA,NA,NA,NA,NA,NA,NA,NA,NA,NA,NA,NA,NA,NA,NA,NA,NA,NA,NA,NA,NA,NA,2025,2002-02-14,NA,NA,NA,NA
"David Montgomery","HOU","RB","14071","weighted",NA,NA,NA,NA,NA,NA,947.186658864833,62.1604270178419,7.72317144528964,1.33910535706707,0.851492100643651,0.105113722234039,NA,NA,NA,NA,30.7162668227033,2.95180095029716,229.619075482738,16.7519590710466,0.856114686951434,0.497452021646165,NA,NA,NA,NA,NA,NA,NA,NA,NA,NA,NA,NA,NA,NA,NA,NA,NA,NA,NA,NA,NA,NA,NA,NA,2019,1997-06-07,NA,NA,NA,NA
"Rico Dowdle","PIT","RB","14823","weighted",NA,NA,NA,NA,NA,NA,886.640725570509,74.6272296860027,5.68215330602692,1.41842633910882,1.19801053247513,0.140151629645386,NA,NA,NA,NA,33.4622001170275,3.95491213755174,242.727325921592,38.0232311069035,1.43265067290813,0.518441799052023,NA,NA,NA,NA,NA,NA,NA,NA,NA,NA,NA,NA,NA,NA,NA,NA,NA,NA,NA,NA,NA,NA,NA,NA,2020,1998-06-14,NA,NA,NA,NA
"Jordan Mason","MIN","RB","15972","weighted",NA,NA,NA,NA,NA,NA,812.177296664716,78.6798568898287,5.84792276184903,1.54893544537824,0.752486834406085,0.175189537056732,NA,NA,NA,NA,15.442480983031,3.39987177493943,82.0403744880047,25.1611839422719,0.0574019894675249,0.131989611200153,NA,NA,NA,NA,NA,NA,NA,NA,NA,NA,NA,NA,NA,NA,NA,NA,NA,NA,NA,NA,NA,NA,NA,NA,2022,1999-05-24,NA,NA,NA,NA
"Jaylen Warren","PIT","RB","15742","weighted",NA,NA,NA,NA,NA,NA,796.471035693388,110.488061994167,4.72919836161498,0.690530987973028,0.504973668812171,0.350379074113464,NA,NA,NA,NA,43.4526623756583,4.86505763991187,332.768870684611,27.4521274780023,1.6735517846694,0.47413798229207,NA,NA,NA,NA,NA,NA,NA,NA,NA,NA,NA,NA,NA,NA,NA,NA,NA,NA,NA,NA,NA,NA,NA,NA,2022,1998-11-01,NA,NA,NA,NA
"Chuba Hubbard","CAR","RB","15261","weighted",NA,NA,NA,NA,NA,NA,817.133411351668,44.9504694121035,5.689760093622,1.24646014934574,1.65348156816852,0.245265351879425,NA,NA,NA,NA,35.3458162668227,3.16480023567287,245.35283791691,36.4481160338839,1.59391456992393,0.897414024275574,NA,NA,NA,NA,NA,NA,NA,NA,NA,NA,NA,NA,NA,NA,NA,NA,NA,NA,NA,NA,NA,NA,NA,NA,2021,1999-06-11,NA,NA,NA,NA
"Jacory Croskey-Merritt","WAS","RB","17256","weighted",NA,NA,NA,NA,NA,NA,796.099473376243,56.356263944973,7.1612638970158,0.783610187046532,1.60397893504974,0.280303259290772,NA,NA,NA,NA,13.5182562902282,4.7750252062455,92.6067875950849,31.2229959482538,0,0,NA,NA,NA,NA,NA,NA,NA,NA,NA,NA,NA,NA,NA,NA,NA,NA,NA,NA,NA,NA,NA,NA,NA,NA,2025,2001-04-12,NA,NA,NA,NA
"Kyle Monangai","CHI","RB","17066","weighted",NA,NA,NA,NA,NA,NA,773.413107080164,107.983558246205,4.76026916325336,0.857911242690665,0.504973668812171,0.350379074113464,NA,NA,NA,NA,23.4184903452311,3.44431161257733,200.277355178467,28.6909760786838,0.38560561732007,0.544412331465575,NA,NA,NA,NA,NA,NA,NA,NA,NA,NA,NA,NA,NA,NA,NA,NA,NA,NA,NA,NA,NA,NA,NA,NA,2025,2002-06-06,NA,NA,NA,NA
"Jonathon Brooks","CAR","RB","16597","weighted",NA,NA,NA,NA,NA,NA,688.743709771796,126.568401851966,3.43592744294909,1.91929638178974,1.95049736688122,0.0350379074113465,NA,NA,NA,NA,26.5998244587478,6.49199853129859,190.954359274429,38.7725213458086,0.615564657694558,0.544103039118612,NA,NA,NA,NA,NA,NA,NA,NA,NA,NA,NA,NA,NA,NA,NA,NA,NA,NA,NA,NA,NA,NA,NA,NA,2024,2003-07-21,NA,NA,NA,NA
"Blake Corum","LAR","RB","16593","weighted",NA,NA,NA,NA,NA,NA,774.346986541837,52.1504640030924,5.83990637799883,1.21561260511197,0.504973668812171,0.350379074113464,NA,NA,NA,NA,12.6863077823288,4.09401650270023,84.2738443534231,30.5935328354848,0.192510239906378,0.440989337712457,NA,NA,NA,NA,NA,NA,NA,NA,NA,NA,NA,NA,NA,NA,NA,NA,NA,NA,NA,NA,NA,NA,NA,NA,2024,2000-11-25,NA,NA,NA,NA
"Rhamondre Stevenson","NE","RB","15259","weighted",NA,NA,NA,NA,NA,NA,728.459918080749,34.3698527013866,6.14154476301931,1.24544947793059,2.65348156816852,0.245265351879425,NA,NA,NA,NA,36.4468695143359,1.80720216148751,308.152720889409,38.6688142386944,1.89303686366296,0.59101280702455,NA,NA,NA,NA,NA,NA,NA,NA,NA,NA,NA,NA,NA,NA,NA,NA,NA,NA,NA,NA,NA,NA,NA,NA,2021,1998-02-23,NA,NA,NA,NA
"Aaron Jones","MIN","RB","13319","weighted",NA,NA,NA,NA,NA,NA,663.722644821533,95.2605395176388,3.2581041544763,0.820011951021056,1.85149210064365,0.105113722234039,NA,NA,NA,NA,37.2297834991223,6.36414025524268,268.104739613809,54.7263584445999,1.41293153891164,0.530781030367302,NA,NA,NA,NA,NA,NA,NA,NA,NA,NA,NA,NA,NA,NA,NA,NA,NA,NA,NA,NA,NA,NA,NA,NA,2017,1994-12-02,NA,NA,NA,NA
"RJ Harvey","DEN","RB","17068","weighted",NA,NA,NA,NA,NA,NA,538.212404915155,118.836800805168,4.96097132826214,1.00605191913095,0.801989467524868,0.140151629645386,NA,NA,NA,NA,47.4364540667057,3.10896393370149,348.84961966062,18.1998265931666,3.70871854885898,0.995832772341345,NA,NA,NA,NA,NA,NA,NA,NA,NA,NA,NA,NA,NA,NA,NA,NA,NA,NA,NA,NA,NA,NA,NA,NA,2025,2001-02-04,NA,NA,NA,NA
"Woody Marks","HOU","RB","17053","weighted",NA,NA,NA,NA,NA,NA,588.119953188999,76.9282890133399,2.64429490930369,0.486251315060706,0.950497366881217,0.0350379074113464,NA,NA,NA,NA,24.8008191925102,4.27187197023761,199.506143943827,27.3849750837701,1.69133996489175,0.843055173979318,NA,NA,NA,NA,NA,NA,NA,NA,NA,NA,NA,NA,NA,NA,NA,NA,NA,NA,NA,NA,NA,NA,NA,NA,2025,2000-12-29,NA,NA,NA,NA
"Rachaad White","WAS","RB","15721","weighted",NA,NA,NA,NA,NA,NA,591.901111761264,67.5646988203253,4.31761263897016,1.50122820368436,0.702984201287303,0.210227444468079,NA,NA,NA,NA,38.3486249268578,8.77361708904004,246.277355178467,67.9527453224676,1.41603276770041,0.884690260156164,NA,NA,NA,NA,NA,NA,NA,NA,NA,NA,NA,NA,NA,NA,NA,NA,NA,NA,NA,NA,NA,NA,NA,NA,2022,1999-01-12,NA,NA,NA,NA
"Chris Rodriguez","JAC","RB","16174","weighted",NA,NA,NA,NA,NA,NA,525.310122878877,94.4163599503357,4.59174956114687,2.06573596541497,0.504973668812171,0.350379074113464,NA,NA,NA,NA,6.8519602106495,3.6531993890237,52.6296079578701,25.0900716031937,0.19133996489175,0.439965370667176,NA,NA,NA,NA,NA,NA,NA,NA,NA,NA,NA,NA,NA,NA,NA,NA,NA,NA,NA,NA,NA,NA,NA,NA,2023,1999-09-26,NA,NA,NA,NA
"Isiah Pacheco","DET","RB","15749","weighted",NA,NA,NA,NA,NA,NA,552.507899356349,70.2642090962697,3.03885313048566,1.16456624242016,0.504973668812171,0.350379074113464,NA,NA,NA,NA,21.5591574019895,4.15123484359369,138.217086015214,21.6970336995608,0.682562902282036,0.45958402455918,NA,NA,NA,NA,NA,NA,NA,NA,NA,NA,NA,NA,NA,NA,NA,NA,NA,NA,NA,NA,NA,NA,NA,NA,2022,1999-03-02,NA,NA,NA,NA
"Zach Charbonnet","SEA","RB","16169","weighted",NA,NA,NA,NA,NA,NA,544.098888238736,56.7038677412714,6.24335868929198,2.53653971218547,0.504973668812171,0.350379074113464,NA,NA,NA,NA,18.5831480397894,2.03713236605857,143.260971328262,22.7453473078535,0.221767115272089,0.464660785729318,NA,NA,NA,NA,NA,NA,NA,NA,NA,NA,NA,NA,NA,NA,NA,NA,NA,NA,NA,NA,NA,NA,NA,NA,2023,2001-01-08,"O","Knee - ACL",2026,0
"Tyrone Tracy","NYG","RB","16747","weighted",NA,NA,NA,NA,NA,NA,522.275599765945,59.5627341683721,2.48045640725571,0.51186920994615,0.554476301930954,0.315341166702118,NA,NA,NA,NA,26.9420128730252,6.55851908674589,209.058513750731,53.0440965095041,1.43265067290813,0.518441799052023,NA,NA,NA,NA,NA,NA,NA,NA,NA,NA,NA,NA,NA,NA,NA,NA,NA,NA,NA,NA,NA,NA,NA,NA,2024,1999-11-23,NA,NA,NA,NA
"Emari Demercado","KC","RB","16385","weighted",NA,NA,NA,NA,NA,NA,301.953774136922,167.775261555963,1.00994733762434,0.700758148226929,1.76243417203043,0.875947685283661,NA,NA,NA,NA,15.2366881217086,3.61932511852591,108.627852545348,25.8874749261957,0.527735517846694,0.511395696287826,NA,NA,NA,NA,NA,NA,NA,NA,NA,NA,NA,NA,NA,NA,NA,NA,NA,NA,NA,NA,NA,NA,NA,NA,2023,1999-01-20,NA,NA,NA,NA
"Kaelon Black","SF","RB","17485","weighted",NA,NA,NA,NA,NA,NA,279.950263311878,198.379343070873,1.80690462258631,1.92235363104451,1.00994733762434,0.700758148226929,NA,NA,NA,NA,7.13188999414862,4.75510819686776,58.5002925687537,44.7955242768111,0.201287302516091,0.448472837048212,NA,NA,NA,NA,NA,NA,NA,NA,NA,NA,NA,NA,NA,NA,NA,NA,NA,NA,NA,NA,NA,NA,NA,NA,2026,2001-10-17,"Q","Thigh",2026,0
"Brian Robinson","ATL","RB","15716","weighted",NA,NA,NA,NA,NA,NA,490.289057928613,68.8442071014898,4.10737273259216,1.00873336751646,0.801989467524868,0.140151629645386,NA,NA,NA,NA,9.1968402574605,2.86187541430138,60.2627267407841,27.8079284582812,0,0,NA,NA,NA,NA,NA,NA,NA,NA,NA,NA,NA,NA,NA,NA,NA,NA,NA,NA,NA,NA,NA,NA,NA,NA,2022,1999-03-22,NA,NA,NA,NA
"Malik Davis","DAL","RB","15738","weighted",NA,NA,NA,NA,NA,NA,321.499637418419,179.421734978705,2.27005076142132,1.54140514170226,0.296301667875272,0.241750011799941,NA,NA,NA,NA,6.21522842639594,4.02593155406632,43.4677302393038,27.8266764839837,0,0,NA,NA,NA,NA,NA,NA,NA,NA,NA,NA,NA,NA,NA,NA,NA,NA,NA,NA,NA,NA,NA,NA,NA,NA,2022,1998-11-26,NA,NA,NA,NA
"Alvin Kamara","NO","RB","13132","weighted",NA,NA,NA,NA,NA,NA,459.779403159743,72.9033257599928,2.17296664716208,1.1465280756077,1.2970157987127,0.210227444468079,NA,NA,NA,NA,32.427677004096,4.1011785456894,217.203627852545,39.7824748637869,1.04956114686951,0.684290257564409,NA,NA,NA,NA,NA,NA,NA,NA,NA,NA,NA,NA,NA,NA,NA,NA,NA,NA,NA,NA,NA,NA,NA,NA,2017,1995-07-25,NA,NA,NA,NA
"Chris Brooks","GB","RB","16387","weighted",NA,NA,NA,NA,NA,NA,219.190169689877,191.548459230356,1.00994733762434,0.700758148226929,0.950497366881217,0.0350379074113464,NA,NA,NA,NA,12.7182562902282,4.20665309751854,88.7834991222937,27.7488054847279,0.192510239906378,0.440989337712457,NA,NA,NA,NA,NA,NA,NA,NA,NA,NA,NA,NA,NA,NA,NA,NA,NA,NA,NA,NA,NA,NA,NA,NA,2023,2000-01-11,"O","Hamstring",2026,0
"Kenneth Gainwell","TB","RB","15255","weighted",NA,NA,NA,NA,NA,NA,465.306026916325,81.1851769364446,3.29578700994734,1.46007256033188,0.801989467524868,0.140151629645386,NA,NA,NA,NA,48.711117612639,10.5631097993763,340.989467524868,73.2406349978526,2.03826799297835,0.0879930741334353,NA,NA,NA,NA,NA,NA,NA,NA,NA,NA,NA,NA,NA,NA,NA,NA,NA,NA,NA,NA,NA,NA,NA,NA,2021,1999-03-14,NA,NA,NA,NA
"Emanuel Wilson","SEA","RB","16432","weighted",NA,NA,NA,NA,NA,NA,293.647747220597,223.225450415402,1.23879461673493,1.3104594537724,0.504973668812171,0.350379074113464,NA,NA,NA,NA,8.26038619075483,6.37481082848165,54.6091281451141,39.1617442521313,0,0,NA,NA,NA,NA,NA,NA,NA,NA,NA,NA,NA,NA,NA,NA,NA,NA,NA,NA,NA,NA,NA,NA,NA,NA,2023,1999-05-08,NA,NA,NA,NA
"Kimani Vidal","LAC","RB","16757","weighted",NA,NA,NA,NA,NA,NA,316.088940901112,133.624141750161,1.9031597425395,0.537536315779869,0,0,NA,NA,NA,NA,12.5248098303101,3.07787552180828,106.743709771796,32.2646049709678,0.239555295494441,0.435428240695884,NA,NA,NA,NA,NA,NA,NA,NA,NA,NA,NA,NA,NA,NA,NA,NA,NA,NA,NA,NA,NA,NA,NA,NA,2024,2001-08-28,NA,NA,NA,NA
"AJ Dillon","CAR","RB","14805","weighted",NA,NA,NA,NA,NA,NA,264.84015984016,242.154795623365,1.69030969030969,1.5271664139357,2.83736263736264,2.2058329229924,NA,NA,NA,NA,8.79220779220779,7.52120726665315,75.7212787212787,63.7238897145561,0.343656343656344,0.581737409921062,NA,NA,NA,NA,NA,NA,NA,NA,NA,NA,NA,NA,NA,NA,NA,NA,NA,NA,NA,NA,NA,NA,NA,NA,2020,1998-05-02,NA,NA,NA,NA
"Keaton Mitchell","LAC","RB","16178","weighted",NA,NA,NA,NA,NA,NA,348.543007606788,124.989669594213,1.96348741954359,0.764586666955836,0.504973668812171,0.350379074113464,NA,NA,NA,NA,13.759918080749,3.83413047040613,98.5049736688122,39.0102714155815,0.221767115272089,0.464660785729318,NA,NA,NA,NA,NA,NA,NA,NA,NA,NA,NA,NA,NA,NA,NA,NA,NA,NA,NA,NA,NA,NA,NA,NA,2023,2002-01-17,NA,NA,NA,NA
"Jordan James","SF","RB","17055","weighted",NA,NA,NA,NA,NA,NA,311.387361029842,111.252169106237,1.85377413692218,1.2715364949913,1.00994733762434,0.700758148226929,NA,NA,NA,NA,14.3074312463429,7.17895766624093,116.155646576946,73.9049147738005,0.430895260386191,0.603515137992647,NA,NA,NA,NA,NA,NA,NA,NA,NA,NA,NA,NA,NA,NA,NA,NA,NA,NA,NA,NA,NA,NA,NA,NA,2025,2004-03-29,"Q","Ribs",2026,0
"Tank Bigsby","PHI","RB","16164","weighted",NA,NA,NA,NA,NA,NA,427.888238736103,51.1534831786531,3.03826799297835,0.0879930741334353,0.297015798712698,0.210227444468079,NA,NA,NA,NA,6.13750731421884,3.23729946139754,48.6980690462259,28.0169617770724,0,0,NA,NA,NA,NA,NA,NA,NA,NA,NA,NA,NA,NA,NA,NA,NA,NA,NA,NA,NA,NA,NA,NA,NA,NA,2023,2002-08-30,NA,NA,NA,NA
"Tyler Allgeier","ARI","RB","15712","weighted",NA,NA,NA,NA,NA,NA,428.225863077823,40.5128033540133,3.99923932124049,1.00699818520646,0.504973668812171,0.350379074113464,NA,NA,NA,NA,19.286483323581,3.02709423340412,133.469280280866,34.0623469243195,0.0574019894675249,0.131989611200153,NA,NA,NA,NA,NA,NA,NA,NA,NA,NA,NA,NA,NA,NA,NA,NA,NA,NA,NA,NA,NA,NA,NA,NA,2022,2000-04-15,NA,NA,NA,NA
"George Holani","SEA","RB","16608","weighted",NA,NA,NA,NA,NA,NA,229.773626373626,155.720090342902,1.90637362637363,0.968496908458062,0.7,1.28284971579074e-16,NA,NA,NA,NA,8.38439560439561,3.70456314886732,58.0842490842491,28.7656009180316,0,0,NA,NA,NA,NA,NA,NA,NA,NA,NA,NA,NA,NA,NA,NA,NA,NA,NA,NA,NA,NA,NA,NA,NA,NA,2024,1999-12-16,NA,NA,NA,NA
"Samaje Perine","CIN","RB","13133","weighted",NA,NA,NA,NA,NA,NA,353.730251609128,81.9461244312899,2.67162083089526,0.849758581362879,2.25746050321826,0.525568611170197,NA,NA,NA,NA,17.7216500877706,1.32265860839611,125.444119368051,18.6663187833637,0.414277355178467,0.550965321440632,NA,NA,NA,NA,NA,NA,NA,NA,NA,NA,NA,NA,NA,NA,NA,NA,NA,NA,NA,NA,NA,NA,NA,NA,2017,1995-09-16,NA,NA,NA,NA
"Adam Randall","BAL","RB","17652","weighted",NA,NA,NA,NA,NA,NA,189.404511278195,187.024790481181,1.27142857142857,1.26856471291854,0.506390977443609,0.410047443618932,NA,NA,NA,NA,9.10827067669173,8.29299117978796,84.2488721804511,83.6248953770889,0.765413533834586,0.963980618142104,NA,NA,NA,NA,NA,NA,NA,NA,NA,NA,NA,NA,NA,NA,NA,NA,NA,NA,NA,NA,NA,NA,NA,NA,2026,2004-07-14,NA,NA,NA,NA
"Braelon Allen","NYJ","RB","16596","weighted",NA,NA,NA,NA,NA,NA,362.308367466355,66.6074856025382,2.82679929783499,1.47267819277406,1.66342890579286,0.946023500106354,NA,NA,NA,NA,12.7974253949678,1.85745816455289,96.5231129315389,14.4604577033176,0.239555295494441,0.435428240695884,NA,NA,NA,NA,NA,NA,NA,NA,NA,NA,NA,NA,NA,NA,NA,NA,NA,NA,NA,NA,NA,NA,NA,NA,2024,2004-01-20,NA,NA,NA,NA
"Jonah Coleman","DEN","RB","17477","weighted",NA,NA,NA,NA,NA,NA,241.425394967817,147.722614346706,1.32878876535986,0.923348413030161,0.297015798712698,0.210227444468079,NA,NA,NA,NA,10.206319485079,8.28317948370305,78.9543592744295,63.7754642912848,0.192510239906378,0.440989337712457,NA,NA,NA,NA,NA,NA,NA,NA,NA,NA,NA,NA,NA,NA,NA,NA,NA,NA,NA,NA,NA,NA,NA,NA,2026,2003-08-20,NA,NA,NA,NA
"Kaleb Johnson","PIT","RB","17048","weighted",NA,NA,NA,NA,NA,NA,162.123076923077,173.083729330287,0.483516483516484,0.989441316971028,0,0,NA,NA,NA,NA,5.63687423687424,4.44126254571883,36.4979242979243,29.5813778458607,0,0,NA,NA,NA,NA,NA,NA,NA,NA,NA,NA,NA,NA,NA,NA,NA,NA,NA,NA,NA,NA,NA,NA,NA,NA,2025,2003-08-14,NA,NA,NA,NA
"Devin Singletary","NYG","RB","14080","weighted",NA,NA,NA,NA,NA,NA,242.324542124542,159.509422789804,2.32197802197802,1.69586261483176,0,0,NA,NA,NA,NA,10.3409523809524,6.9927738950366,79.2153846153846,56.8635899753705,0,0,NA,NA,NA,NA,NA,NA,NA,NA,NA,NA,NA,NA,NA,NA,NA,NA,NA,NA,NA,NA,NA,NA,NA,NA,2019,1997-09-03,NA,NA,NA,NA
"Tyjae Spears","TEN","RB","16165","weighted",NA,NA,NA,NA,NA,NA,375.75599765945,30.3815612708643,2.86296079578701,0.886353784487884,0.504973668812171,0.350379074113464,NA,NA,NA,NA,47.4483323581042,6.08947259290812,307.983031012288,33.0551803534897,1.03943826799298,0.626167864265313,NA,NA,NA,NA,NA,NA,NA,NA,NA,NA,NA,NA,NA,NA,NA,NA,NA,NA,NA,NA,NA,NA,NA,NA,2023,2001-06-15,NA,NA,NA,NA
"James Conner","ARI","RB","13146","weighted",NA,NA,NA,NA,NA,NA,297.365710942071,101.702920154422,1.89983942067851,0.745026159456486,0.247513165593915,0.175189537056732,NA,NA,NA,NA,19.4447337624342,11.0062533503511,141.100204798128,76.5955526852358,0.787273333064647,0.88866863797482,NA,NA,NA,NA,NA,NA,NA,NA,NA,NA,NA,NA,NA,NA,NA,NA,NA,NA,NA,NA,NA,NA,NA,NA,2017,1995-05-05,"Q","Foot",2026,0
"Nicholas Singleton","TEN","RB","17476","weighted",NA,NA,NA,NA,NA,NA,137.583882783883,170.798103185235,0.724542124542125,0.955007632560383,0,0,NA,NA,NA,NA,4.9040293040293,6.14717005859407,36.3948717948718,48.2795154987595,0,0,NA,NA,NA,NA,NA,NA,NA,NA,NA,NA,NA,NA,NA,NA,NA,NA,NA,NA,NA,NA,NA,NA,NA,NA,2026,2004-01-06,NA,NA,NA,NA
"Sean Tucker","TB","RB","16166","weighted",NA,NA,NA,NA,NA,NA,244.66881217086,93.8796952991028,3.03709771796372,0.764072553174936,0,0,NA,NA,NA,NA,6.35529549444119,4.94071625024566,49.7495611468695,39.9483934972788,0.133937975424225,0.307975759467023,NA,NA,NA,NA,NA,NA,NA,NA,NA,NA,NA,NA,NA,NA,NA,NA,NA,NA,NA,NA,NA,NA,NA,NA,2023,2001-10-25,NA,NA,NA,NA
"Jaylen Wright","MIA","RB","16610","weighted",NA,NA,NA,NA,NA,NA,322.328847279111,73.529390173592,2.03709771796372,0.764072553174936,1.60397893504974,0.280303259290772,NA,NA,NA,NA,9.77454651843183,3.65328523395258,74.0778232884728,23.3783552448431,0.0956699824458748,0.219982685333588,NA,NA,NA,NA,NA,NA,NA,NA,NA,NA,NA,NA,NA,NA,NA,NA,NA,NA,NA,NA,NA,NA,NA,NA,2024,2003-04-01,NA,NA,NA,NA
"Jawhar Jordan","HOU","RB","16773","weighted",NA,NA,NA,NA,NA,NA,173.171863669326,148.289954220148,0.498912255257433,0.99988275851619,0.506163886874547,0.402916686333235,NA,NA,NA,NA,10.1372975586174,8.45656030055152,72.7544114092337,70.9872474987914,0.283319896623497,0.481947033264037,NA,NA,NA,NA,NA,NA,NA,NA,NA,NA,NA,NA,NA,NA,NA,NA,NA,NA,NA,NA,NA,NA,NA,NA,2024,1999-08-18,NA,NA,NA,NA
"Mike Washington Jr.","LVR","RB","17482","weighted",NA,NA,NA,NA,NA,NA,348.093036863663,19.6414158134229,1.6173200702165,0.879930741334352,0.950497366881217,0.0350379074113464,NA,NA,NA,NA,16.3922761849035,9.12977325967366,120.074897600936,67.1469132016499,0.201287302516091,0.448472837048212,NA,NA,NA,NA,NA,NA,NA,NA,NA,NA,NA,NA,NA,NA,NA,NA,NA,NA,NA,NA,NA,NA,NA,NA,2026,2003-07-03,NA,NA,NA,NA
"Alexander Mattison","MIA","RB","14223","weighted",NA,NA,NA,NA,NA,NA,212.712328767123,220.617315730203,1.00456621004566,1.4142135623731,0,0,NA,NA,NA,NA,12.9730593607306,7.14177848998413,93.1826484018265,56.5685424949238,0,0,NA,NA,NA,NA,NA,NA,NA,NA,NA,NA,NA,NA,NA,NA,NA,NA,NA,NA,NA,NA,NA,NA,NA,NA,2019,NA,NA,NA,NA,NA
"Justice Hill","BAL","RB","14086","weighted",NA,NA,NA,NA,NA,NA,252.568168519602,45.2709220411571,1.89397308367466,0.751504911866255,0,0,NA,NA,NA,NA,29.8713867758923,5.53559892614484,246.420713867759,62.8387570964049,1.45119953188999,0.509419890988612,NA,NA,NA,NA,NA,NA,NA,NA,NA,NA,NA,NA,NA,NA,NA,NA,NA,NA,NA,NA,NA,NA,NA,NA,2019,1997-11-14,NA,NA,NA,NA
"Emmett Johnson","KC","RB","17474","weighted",NA,NA,NA,NA,NA,NA,195.586892919836,83.6933000627965,1.07770626097133,0.565202796690355,0,0,NA,NA,NA,NA,9.910239906378,5.990302756203,77.5845523698069,48.8321720952999,0,0,NA,NA,NA,NA,NA,NA,NA,NA,NA,NA,NA,NA,NA,NA,NA,NA,NA,NA,NA,NA,NA,NA,NA,NA,2026,2003-10-10,NA,NA,NA,NA
"MarShawn Lloyd","GB","RB","16604","weighted",NA,NA,NA,NA,NA,NA,234.692217671153,100.88263620583,1.41603276770041,0.884690260156164,0,0,NA,NA,NA,NA,7.2705675833821,4.50937722857879,49.3897015798713,32.4504599918001,0.192510239906378,0.440989337712457,NA,NA,NA,NA,NA,NA,NA,NA,NA,NA,NA,NA,NA,NA,NA,NA,NA,NA,NA,NA,NA,NA,NA,NA,2024,2001-01-05,NA,NA,NA,NA
"Ray Davis","BUF","RB","16603","weighted",NA,NA,NA,NA,NA,NA,248.935531135531,72.2944019655158,1.54336996336996,0.549991319519577,0,0,NA,NA,NA,NA,13.2486446886447,4.10859255620889,114.165567765568,47.3910557109373,0.613040293040293,0.704161565260323,NA,NA,NA,NA,NA,NA,NA,NA,NA,NA,NA,NA,NA,NA,NA,NA,NA,NA,NA,NA,NA,NA,NA,NA,2024,1999-11-20,NA,NA,NA,NA
"Trey Benson","ARI","RB","16594","weighted",NA,NA,NA,NA,NA,NA,196.799227799228,94.9435155326934,0.318532818532819,0.571298572983943,0,0,NA,NA,NA,NA,7.92857142857143,7.40018743826294,46.9604247104247,45.0350340724147,0,0,NA,NA,NA,NA,NA,NA,NA,NA,NA,NA,NA,NA,NA,NA,NA,NA,NA,NA,NA,NA,NA,NA,NA,NA,2024,2002-07-23,NA,NA,NA,NA
"Dylan Sampson","CLE","RB","17047","weighted",NA,NA,NA,NA,NA,NA,233.514921006437,42.0531804235057,0.816851960210649,0.831137305182595,1.60397893504974,0.280303259290772,NA,NA,NA,NA,33.3506143943827,4.8450899515948,261.568168519602,52.424931785104,1.89397308367466,0.751504911866255,NA,NA,NA,NA,NA,NA,NA,NA,NA,NA,NA,NA,NA,NA,NA,NA,NA,NA,NA,NA,NA,NA,NA,NA,2025,2004-09-14,NA,NA,NA,NA
"DJ Giddens","IND","RB","17060","weighted",NA,NA,NA,NA,NA,NA,175.865934065934,69.1853436503675,1.07406593406593,0.687158210217336,0,0,NA,NA,NA,NA,8.73201465201465,2.58198771703968,56.2717948717949,18.2970022601009,0.0479120879120879,0.0986359995313589,NA,NA,NA,NA,NA,NA,NA,NA,NA,NA,NA,NA,NA,NA,NA,NA,NA,NA,NA,NA,NA,NA,NA,NA,2025,2003-08-26,NA,NA,NA,NA
"Michael Carter","TEN","RB","15258","weighted",NA,NA,NA,NA,NA,NA,218.739726027397,80.6101730552664,0.502283105022831,0.707106781186548,0,0,NA,NA,NA,NA,22.3164383561644,10.3944696834422,174.196347031963,94.0452018978108,0,0,NA,NA,NA,NA,NA,NA,NA,NA,NA,NA,NA,NA,NA,NA,NA,NA,NA,NA,NA,NA,NA,NA,NA,NA,2021,1999-05-07,NA,NA,NA,NA
"Demond Claiborne","MIN","RB","17481","weighted",NA,NA,NA,NA,NA,NA,153.479812755998,66.1034760156374,0.80866003510825,0.439965370667176,0.34651843183148,0.245265351879425,NA,NA,NA,NA,6.489760093622,5.40705275241299,46.3095377413692,43.2263966404588,0,0,NA,NA,NA,NA,NA,NA,NA,NA,NA,NA,NA,NA,NA,NA,NA,NA,NA,NA,NA,NA,NA,NA,NA,NA,2026,2003-10-09,NA,NA,NA,NA
"Austin Ekeler","FA","RB","13404","weighted",NA,NA,NA,NA,NA,NA,209.243323442137,85.5599205235723,1.48961424332344,0.707106781186548,0,0,NA,NA,NA,NA,11.3857566765579,7.77817459305202,97.272997032641,49.4974746830583,0.489614243323442,0.707106781186548,NA,NA,NA,NA,NA,NA,NA,NA,NA,NA,NA,NA,NA,NA,NA,NA,NA,NA,NA,NA,NA,NA,NA,NA,NA,NA,NA,NA,NA,NA
"Isaiah Davis","NYJ","RB","16752","weighted",NA,NA,NA,NA,NA,NA,189.114101813926,41.5899865134645,0.88519602106495,0.263979222400306,0,0,NA,NA,NA,NA,13.0925687536571,3.71616944159337,106.791691047396,32.4206175134882,0.0956699824458748,0.219982685333588,NA,NA,NA,NA,NA,NA,NA,NA,NA,NA,NA,NA,NA,NA,NA,NA,NA,NA,NA,NA,NA,NA,NA,NA,2024,2002-02-21,NA,NA,NA,NA
"Jaydon Blue","DAL","RB","17069","weighted",NA,NA,NA,NA,NA,NA,227.119413919414,16.3781279331533,1.26498168498169,0.480891342482128,0,0,NA,NA,NA,NA,8.52300366300366,2.23271576116883,58.7406593406593,12.2044464094489,0,0,NA,NA,NA,NA,NA,NA,NA,NA,NA,NA,NA,NA,NA,NA,NA,NA,NA,NA,NA,NA,NA,NA,NA,NA,2025,2004-01-08,NA,NA,NA,NA
"Ollie Gordon","MIA","RB","17059","weighted",NA,NA,NA,NA,NA,NA,192.423443223443,39.1837065608843,1.69912087912088,0.947434822668185,0.6,0,NA,NA,NA,NA,7.27985347985348,2.46322155890714,41.0322344322344,11.0959578088702,0.143736263736264,0.295907998594077,NA,NA,NA,NA,NA,NA,NA,NA,NA,NA,NA,NA,NA,NA,NA,NA,NA,NA,NA,NA,NA,NA,NA,NA,2025,2004-01-15,NA,NA,NA,NA
"Jaleel McLaughlin","DEN","RB","16390","weighted",NA,NA,NA,NA,NA,NA,227.561643835616,19.0918830920368,1.2986301369863,0.424264068711929,0,0,NA,NA,NA,NA,10.1132420091324,4.10121933088198,50.6027397260274,31.8198051533946,0,0,NA,NA,NA,NA,NA,NA,NA,NA,NA,NA,NA,NA,NA,NA,NA,NA,NA,NA,NA,NA,NA,NA,NA,NA,2023,2000-09-13,NA,NA,NA,NA
"Devin Neal","NO","RB","17046","weighted",NA,NA,NA,NA,NA,NA,185.403596403596,50.8354290780543,1.31098901098901,0.612703768584218,0,0,NA,NA,NA,NA,10.8150849150849,5.57822237591949,73.0859140859141,34.2777752756834,0,0,NA,NA,NA,NA,NA,NA,NA,NA,NA,NA,NA,NA,NA,NA,NA,NA,NA,NA,NA,NA,NA,NA,NA,NA,2025,2003-08-12,NA,NA,NA,NA
"Jerome Ford","WAS","RB","15713","weighted",NA,NA,NA,NA,NA,NA,148.367632367632,110.845613861366,1.002997002997,0.992343064517006,0,0,NA,NA,NA,NA,15.7694305694306,10.6599560000493,89.2027972027972,70.2712258449446,0,0,NA,NA,NA,NA,NA,NA,NA,NA,NA,NA,NA,NA,NA,NA,NA,NA,NA,NA,NA,NA,NA,NA,NA,NA,2022,1999-09-12,NA,NA,NA,NA
"Ty Johnson","BUF","RB","14095","weighted",NA,NA,NA,NA,NA,NA,211.348156816852,10.8096898968215,2.0765359859567,0.17598614826687,0,0,NA,NA,NA,NA,24.2089526038619,3.37092926386085,242.750731421884,30.3793994658216,2.00877706260971,0.701821513378908,NA,NA,NA,NA,NA,NA,NA,NA,NA,NA,NA,NA,NA,NA,NA,NA,NA,NA,NA,NA,NA,NA,NA,NA,2019,1997-09-17,NA,NA,NA,NA
"Zonovan Knight","ARI","RB","15727","weighted",NA,NA,NA,NA,NA,NA,219,4.01944132192962e-14,1,0,NA,NA,NA,NA,NA,NA,13,0,96,0,0,0,NA,NA,NA,NA,NA,NA,NA,NA,NA,NA,NA,NA,NA,NA,NA,NA,NA,NA,NA,NA,NA,NA,NA,NA,2022,2001-04-11,NA,NA,NA,NA
"Ty Chandler","NO","RB","15723","weighted",NA,NA,NA,NA,NA,NA,121.576423576424,104.716187350701,0.673326673326673,0.574472060389462,0,0,NA,NA,NA,NA,8.34125874125874,6.43408707636197,48.9340659340659,41.4718212094903,0.32967032967033,0.575815454577438,NA,NA,NA,NA,NA,NA,NA,NA,NA,NA,NA,NA,NA,NA,NA,NA,NA,NA,NA,NA,NA,NA,NA,NA,2022,1998-05-12,NA,NA,NA,NA
"Raheim Sanders","CLE","RB","17062","weighted",NA,NA,NA,NA,NA,NA,159.71671388102,43.840620433566,0.861048158640227,0.212132034355964,0,0,NA,NA,NA,NA,6.03796033994334,3.11126983722081,36.1898016997167,15.556349186104,0,0,NA,NA,NA,NA,NA,NA,NA,NA,NA,NA,NA,NA,NA,NA,NA,NA,NA,NA,NA,NA,NA,NA,NA,NA,2025,2002-06-08,NA,NA,NA,NA
"Kaytron Allen","WAS","RB","17478","weighted",NA,NA,NA,NA,NA,NA,145.359859566998,55.1194550173114,0.616149795201872,0.543947145817755,0,0,NA,NA,NA,NA,5.379520187244,2.40083730854795,35.2083089526039,15.9255006408468,0,0,NA,NA,NA,NA,NA,NA,NA,NA,NA,NA,NA,NA,NA,NA,NA,NA,NA,NA,NA,NA,NA,NA,NA,NA,2026,2003-01-08,NA,NA,NA,NA
"Brashard Smith","KC","RB","17049","weighted",NA,NA,NA,NA,NA,NA,140.174686716792,33.2306928749911,0.32298390296038,0.477611616013758,0,0,NA,NA,NA,NA,19.4546365914787,1.56344133903663,129.181954887218,14.3388966625747,1.00333669940797,0.0067210197262142,NA,NA,NA,NA,NA,NA,NA,NA,NA,NA,NA,NA,NA,NA,NA,NA,NA,NA,NA,NA,NA,NA,NA,NA,2025,2003-04-11,NA,NA,NA,NA
"Kendre Miller","NO","RB","16171","weighted",NA,NA,NA,NA,NA,NA,97.5227053140097,67.2568452506057,0.0631884057971014,0.11401297501064,0,0,NA,NA,NA,NA,4.32690821256039,2.47666542314223,31.4700483091787,20.7231188467003,0,0,NA,NA,NA,NA,NA,NA,NA,NA,NA,NA,NA,NA,NA,NA,NA,NA,NA,NA,NA,NA,NA,NA,NA,NA,2023,2002-06-11,"Q","Back",2026,0
"Frank Gore Jr.","BUF","RB","16599","weighted",NA,NA,NA,NA,NA,NA,93.1028315946349,117.379725676967,1.02533532041729,1.41421356237309,0,0,NA,NA,NA,NA,1.53800298062593,2.12132034355964,13.3293591654247,18.3847763108502,0,0,NA,NA,NA,NA,NA,NA,NA,NA,NA,NA,NA,NA,NA,NA,NA,NA,NA,NA,NA,NA,NA,NA,NA,NA,2024,2002-03-13,NA,NA,NA,NA
"LeQuint Allen","JAC","RB","17061","weighted",NA,NA,NA,NA,NA,NA,95.4095238095238,54.4964767062754,0.28967032967033,0.472807626292843,0,0,NA,NA,NA,NA,17.6312820512821,6.25218817457243,110.768498168498,44.7850450594739,0.518681318681319,0.577340753580594,NA,NA,NA,NA,NA,NA,NA,NA,NA,NA,NA,NA,NA,NA,NA,NA,NA,NA,NA,NA,NA,NA,NA,NA,2025,2004-08-05,NA,NA,NA,NA
"Dameon Pierce","PHI","RB","15717","weighted",NA,NA,NA,NA,NA,NA,91.311475409836,101.116269709676,0.512667660208644,0.707106781186547,0,0,NA,NA,NA,NA,0,0,0,0,0,0,NA,NA,NA,NA,NA,NA,NA,NA,NA,NA,NA,NA,NA,NA,NA,NA,NA,NA,NA,NA,NA,NA,NA,NA,2022,2000-02-19,NA,NA,NA,NA
"Isaac Guerendo","SF","RB","16688","weighted",NA,NA,NA,NA,NA,NA,149.6785,10.5331651009972,0.648882565197842,0.351502641327673,0,0,NA,NA,NA,NA,6.3592,2.40758059451364,62.558,26.0821231072311,0,0,NA,NA,NA,NA,NA,NA,NA,NA,NA,NA,NA,NA,NA,NA,NA,NA,NA,NA,NA,NA,NA,NA,NA,NA,2024,2000-06-28,"O","Pectoral",2026,0
"Jam Miller","NE","RB","17486","weighted",NA,NA,NA,NA,NA,NA,117.988077496274,55.1543289325507,0.512667660208644,0.707106781186547,0.194932935916542,0.282842712474619,NA,NA,NA,NA,1.95126676602086,0.0707106781186548,15.2533532041729,14.1421356237309,0,0,NA,NA,NA,NA,NA,NA,NA,NA,NA,NA,NA,NA,NA,NA,NA,NA,NA,NA,NA,NA,NA,NA,NA,NA,2026,2004-04-29,NA,NA,NA,NA
"Seth McGowan","IND","RB","17475","weighted",NA,NA,NA,NA,NA,NA,99.8114575779551,53.7488531888747,0.773749093546048,0.948539509655857,0,0,NA,NA,NA,NA,2.70456852791878,0.995405981367376,19.2501812907904,9.93578696590884,0,0,NA,NA,NA,NA,NA,NA,NA,NA,NA,NA,NA,NA,NA,NA,NA,NA,NA,NA,NA,NA,NA,NA,NA,NA,2026,2001-10-23,NA,NA,NA,NA
"Phil Mafah","DAL","RB","17063","weighted",NA,NA,NA,NA,NA,NA,74.7481371087928,97.5807358037436,0.512667660208644,0.707106781186547,0,0,NA,NA,NA,NA,2.05067064083457,2.82842712474619,17.4307004470939,24.0416305603426,0,0,NA,NA,NA,NA,NA,NA,NA,NA,NA,NA,NA,NA,NA,NA,NA,NA,NA,NA,NA,NA,NA,NA,NA,NA,2025,2002-10-24,NA,NA,NA,NA
"Will Shipley","PHI","RB","16601","weighted",NA,NA,NA,NA,NA,NA,84.5816425120773,49.3688261915469,0.429371980676328,0.540742292404703,0,0,NA,NA,NA,NA,9.79942028985507,2.16624652520216,68.631884057971,23.0771862391707,0,0,NA,NA,NA,NA,NA,NA,NA,NA,NA,NA,NA,NA,NA,NA,NA,NA,NA,NA,NA,NA,NA,NA,NA,NA,2024,2002-08-29,NA,NA,NA,NA
"Jeremy McNichols","WAS","RB","13143","weighted",NA,NA,NA,NA,NA,NA,111.137142857143,21.361891957465,0.750857142857143,0.454156073717491,0,0,NA,NA,NA,NA,14.4217142857143,6.72306364163154,107.849523809524,49.0726111225684,0,0,NA,NA,NA,NA,NA,NA,NA,NA,NA,NA,NA,NA,NA,NA,NA,NA,NA,NA,NA,NA,NA,NA,NA,NA,2017,1995-12-26,NA,NA,NA,NA
"Tahj Brooks","CIN","RB","17058","weighted",NA,NA,NA,NA,NA,NA,86.1980676328502,39.7306154058315,0.317874396135266,0.570997329103885,0,0,NA,NA,NA,NA,1,0,7.94975845410628,1.0108838461805,0,0,NA,NA,NA,NA,NA,NA,NA,NA,NA,NA,NA,NA,NA,NA,NA,NA,NA,NA,NA,NA,NA,NA,NA,NA,2025,2002-05-13,NA,NA,NA,NA
"Roschon Johnson","CHI","RB","16175","weighted",NA,NA,NA,NA,NA,NA,81.8780952380952,33.8089800143572,1.38771428571429,1.52582952881416,0,0,NA,NA,NA,NA,3.69790476190476,2.28494655527764,18.6209523809524,8.13913341446681,0,0,NA,NA,NA,NA,NA,NA,NA,NA,NA,NA,NA,NA,NA,NA,NA,NA,NA,NA,NA,NA,NA,NA,NA,NA,2023,2001-01-31,NA,NA,NA,NA
"Trevor Etienne","CAR","RB","17056","weighted",NA,NA,NA,NA,NA,NA,61.0898550724638,19.7082388920997,0,0,0,0,NA,NA,NA,NA,3.08376811594203,1.65318813765428,19.6386473429952,14.0947141438695,0,0,NA,NA,NA,NA,NA,NA,NA,NA,NA,NA,NA,NA,NA,NA,NA,NA,NA,NA,NA,NA,NA,NA,NA,NA,2025,2004-07-09,NA,NA,NA,NA
"Rasheen Ali","BAL","RB","16746","weighted",NA,NA,NA,NA,NA,NA,68.1782608695652,13.6469319234368,0,0,0,0,NA,NA,NA,NA,6.61734299516908,0.657074500017327,45,0,0.047487922705314,0.0505441923090252,NA,NA,NA,NA,NA,NA,NA,NA,NA,NA,NA,NA,NA,NA,NA,NA,NA,NA,NA,NA,NA,NA,NA,NA,2024,2001-02-16,NA,NA,NA,NA
"Tyler Badie","DEN","RB","15718","weighted",NA,NA,NA,NA,NA,NA,20.9908536585366,4.24264068711928,0,0,0,0,NA,NA,NA,NA,10.1434451219512,3.04055915910215,73.4740853658537,12.0208152801713,0,0,NA,NA,NA,NA,NA,NA,NA,NA,NA,NA,NA,NA,NA,NA,NA,NA,NA,NA,NA,NA,NA,NA,NA,NA,2022,1999-02-07,NA,NA,NA,NA
"Dylan Laube","LVR","RB","16613","weighted",NA,NA,NA,NA,NA,NA,20,0,0,0,0.2,0,NA,NA,NA,NA,2.2,0,14,2.51215960926141e-15,0,0,NA,NA,NA,NA,NA,NA,NA,NA,NA,NA,NA,NA,NA,NA,NA,NA,NA,NA,NA,NA,NA,NA,NA,NA,2024,1999-12-14,NA,NA,NA,NA
"Kyle Juszczyk","SF","RB","11367","weighted",NA,NA,NA,NA,NA,NA,6.21028985507246,9.96196527504055,0,0,0,0,NA,NA,NA,NA,23.3034057971015,2.8420955160025,205.765942028986,35.0356460243664,1.74905797101449,0.53452945009873,NA,NA,NA,NA,NA,NA,NA,NA,NA,NA,NA,NA,NA,NA,NA,NA,NA,NA,NA,NA,NA,NA,NA,NA,2013,1991-04-23,"Q","Finger",2026,0
"Michael Burton","CLE","RB","12325","weighted",NA,NA,NA,NA,NA,NA,5.10134128166915,5.65685424949238,0.512667660208644,0.707106781186547,0,0,NA,NA,NA,NA,3.07600596125186,4.24264068711928,19.4813710879285,26.8700576850888,0.512667660208644,0.707106781186547,NA,NA,NA,NA,NA,NA,NA,NA,NA,NA,NA,NA,NA,NA,NA,NA,NA,NA,NA,NA,NA,NA,NA,NA,2015,1992-02-01,NA,NA,NA,NA
"Kene Nwangwu","NYJ","RB","15414","weighted",NA,NA,NA,NA,NA,NA,9,0,0,0,0,0,NA,NA,NA,NA,0,0,0,0,0,0,NA,NA,NA,NA,NA,NA,NA,NA,NA,NA,NA,NA,NA,NA,NA,NA,NA,NA,NA,NA,NA,NA,NA,NA,2021,1998-02-09,NA,NA,NA,NA
"Andrew Beck","NYJ","RB","14319","weighted",NA,NA,NA,NA,NA,NA,4.10134128166915,5.65685424949238,0,0,0,0,NA,NA,NA,NA,5.53606557377049,0.777817459305202,42.7973174366617,11.3137084989848,1.70760059612519,0.424264068711929,NA,NA,NA,NA,NA,NA,NA,NA,NA,NA,NA,NA,NA,NA,NA,NA,NA,NA,NA,NA,NA,NA,NA,NA,2019,1996-05-15,NA,NA,NA,NA
"Jacob Saylors","DET","RB","16850","weighted",NA,NA,NA,NA,NA,NA,3,0,0,0,0,0,NA,NA,NA,NA,0.1,0,0,0,0,0,NA,NA,NA,NA,NA,NA,NA,NA,NA,NA,NA,NA,NA,NA,NA,NA,NA,NA,NA,NA,NA,NA,NA,NA,2023,2000-03-08,NA,NA,NA,NA
"Josh Williams","TB","RB","17359","weighted",NA,NA,NA,NA,NA,NA,1,0,0,0,0,0,NA,NA,NA,NA,0,0,0,0,0,0,NA,NA,NA,NA,NA,NA,NA,NA,NA,NA,NA,NA,NA,NA,NA,NA,NA,NA,NA,NA,NA,NA,NA,NA,2025,2000-06-09,NA,NA,NA,NA
"DeeJay Dallas","JAC","RB","14815","weighted",NA,NA,NA,NA,NA,NA,1,0,0,0,0,0,NA,NA,NA,NA,0,0,0,0,0,0,NA,NA,NA,NA,NA,NA,NA,NA,NA,NA,NA,NA,NA,NA,NA,NA,NA,NA,NA,NA,NA,NA,NA,NA,2020,1998-09-16,NA,NA,NA,NA
"Puka Nacua","LAR","WR","16211","weighted",NA,NA,NA,NA,NA,NA,92.8935049736688,17.0343045406838,1.1612638970158,0.783610187046532,0.862726740784084,0.149410419318634,NA,NA,NA,NA,122.022176711527,4.79284695364939,1612.31304856641,57.1960201547732,9.63610298420129,0.849969107834965,NA,NA,NA,NA,NA,NA,NA,NA,NA,NA,NA,NA,NA,NA,NA,NA,NA,NA,NA,NA,NA,NA,NA,NA,2023,2001-05-29,NA,NA,NA,NA
"Jaxon Smith-Njigba","SEA","WR","16185","weighted",NA,NA,NA,NA,NA,NA,28.8987712112346,4.42588905833104,0,0,0.893095377413692,0.160939326400894,NA,NA,NA,NA,111.036688121709,4.34741482392416,1545.09830310123,45.8579767938126,9.85576360444704,1.61321921447835,NA,NA,NA,NA,NA,NA,NA,NA,NA,NA,NA,NA,NA,NA,NA,NA,NA,NA,NA,NA,NA,NA,NA,NA,2023,2002-02-14,NA,NA,NA,NA
"Ja'Marr Chase","CIN","WR","15281","weighted",NA,NA,NA,NA,NA,NA,17.2194265652428,4.79024411838626,0,0,0.794090111176126,0.22411562897795,NA,NA,NA,NA,123.3760093622,6.71674120880227,1543.17905207724,54.5406582407866,11.5101813926273,1.25866631638548,NA,NA,NA,NA,NA,NA,NA,NA,NA,NA,NA,NA,NA,NA,NA,NA,NA,NA,NA,NA,NA,NA,NA,NA,2021,2000-03-01,NA,NA,NA,NA
"Justin Jefferson","MIN","WR","14836","weighted",NA,NA,NA,NA,NA,NA,6.01813926272674,4.1200014882686,0,0,0.0911059098888239,0.0819297807951555,NA,NA,NA,NA,99.7944411936805,8.96139755113992,1331.86541837332,111.509050116544,6.78484493856056,2.16063799746801,NA,NA,NA,NA,NA,NA,NA,NA,NA,NA,NA,NA,NA,NA,NA,NA,NA,NA,NA,NA,NA,NA,NA,NA,2020,1999-06-16,NA,NA,NA,NA
"Amon-Ra St. Brown","DET","WR","15287","weighted",NA,NA,NA,NA,NA,NA,10.4880046811001,3.07736128769355,0,0,0.293066120538326,0.180701230132307,NA,NA,NA,NA,117.035693387946,2.35352278664445,1381.33762434172,26.9618330142156,10.296957284962,0.448707012137787,NA,NA,NA,NA,NA,NA,NA,NA,NA,NA,NA,NA,NA,NA,NA,NA,NA,NA,NA,NA,NA,NA,NA,NA,2021,1999-10-24,NA,NA,NA,NA
"Drake London","ATL","WR","15751","weighted",NA,NA,NA,NA,NA,NA,-0.29045250633899,0.557048222941514,0,0,0.794090111176126,0.22411562897795,NA,NA,NA,NA,97.6217086015213,8.96436746420039,1273.59098888239,125.252798341054,9.14136922176712,2.98826323958842,NA,NA,NA,NA,NA,NA,NA,NA,NA,NA,NA,NA,NA,NA,NA,NA,NA,NA,NA,NA,NA,NA,NA,NA,2022,2001-07-24,NA,NA,NA,NA
"George Pickens","DAL","WR","15762","weighted",NA,NA,NA,NA,NA,NA,-0.0291983616149795,0.701803081603788,0,0,0.15184318314804,0.136549634658592,NA,NA,NA,NA,82.4790520772382,8.65232715937416,1219.89057928613,136.851878115724,8.27998829724985,1.64057160612608,NA,NA,NA,NA,NA,NA,NA,NA,NA,NA,NA,NA,NA,NA,NA,NA,NA,NA,NA,NA,NA,NA,NA,NA,2022,2001-03-04,NA,NA,NA,NA
"CeeDee Lamb","DAL","WR","14832","weighted",NA,NA,NA,NA,NA,NA,18.1129315389116,12.5568775547298,0,0,0.262697483908719,0.175989520707067,NA,NA,NA,NA,97.8031012287888,6.83312214813725,1286.26916325336,77.942439077177,7.33247513165594,1.92336800868289,NA,NA,NA,NA,NA,NA,NA,NA,NA,NA,NA,NA,NA,NA,NA,NA,NA,NA,NA,NA,NA,NA,NA,NA,2020,1999-04-08,NA,NA,NA,NA
"A.J. Brown","NE","WR","14104","weighted",NA,NA,NA,NA,NA,NA,0.670275014628438,1.2854958990958,0,0,0.0911059098888239,0.0819297807951555,NA,NA,NA,NA,86.1978935049737,6.17933932941972,1198.48098303101,97.4340522555121,7.77138677589233,1.65124015083351,NA,NA,NA,NA,NA,NA,NA,NA,NA,NA,NA,NA,NA,NA,NA,NA,NA,NA,NA,NA,NA,NA,NA,NA,2019,1997-06-30,NA,NA,NA,NA
"Zay Flowers","BAL","WR","16190","weighted",NA,NA,NA,NA,NA,NA,57.0871854885898,2.54699287822325,0.354359274429491,0.497916386170673,1.7029842012873,0.210227444468079,NA,NA,NA,NA,82.0408425980105,6.93910580467257,1172.4078408426,78.6469306752586,6.3469280280866,1.22588398934641,NA,NA,NA,NA,NA,NA,NA,NA,NA,NA,NA,NA,NA,NA,NA,NA,NA,NA,NA,NA,NA,NA,NA,NA,2023,2000-09-11,NA,NA,NA,NA
"Chris Olave","NO","WR","15754","weighted",NA,NA,NA,NA,NA,NA,-0.263414277355178,0.470156195580356,0,0,0,0,NA,NA,NA,NA,92.1822118197776,9.67956080830842,1143.37448800468,125.74043405895,7.9715038033938,1.87161021611363,NA,NA,NA,NA,NA,NA,NA,NA,NA,NA,NA,NA,NA,NA,NA,NA,NA,NA,NA,NA,NA,NA,NA,NA,2022,2000-06-27,NA,NA,NA,NA
"Nico Collins","HOU","WR","15290","weighted",NA,NA,NA,NA,NA,NA,7.80924517261556,5.30100628176289,0.335225277940316,0.478039491511237,0.702984201287303,0.210227444468079,NA,NA,NA,NA,81.0750146284377,4.39933091297652,1198.92861322411,60.5923331935357,7.60836746635459,1.46860100725827,NA,NA,NA,NA,NA,NA,NA,NA,NA,NA,NA,NA,NA,NA,NA,NA,NA,NA,NA,NA,NA,NA,NA,NA,2021,1999-03-19,NA,NA,NA,NA
"Tetairoa McMillan","CAR","WR","17071","weighted",NA,NA,NA,NA,NA,NA,0.718402574605032,1.28224416976461,0,0,1.09900526623757,0.0700758148226929,NA,NA,NA,NA,78.521123464014,7.69415922951073,1125.43885313049,99.1053843291169,6.74055002925687,0.827768327494697,NA,NA,NA,NA,NA,NA,NA,NA,NA,NA,NA,NA,NA,NA,NA,NA,NA,NA,NA,NA,NA,NA,NA,NA,2025,2003-04-05,NA,NA,NA,NA
"Luther Burden","CHI","WR","17070","weighted",NA,NA,NA,NA,NA,NA,41.8414277355178,9.07336628382164,0,0,0.148507899356349,0.105113722234039,NA,NA,NA,NA,73.8210649502633,10.1753772177705,999.423054417788,152.830133121011,5.54312463428906,1.92693923931064,NA,NA,NA,NA,NA,NA,NA,NA,NA,NA,NA,NA,NA,NA,NA,NA,NA,NA,NA,NA,NA,NA,NA,NA,2025,2003-12-12,NA,NA,NA,NA
"D.J. Moore","BUF","WR","13635","weighted",NA,NA,NA,NA,NA,NA,54.7478057343476,17.0192504897501,0.392627267407841,0.54619853863437,0.65348156816852,0.245265351879425,NA,NA,NA,NA,71.7475716793446,11.4043584195847,942.426565242832,175.237726914789,7.09607957870099,0.893066835461627,NA,NA,NA,NA,NA,NA,NA,NA,NA,NA,NA,NA,NA,NA,NA,NA,NA,NA,NA,NA,NA,NA,NA,NA,2018,1997-04-14,NA,NA,NA,NA
"Emeka Egbuka","TB","WR","17081","weighted",NA,NA,NA,NA,NA,NA,10.2931538911644,7.97648987988257,0,0,0,0,NA,NA,NA,NA,75.8976594499707,6.30058903186017,1098.80222352253,85.4803008193003,7.16477472205968,0.896721524280993,NA,NA,NA,NA,NA,NA,NA,NA,NA,NA,NA,NA,NA,NA,NA,NA,NA,NA,NA,NA,NA,NA,NA,NA,2025,2002-10-14,"Q","Lower Body",2026,0
"Jameson Williams","DET","WR","15756","weighted",NA,NA,NA,NA,NA,NA,46.5974253949678,8.05461382165092,0.546869514335869,0.521256431867024,0,0,NA,NA,NA,NA,64.5397893504974,3.81322764800779,1077.87946167349,71.1031925575214,6.88578115857227,0.743138078315595,NA,NA,NA,NA,NA,NA,NA,NA,NA,NA,NA,NA,NA,NA,NA,NA,NA,NA,NA,NA,NA,NA,NA,NA,2022,2001-03-26,NA,NA,NA,NA
"Garrett Wilson","NYJ","WR","15753","weighted",NA,NA,NA,NA,NA,NA,4.44938560561732,5.01876482275199,0,0,0.851492100643651,0.105113722234039,NA,NA,NA,NA,93.7294324166179,9.42667199864548,1063.09011117613,137.120971972069,6.765359859567,1.80300769489721,NA,NA,NA,NA,NA,NA,NA,NA,NA,NA,NA,NA,NA,NA,NA,NA,NA,NA,NA,NA,NA,NA,NA,NA,2022,2000-07-22,NA,NA,NA,NA
"DeVonta Smith","PHI","WR","15282","weighted",NA,NA,NA,NA,NA,NA,0,0,0,0,0,0,NA,NA,NA,NA,86.8194850789936,3.82695431771937,1119.84084259801,30.6016534996994,6.00351082504389,1.38698756755845,NA,NA,NA,NA,NA,NA,NA,NA,NA,NA,NA,NA,NA,NA,NA,NA,NA,NA,NA,NA,NA,NA,NA,NA,2021,1998-11-14,"Q","Hamstring",2026,0
"Ladd McConkey","LAC","WR","16627","weighted",NA,NA,NA,NA,NA,NA,0,0,0,0,0,0,NA,NA,NA,NA,78.7519602106495,5.43449387563478,1007.56524283207,86.5729577506679,6.37524868344061,0.565346805626487,NA,NA,NA,NA,NA,NA,NA,NA,NA,NA,NA,NA,NA,NA,NA,NA,NA,NA,NA,NA,NA,NA,NA,NA,2024,2001-11-11,NA,NA,NA,NA
"Alec Pierce","IND","WR","15768","weighted",NA,NA,NA,NA,NA,NA,0,0,0,0,0.148507899356349,0.105113722234039,NA,NA,NA,NA,60.4996489174956,7.34949301132459,1024.63955529549,123.169582741304,7.53364540667057,2.09701648744333,NA,NA,NA,NA,NA,NA,NA,NA,NA,NA,NA,NA,NA,NA,NA,NA,NA,NA,NA,NA,NA,NA,NA,NA,2022,2000-05-02,"O","Ankle",2026,0
"Michael Wilson","ARI","WR","16206","weighted",NA,NA,NA,NA,NA,NA,1.2172322995904,1.2978123926186,0,0,0.198010532475132,0.140151629645386,NA,NA,NA,NA,72.2247513165594,9.01049705366694,906.360444704506,138.588060422545,5.24856641310708,1.68841012182884,NA,NA,NA,NA,NA,NA,NA,NA,NA,NA,NA,NA,NA,NA,NA,NA,NA,NA,NA,NA,NA,NA,NA,NA,2023,2000-02-23,NA,NA,NA,NA
"Malik Nabers","NYG","WR","16615","weighted",NA,NA,NA,NA,NA,NA,8.68753657109421,10.177151935356,0,0,0,0,NA,NA,NA,NA,84.0234055002926,9.22796088114489,1055.6559391457,62.2986816432213,7.8469280280866,2.20760649896073,NA,NA,NA,NA,NA,NA,NA,NA,NA,NA,NA,NA,NA,NA,NA,NA,NA,NA,NA,NA,NA,NA,NA,NA,2024,2003-07-28,"Q","Knee - ACL",2026,0
"Rashee Rice","KC","WR","16194","weighted",NA,NA,NA,NA,NA,NA,27.9730836746635,20.2603323159962,0.843826799297835,0.872839295256356,0.182211819777648,0.163859561590311,NA,NA,NA,NA,93.6425394967817,8.93233557517961,1062.28379169105,75.0682838290589,9.09373902867174,2.36578906770852,NA,NA,NA,NA,NA,NA,NA,NA,NA,NA,NA,NA,NA,NA,NA,NA,NA,NA,NA,NA,NA,NA,NA,NA,2023,2000-04-22,NA,NA,NA,NA
"Wan'Dale Robinson","TEN","WR","15757","weighted",NA,NA,NA,NA,NA,NA,10.8408425980105,10.6008198568174,0,0,0,0,NA,NA,NA,NA,83.2308367466355,13.505265592885,865.227033352838,146.705307167229,4.08940901111761,1.99800985864405,NA,NA,NA,NA,NA,NA,NA,NA,NA,NA,NA,NA,NA,NA,NA,NA,NA,NA,NA,NA,NA,NA,NA,NA,2022,2001-01-05,NA,NA,NA,NA
"Courtland Sutton","DEN","WR","13630","weighted",NA,NA,NA,NA,NA,NA,0,0,0,0,0.198010532475132,0.140151629645386,NA,NA,NA,NA,70.7988882387361,6.5364082219104,941.361029842013,100.36927787173,7.49122293739029,0.701560707551616,NA,NA,NA,NA,NA,NA,NA,NA,NA,NA,NA,NA,NA,NA,NA,NA,NA,NA,NA,NA,NA,NA,NA,NA,2018,1995-10-10,NA,NA,NA,NA
"Terry McLaurin","WAS","WR","14109","weighted",NA,NA,NA,NA,NA,NA,0.967817437097718,1.21457387059006,0,0,0,0,NA,NA,NA,NA,70.610883557636,8.00717948887142,988.023405500292,80.5692289512999,7.51486249268578,1.77334767837239,NA,NA,NA,NA,NA,NA,NA,NA,NA,NA,NA,NA,NA,NA,NA,NA,NA,NA,NA,NA,NA,NA,NA,NA,2019,1995-09-15,NA,NA,NA,NA
"Tee Higgins","CIN","WR","14835","weighted",NA,NA,NA,NA,NA,NA,0,0,0,0,0.0495026331187829,0.0350379074113464,NA,NA,NA,NA,70.0947922761849,6.34647180270441,963.90637799883,92.5379884126155,9.41100058513751,1.37857415257108,NA,NA,NA,NA,NA,NA,NA,NA,NA,NA,NA,NA,NA,NA,NA,NA,NA,NA,NA,NA,NA,NA,NA,NA,2020,1999-01-18,NA,NA,NA,NA
"Rome Odunze","CHI","WR","16616","weighted",NA,NA,NA,NA,NA,NA,8.20275014628438,7.04243227042222,0,0,0.198010532475132,0.140151629645386,NA,NA,NA,NA,64.7387361029842,8.44182823429783,972.516091281451,84.6701528978715,8.1726155646577,0.856470641584444,NA,NA,NA,NA,NA,NA,NA,NA,NA,NA,NA,NA,NA,NA,NA,NA,NA,NA,NA,NA,NA,NA,NA,NA,2024,2002-06-03,NA,NA,NA,NA
"Chris Godwin","TB","WR","13163","weighted",NA,NA,NA,NA,NA,NA,5.27823288472791,8.84569778130454,0,0,0,0,NA,NA,NA,NA,69.90959625512,10.7201991935034,838.598010532475,137.183873681533,6.04669397308367,1.10737358453299,NA,NA,NA,NA,NA,NA,NA,NA,NA,NA,NA,NA,NA,NA,NA,NA,NA,NA,NA,NA,NA,NA,NA,NA,2017,1996-02-27,NA,NA,NA,NA
"Carnell Tate","TEN","WR","17497","weighted",NA,NA,NA,NA,NA,NA,8.01477472205968,5.12015523562709,0,0,1.15845523698069,0.595644425992889,NA,NA,NA,NA,65.9016968987712,10.6417850939712,897.400234055003,141.192746847979,5.58671737858397,1.35759279645469,NA,NA,NA,NA,NA,NA,NA,NA,NA,NA,NA,NA,NA,NA,NA,NA,NA,NA,NA,NA,NA,NA,NA,NA,2026,2005-01-19,NA,NA,NA,NA
"Marvin Harrison Jr.","ARI","WR","16614","weighted",NA,NA,NA,NA,NA,NA,0,0,0,0,0.198010532475132,0.140151629645386,NA,NA,NA,NA,66.1952603861908,6.38697027901085,933.011702750146,101.910832065071,6.10620245757753,0.883147224332594,NA,NA,NA,NA,NA,NA,NA,NA,NA,NA,NA,NA,NA,NA,NA,NA,NA,NA,NA,NA,NA,NA,NA,NA,2024,2002-08-11,NA,NA,NA,NA
"Jaylen Waddle","DEN","WR","15284","weighted",NA,NA,NA,NA,NA,NA,14.6483323581042,9.88993732482778,0,0,0,0,NA,NA,NA,NA,73.6517261556466,3.9973012920228,973.200117027502,60.6303782617246,6.05915740198947,0.59538251782284,NA,NA,NA,NA,NA,NA,NA,NA,NA,NA,NA,NA,NA,NA,NA,NA,NA,NA,NA,NA,NA,NA,NA,NA,2021,1998-11-25,"Q","Undisclosed",2026,0
"DK Metcalf","PIT","WR","14102","weighted",NA,NA,NA,NA,NA,NA,6.09669397308367,4.02174350357804,0.440988882387361,0.458795597928588,0,0,NA,NA,NA,NA,64.1131655939146,5.60251345496357,921.935049736688,75.863396943836,6.23311878291398,1.02541615327093,NA,NA,NA,NA,NA,NA,NA,NA,NA,NA,NA,NA,NA,NA,NA,NA,NA,NA,NA,NA,NA,NA,NA,NA,2019,1997-12-14,NA,NA,NA,NA
"Davante Adams","LAR","WR","11675","weighted",NA,NA,NA,NA,NA,NA,0.478935049736688,0.854829446509738,0,0,0,0,NA,NA,NA,NA,67.7617320070216,4.327798643323,907.046811000585,63.8859130756998,10.2881802223523,0.443601921617908,NA,NA,NA,NA,NA,NA,NA,NA,NA,NA,NA,NA,NA,NA,NA,NA,NA,NA,NA,NA,NA,NA,NA,NA,2014,1992-12-24,NA,NA,NA,NA
"Parker Washington","JAC","WR","16192","weighted",NA,NA,NA,NA,NA,NA,15.4113516676419,16.0088469604766,0.0574019894675249,0.131989611200153,0.148507899356349,0.105113722234039,NA,NA,NA,NA,66.7357519016969,8.98031600059274,890.486834406085,94.3469569643108,5.71831480397894,1.28698322203929,NA,NA,NA,NA,NA,NA,NA,NA,NA,NA,NA,NA,NA,NA,NA,NA,NA,NA,NA,NA,NA,NA,NA,NA,2023,2002-03-21,NA,NA,NA,NA
"Brian Thomas Jr.","JAC","WR","16618","weighted",NA,NA,NA,NA,NA,NA,21.6249268578116,13.2361208361305,0.296957284961966,0.448707012137787,0,0,NA,NA,NA,NA,61.6296079578701,6.73188852618799,902.63838502048,76.3661365582718,5.89537741369222,1.22847196854705,NA,NA,NA,NA,NA,NA,NA,NA,NA,NA,NA,NA,NA,NA,NA,NA,NA,NA,NA,NA,NA,NA,NA,NA,2024,2002-10-08,NA,NA,NA,NA
"Mike Evans","SF","WR","11671","weighted",NA,NA,NA,NA,NA,NA,0,0,0,0,0.198010532475132,0.140151629645386,NA,NA,NA,NA,67.6240491515506,7.10381435041541,930.25921591574,61.3589142695454,7.60544177881802,1.13577319888116,NA,NA,NA,NA,NA,NA,NA,NA,NA,NA,NA,NA,NA,NA,NA,NA,NA,NA,NA,NA,NA,NA,NA,NA,2014,1993-08-21,"Q","Quadriceps",2026,0
"Jordyn Tyson","NO","WR","17498","weighted",NA,NA,NA,NA,NA,NA,11.133118782914,8.03686938753612,0,0,1.00994733762434,0.700758148226929,NA,NA,NA,NA,62.0121123464014,12.2089005952676,802.756582796957,204.003878213053,4.38911644236396,1.78409616722624,NA,NA,NA,NA,NA,NA,NA,NA,NA,NA,NA,NA,NA,NA,NA,NA,NA,NA,NA,NA,NA,NA,NA,NA,2026,2004-08-12,NA,NA,NA,NA
"Christian Watson","GB","WR","15789","weighted",NA,NA,NA,NA,NA,NA,11.4505558806319,7.78396578448975,0,0,0.34651843183148,0.245265351879425,NA,NA,NA,NA,57.3934464599181,7.25506914703155,908.193095377414,54.6070750973286,7.58572264482153,0.550965321440632,NA,NA,NA,NA,NA,NA,NA,NA,NA,NA,NA,NA,NA,NA,NA,NA,NA,NA,NA,NA,NA,NA,NA,NA,2022,1999-05-12,NA,NA,NA,NA
"Jordan Addison","MIN","WR","16186","weighted",NA,NA,NA,NA,NA,NA,31.8496196606202,26.8143316777967,0.411761263897016,0.57388673745125,0,0,NA,NA,NA,NA,55.692159157402,10.4772319021549,769.393797542422,130.834101127566,5.39613809245173,1.12300292894752,NA,NA,NA,NA,NA,NA,NA,NA,NA,NA,NA,NA,NA,NA,NA,NA,NA,NA,NA,NA,NA,NA,NA,NA,2023,2002-01-27,"Q","Thumb",2026,0
"Jakobi Meyers","JAC","WR","14127","weighted",NA,NA,NA,NA,NA,NA,19.1930953774137,7.8269749810807,0,0,0.900994733762434,0.0700758148226929,NA,NA,NA,NA,70.1255705090696,6.67032104261288,827.817437097718,96.3961894998848,5.13744880046811,1.16067611616063,NA,NA,NA,NA,NA,NA,NA,NA,NA,NA,NA,NA,NA,NA,NA,NA,NA,NA,NA,NA,NA,NA,NA,NA,2019,1996-11-09,NA,NA,NA,NA
"Jayden Reed","GB","WR","16184","weighted",NA,NA,NA,NA,NA,NA,79.3036863662961,26.8926903559513,0,0,0.297015798712698,0.210227444468079,NA,NA,NA,NA,60.6419543592744,9.49784409594603,751.499707431246,140.832866875333,4.77273259215916,1.51691797599845,NA,NA,NA,NA,NA,NA,NA,NA,NA,NA,NA,NA,NA,NA,NA,NA,NA,NA,NA,NA,NA,NA,NA,NA,2023,2000-04-28,NA,NA,NA,NA
"Rashid Shaheed","SEA","WR","16080","weighted",NA,NA,NA,NA,NA,NA,73.093036863663,19.6276959435229,0.192510239906378,0.440989337712457,0.801989467524868,0.140151629645386,NA,NA,NA,NA,50.4661790520772,13.1097793566467,707.950263311878,182.228117286149,3.58139262726741,1.85446447224974,NA,NA,NA,NA,NA,NA,NA,NA,NA,NA,NA,NA,NA,NA,NA,NA,NA,NA,NA,NA,NA,NA,NA,NA,2022,1998-08-31,NA,NA,NA,NA
"Quentin Johnston","LAC","WR","16188","weighted",NA,NA,NA,NA,NA,NA,6.03803393797542,4.35175335552305,0,0,0.752486834406085,0.175189537056732,NA,NA,NA,NA,55.2808660035108,7.91333245243547,746.844353423054,112.11200523526,6.79520187244002,1.30943758517418,NA,NA,NA,NA,NA,NA,NA,NA,NA,NA,NA,NA,NA,NA,NA,NA,NA,NA,NA,NA,NA,NA,NA,NA,2023,2001-09-06,NA,NA,NA,NA
"Jerry Jeudy","CLE","WR","14833","weighted",NA,NA,NA,NA,NA,NA,2.19499707431246,2.28146669578122,0,0,0.603978935049737,0.280303259290771,NA,NA,NA,NA,56.0321825629023,5.56557425022664,748.846108835576,89.4215405825429,3.27138677589233,0.979949854598854,NA,NA,NA,NA,NA,NA,NA,NA,NA,NA,NA,NA,NA,NA,NA,NA,NA,NA,NA,NA,NA,NA,NA,NA,2020,1999-04-24,NA,NA,NA,NA
"Michael Pittman","PIT","WR","14842","weighted",NA,NA,NA,NA,NA,NA,0,0,0,0,0,0,NA,NA,NA,NA,75.9630778232885,8.1524123435159,764.803393797542,120.561349427179,5.06793446459918,0.91963832358243,NA,NA,NA,NA,NA,NA,NA,NA,NA,NA,NA,NA,NA,NA,NA,NA,NA,NA,NA,NA,NA,NA,NA,NA,2020,1997-10-05,NA,NA,NA,NA
"Makai Lemon","PHI","WR","17499","weighted",NA,NA,NA,NA,NA,NA,12.4758630778233,6.26392169021817,0,0,1.00994733762434,0.700758148226929,NA,NA,NA,NA,59.6936220011703,6.39240908162767,748.190754827384,107.171565463433,4.63610298420129,0.849969107834965,NA,NA,NA,NA,NA,NA,NA,NA,NA,NA,NA,NA,NA,NA,NA,NA,NA,NA,NA,NA,NA,NA,NA,NA,2026,2004-06-02,"Q","Hamstring",2026,0
"Matthew Golden","GB","WR","17075","weighted",NA,NA,NA,NA,NA,NA,32.2709186658865,25.3891636930064,0,0,0.148507899356349,0.105113722234039,NA,NA,NA,NA,53.5313048566413,8.34741028731422,709.052662375658,96.8936798299962,4.17647747220597,1.1477734749025,NA,NA,NA,NA,NA,NA,NA,NA,NA,NA,NA,NA,NA,NA,NA,NA,NA,NA,NA,NA,NA,NA,NA,NA,2025,2003-08-01,NA,NA,NA,NA
"Calvin Ridley","TEN","WR","13629","weighted",NA,NA,NA,NA,NA,NA,18.1012287887654,12.3113307989296,0.201287302516091,0.448472837048212,0,0,NA,NA,NA,NA,45.1660620245758,12.0231216278098,688.410766530135,181.324309772086,3.33171445289643,1.88243222771723,NA,NA,NA,NA,NA,NA,NA,NA,NA,NA,NA,NA,NA,NA,NA,NA,NA,NA,NA,NA,NA,NA,NA,NA,2018,1994-12-20,NA,NA,NA,NA
"Romeo Doubs","NE","WR","15779","weighted",NA,NA,NA,NA,NA,NA,0,0,0,0,0,0,NA,NA,NA,NA,57.2369806904623,9.77271723859933,734.562902282036,93.3560484438478,5.27080163838502,0.690530987973028,NA,NA,NA,NA,NA,NA,NA,NA,NA,NA,NA,NA,NA,NA,NA,NA,NA,NA,NA,NA,NA,NA,NA,NA,2022,2000-04-13,NA,NA,NA,NA
"Kayshon Boutte","NE","WR","16193","weighted",NA,NA,NA,NA,NA,NA,-0.550775307197191,0.983053863486199,0,0,0,0,NA,NA,NA,NA,36.4809245172616,14.3731904980017,555.110005851375,229.844000930101,4.430719719134,1.84031232922069,NA,NA,NA,NA,NA,NA,NA,NA,NA,NA,NA,NA,NA,NA,NA,NA,NA,NA,NA,NA,NA,NA,NA,NA,2023,2002-05-07,NA,NA,NA,NA
"Josh Downs","IND","WR","16187","weighted",NA,NA,NA,NA,NA,NA,4.12761849034523,6.30942816873909,0,0,0.504973668812171,0.350379074113464,NA,NA,NA,NA,75.4729666471621,3.84099815473698,780.598010532475,65.1026648972625,4.53709771796372,1.11627318924047,NA,NA,NA,NA,NA,NA,NA,NA,NA,NA,NA,NA,NA,NA,NA,NA,NA,NA,NA,NA,NA,NA,NA,NA,2023,2001-08-12,NA,NA,NA,NA
"Stefon Diggs","WAS","WR","12186","weighted",NA,NA,NA,NA,NA,NA,0.653371320037987,1.14980492011703,0,0,0,0,NA,NA,NA,NA,68.0740740740741,5.60476859895636,795.344729344729,41.0059104233304,5,0,NA,NA,NA,NA,NA,NA,NA,NA,NA,NA,NA,NA,NA,NA,NA,NA,NA,NA,NA,NA,NA,NA,NA,NA,2015,1993-11-29,NA,NA,NA,NA
"Jalen Nailor","LVR","WR","15786","weighted",NA,NA,NA,NA,NA,NA,8.12990052662376,5.54606968704898,0,0,0,0,NA,NA,NA,NA,44.708718548859,10.3073704896699,590.266237565828,161.189691700093,3.82568753657109,1.63666868771805,NA,NA,NA,NA,NA,NA,NA,NA,NA,NA,NA,NA,NA,NA,NA,NA,NA,NA,NA,NA,NA,NA,NA,NA,2022,1999-03-02,NA,NA,NA,NA
"KC Concepcion","CLE","WR","17501","weighted",NA,NA,NA,NA,NA,NA,23.3118782913985,10.0732477158429,0,0,1.30696313633704,0.49053070375885,NA,NA,NA,NA,54.3052662375658,12.2160752525173,671.506729081334,164.691324158581,2.88870684610884,1.60278436313975,NA,NA,NA,NA,NA,NA,NA,NA,NA,NA,NA,NA,NA,NA,NA,NA,NA,NA,NA,NA,NA,NA,NA,NA,2026,2004-09-24,NA,NA,NA,NA
"Nathaniel Dell","HOU","WR","16204","weighted",NA,NA,NA,NA,NA,NA,30.6939730836747,22.6213828091959,0,0,0.198010532475132,0.140151629645386,NA,NA,NA,NA,39.1203627852545,20.4429226522328,515.647162083089,280.488346554367,2.80947922761849,2.21687324193848,NA,NA,NA,NA,NA,NA,NA,NA,NA,NA,NA,NA,NA,NA,NA,NA,NA,NA,NA,NA,NA,NA,NA,NA,2023,1999-10-29,"Q","Knee - ACL + MCL",2026,0
"De'Zhaun Stribling","SF","WR","17514","weighted",NA,NA,NA,NA,NA,NA,5.41164423639555,5.37627307679387,0,0,1.00994733762434,0.700758148226929,NA,NA,NA,NA,39.6163253364541,20.1621609213743,547.262141603277,274.914432677167,3.01345816266823,1.83635289586177,NA,NA,NA,NA,NA,NA,NA,NA,NA,NA,NA,NA,NA,NA,NA,NA,NA,NA,NA,NA,NA,NA,NA,NA,2026,2002-12-18,"Q","Hamstring",2026,0
"Deebo Samuel","SF","WR","14136","weighted",NA,NA,NA,NA,NA,NA,84.2182562902282,26.9630465983378,0.80866003510825,0.439965370667176,0,0,NA,NA,NA,NA,56.3539496781744,10.2216134372942,643.461088355764,117.812553178724,3.88560561732007,1.13711508992214,NA,NA,NA,NA,NA,NA,NA,NA,NA,NA,NA,NA,NA,NA,NA,NA,NA,NA,NA,NA,NA,NA,NA,NA,2019,1970-01-01,NA,NA,NA,NA
"Xavier Worthy","KC","WR","16620","weighted",NA,NA,NA,NA,NA,NA,92.8074897600936,31.8233905498498,0.692100643651258,0.45731905912977,0,0,NA,NA,NA,NA,54.766237565828,5.58390070197493,687.421884142774,92.4375490423936,4.31082504388531,1.24715850363318,NA,NA,NA,NA,NA,NA,NA,NA,NA,NA,NA,NA,NA,NA,NA,NA,NA,NA,NA,NA,NA,NA,NA,NA,2024,2003-04-27,"Q","Shoulder",2026,0
"Xavier Worthy","KC","WR","16620","weighted",NA,NA,NA,NA,NA,NA,92.8074897600936,31.8233905498498,0.692100643651258,0.45731905912977,0,0,NA,NA,NA,NA,54.766237565828,5.58390070197493,687.421884142774,92.4375490423936,4.31082504388531,1.24715850363318,NA,NA,NA,NA,NA,NA,NA,NA,NA,NA,NA,NA,NA,NA,NA,NA,NA,NA,NA,NA,NA,NA,NA,NA,2024,2003-03-11,"Q","Shoulder",2026,0
"Jalen Coker","CAR","WR","16809","weighted",NA,NA,NA,NA,NA,NA,0.478935049736688,0.854829446509738,0,0,0.851492100643651,0.105113722234039,NA,NA,NA,NA,55.7739028671738,4.91422307165742,685.881802223523,65.9108844590492,3.95178466939731,1.45219939688487,NA,NA,NA,NA,NA,NA,NA,NA,NA,NA,NA,NA,NA,NA,NA,NA,NA,NA,NA,NA,NA,NA,NA,NA,2024,2001-10-30,NA,NA,NA,NA
"Khalil Shakir","BUF","WR","15761","weighted",NA,NA,NA,NA,NA,NA,5.2305441778818,4.3776348032665,0,0,0.900994733762434,0.0700758148226929,NA,NA,NA,NA,71.7178466939731,2.04512115341029,738.448215330603,27.2278754278572,3.83774136922177,1.04067601163847,NA,NA,NA,NA,NA,NA,NA,NA,NA,NA,NA,NA,NA,NA,NA,NA,NA,NA,NA,NA,NA,NA,NA,NA,2022,2000-02-03,NA,NA,NA,NA
"Jauan Jennings","MIN","WR","14860","weighted",NA,NA,NA,NA,NA,NA,0.718402574605032,1.28224416976461,0,0,0.752486834406085,0.175189537056732,NA,NA,NA,NA,47.1242246928028,9.75979794473659,558.658279695729,130.902014032276,4.97758923346987,1.9002419249215,NA,NA,NA,NA,NA,NA,NA,NA,NA,NA,NA,NA,NA,NA,NA,NA,NA,NA,NA,NA,NA,NA,NA,NA,2020,1997-07-10,NA,NA,NA,NA
"Malachi Fields","NYG","WR","17511","weighted",NA,NA,NA,NA,NA,NA,0,0,0,0,NA,NA,NA,NA,NA,NA,37.5371775417299,34.6482322781408,447.438543247344,408.707719525825,3.00303490136571,2.82842712474619,NA,NA,NA,NA,NA,NA,NA,NA,NA,NA,NA,NA,NA,NA,NA,NA,NA,NA,NA,NA,NA,NA,NA,NA,2026,2003-08-26,NA,NA,NA,NA
"Jalen Tolbert","MIA","WR","15788","weighted",NA,NA,NA,NA,NA,NA,5.43833943833944,7.95501728260696,0.287912087912088,0.421147973785074,0.4,0,NA,NA,NA,NA,41.6309157509158,12.7290875686105,505.794139194139,148.410928142376,2.49553113553114,1.72067345975718,NA,NA,NA,NA,NA,NA,NA,NA,NA,NA,NA,NA,NA,NA,NA,NA,NA,NA,NA,NA,NA,NA,NA,NA,2022,1999-02-27,NA,NA,NA,NA
"Omar Cooper Jr.","NYJ","WR","17502","weighted",NA,NA,NA,NA,NA,NA,12.6383850204798,12.337258416206,0,0,1.20795787009947,0.560606518581543,NA,NA,NA,NA,43.8478057343476,14.0236448994003,510.517846693973,174.077573766661,3.33089526038619,1.68955859910089,NA,NA,NA,NA,NA,NA,NA,NA,NA,NA,NA,NA,NA,NA,NA,NA,NA,NA,NA,NA,NA,NA,NA,NA,2026,2003-12-14,NA,NA,NA,NA
"Ja'Kobi Lane","BAL","WR","17517","weighted",NA,NA,NA,NA,NA,NA,4.24005266237566,7.39145986097686,0,0,0.504973668812171,0.350379074113464,NA,NA,NA,NA,25.7040374488005,18.1440037230445,374.898186073727,269.38074657899,2.57811585722645,2.07128984924585,NA,NA,NA,NA,NA,NA,NA,NA,NA,NA,NA,NA,NA,NA,NA,NA,NA,NA,NA,NA,NA,NA,NA,NA,2026,2004-08-05,NA,NA,NA,NA
"Adonai Mitchell","NYJ","WR","16626","weighted",NA,NA,NA,NA,NA,NA,5.06446886446887,5.16052341438417,0,0,0.3,0,NA,NA,NA,NA,41.1248351648352,8.41662748745115,557.446153846154,127.521086336978,3.56879120879121,0.88772399578223,NA,NA,NA,NA,NA,NA,NA,NA,NA,NA,NA,NA,NA,NA,NA,NA,NA,NA,NA,NA,NA,NA,NA,NA,2024,2002-10-08,NA,NA,NA,NA
"Denzel Boston","CLE","WR","17500","weighted",NA,NA,NA,NA,NA,NA,4.64935634874195,4.79182734381511,0,0,0.65348156816852,0.245265351879425,NA,NA,NA,NA,42.7659449970743,14.8965244894996,530.562317144529,180.888797516171,2.59040374488005,1.78554088700942,NA,NA,NA,NA,NA,NA,NA,NA,NA,NA,NA,NA,NA,NA,NA,NA,NA,NA,NA,NA,NA,NA,NA,NA,2026,2003-12-06,NA,NA,NA,NA
"Cooper Kupp","SEA","WR","13164","weighted",NA,NA,NA,NA,NA,NA,4.59025746050322,3.7381825066089,0,0,1,0,NA,NA,NA,NA,44.1414862492686,8.83808765435315,541.007606787595,103.751600703715,2.96992393212405,0.708396091660742,NA,NA,NA,NA,NA,NA,NA,NA,NA,NA,NA,NA,NA,NA,NA,NA,NA,NA,NA,NA,NA,NA,NA,NA,2017,1993-06-15,NA,NA,NA,NA
"Devaughn Vele","NO","WR","16788","weighted",NA,NA,NA,NA,NA,NA,-0.0718402574605032,0.128224416976461,0,0,0.247513165593915,0.175189537056732,NA,NA,NA,NA,36.3450555880632,15.015363559847,425.600936220012,193.956362000563,2.69309537741369,1.19682999552073,NA,NA,NA,NA,NA,NA,NA,NA,NA,NA,NA,NA,NA,NA,NA,NA,NA,NA,NA,NA,NA,NA,NA,NA,2024,1997-12-12,NA,NA,NA,NA
"Antonio Williams","WAS","WR","17512","weighted",NA,NA,NA,NA,NA,NA,10.7302516091281,10.3657789490618,0,0,1.00994733762434,0.700758148226929,NA,NA,NA,NA,41.7059684025746,9.96703428382096,550.235810415448,112.862166328648,2.87600936220012,0.961438291109519,NA,NA,NA,NA,NA,NA,NA,NA,NA,NA,NA,NA,NA,NA,NA,NA,NA,NA,NA,NA,NA,NA,NA,NA,2026,2004-07-14,NA,NA,NA,NA
"Jayden Higgins","HOU","WR","17083","weighted",NA,NA,NA,NA,NA,NA,0.718402574605032,1.28224416976461,0,0,0.148507899356349,0.105113722234039,NA,NA,NA,NA,49.856641310708,4.46691453313148,616.901111761264,51.0349471442731,4.48753657109421,1.44309684329008,NA,NA,NA,NA,NA,NA,NA,NA,NA,NA,NA,NA,NA,NA,NA,NA,NA,NA,NA,NA,NA,NA,NA,NA,2025,2002-12-15,NA,NA,NA,NA
"Jahan Dotson","ATL","WR","15755","weighted",NA,NA,NA,NA,NA,NA,4.82710622710623,5.72405055695056,0,0,0,0,NA,NA,NA,NA,30.3345787545788,15.4769487556572,379.72967032967,193.754101353708,2.10021978021978,1.44794426938334,NA,NA,NA,NA,NA,NA,NA,NA,NA,NA,NA,NA,NA,NA,NA,NA,NA,NA,NA,NA,NA,NA,NA,NA,2022,2000-03-22,NA,NA,NA,NA
"Zachariah Branch","ATL","WR","17507","weighted",NA,NA,NA,NA,NA,NA,8.37460317460318,12.1956465111429,0,0,0,0,NA,NA,NA,NA,29.9101831501832,24.4349762309869,342.498168498168,273.241200316323,1.72673992673993,1.68569044852868,NA,NA,NA,NA,NA,NA,NA,NA,NA,NA,NA,NA,NA,NA,NA,NA,NA,NA,NA,NA,NA,NA,NA,NA,2026,2004-03-29,NA,NA,NA,NA
"Darnell Mooney","NYG","WR","14974","weighted",NA,NA,NA,NA,NA,NA,3.275599765945,5.2246008628931,0,0,0,0,NA,NA,NA,NA,34.9205968402575,10.8272165236759,479.336454066706,147.359389463183,2.08823873610298,1.0471056740912,NA,NA,NA,NA,NA,NA,NA,NA,NA,NA,NA,NA,NA,NA,NA,NA,NA,NA,NA,NA,NA,NA,NA,NA,2020,1997-10-29,NA,NA,NA,NA
"Tre Tucker","LVR","WR","16287","weighted",NA,NA,NA,NA,NA,NA,38.7220596840257,24.6909601185125,0,0,0,0,NA,NA,NA,NA,49.406963136337,2.78014213920784,621.977764774722,38.7517735571643,3.61480397893505,0.882243785737873,NA,NA,NA,NA,NA,NA,NA,NA,NA,NA,NA,NA,NA,NA,NA,NA,NA,NA,NA,NA,NA,NA,NA,NA,2023,2001-03-08,NA,NA,NA,NA
"Malik Washington","MIA","WR","16684","weighted",NA,NA,NA,NA,NA,NA,65.7770626097133,16.4797185155424,0.604856641310708,0.57037851791436,0.900994733762434,0.0700758148226929,NA,NA,NA,NA,48.6862492685781,8.43422832813978,491.477472205968,118.789947171381,3.30497366881217,1.32008500805711,NA,NA,NA,NA,NA,NA,NA,NA,NA,NA,NA,NA,NA,NA,NA,NA,NA,NA,NA,NA,NA,NA,NA,NA,2024,2000-10-20,NA,NA,NA,NA
"Christian Kirk","SF","WR","13633","weighted",NA,NA,NA,NA,NA,NA,-0.0947826086956522,0.1965159733104,0,0,0,0,NA,NA,NA,NA,38.8630434782609,15.5395595505291,451.870289855072,184.645202769321,2.69028985507246,1.01333109090232,NA,NA,NA,NA,NA,NA,NA,NA,NA,NA,NA,NA,NA,NA,NA,NA,NA,NA,NA,NA,NA,NA,NA,NA,2018,1996-11-18,"Q","Calf",2026,0
"Germie Bernard","PIT","WR","17503","weighted",NA,NA,NA,NA,NA,NA,8.53657109420714,8.2975998996242,0,0,0.504973668812171,0.350379074113464,NA,NA,NA,NA,38.896723229959,16.4694424362718,466.299005266238,226.903683381128,2.42598010532475,1.31989611200153,NA,NA,NA,NA,NA,NA,NA,NA,NA,NA,NA,NA,NA,NA,NA,NA,NA,NA,NA,NA,NA,NA,NA,NA,2026,2003-12-02,NA,NA,NA,NA
"Darius Slayton","NYG","WR","14122","weighted",NA,NA,NA,NA,NA,NA,5.77012327773749,5.02523806030396,0,0,0.802465554749819,0.161166674533294,NA,NA,NA,NA,37.7728063814358,9.69272218801076,517.456127628716,117.135748535227,2.47686729514141,0.639530262632319,NA,NA,NA,NA,NA,NA,NA,NA,NA,NA,NA,NA,NA,NA,NA,NA,NA,NA,NA,NA,NA,NA,NA,NA,2019,1997-01-12,NA,NA,NA,NA
"Jalen McMillan","TB","WR","16628","weighted",NA,NA,NA,NA,NA,NA,22.0040959625512,14.2526443162125,0,0,0.148507899356349,0.105113722234039,NA,NA,NA,NA,44.8923932124049,3.65841502781089,584.9040374488,30.8243313820224,4.05564657694558,0.801392181569877,NA,NA,NA,NA,NA,NA,NA,NA,NA,NA,NA,NA,NA,NA,NA,NA,NA,NA,NA,NA,NA,NA,NA,NA,2024,2001-12-07,"Q","Knee",2026,0
"John Metchie","CAR","WR","15759","weighted",NA,NA,NA,NA,NA,NA,-3.07406855439642,1.34350288425444,0,0,0,0,NA,NA,NA,NA,41.997913561848,33.375440072005,383.618479880775,341.532575313102,3.124739195231,4.17193000900063,NA,NA,NA,NA,NA,NA,NA,NA,NA,NA,NA,NA,NA,NA,NA,NA,NA,NA,NA,NA,NA,NA,NA,NA,2022,2000-07-18,NA,NA,NA,NA
"Rashod Bateman","BAL","WR","15293","weighted",NA,NA,NA,NA,NA,NA,0,0,0,0,0,0,NA,NA,NA,NA,36.8983321247281,7.36097194657122,530.854242204496,105.796857438063,5.25866569978245,1.89640661069773,NA,NA,NA,NA,NA,NA,NA,NA,NA,NA,NA,NA,NA,NA,NA,NA,NA,NA,NA,NA,NA,NA,NA,NA,2021,1999-11-29,NA,NA,NA,NA
"Caleb Douglas","MIA","WR","17599","weighted",NA,NA,NA,NA,NA,NA,3.70143358689292,4.53282608564485,0,0,0.504973668812171,0.350379074113464,NA,NA,NA,NA,31.5259801053247,14.2392189552011,407.51843183148,209.970724163111,2.01170275014628,1.20444731810185,NA,NA,NA,NA,NA,NA,NA,NA,NA,NA,NA,NA,NA,NA,NA,NA,NA,NA,NA,NA,NA,NA,NA,NA,2026,2003-09-09,NA,NA,NA,NA
"Tutu Atwell","MIA","WR","15301","weighted",NA,NA,NA,NA,NA,NA,12.5326007326007,11.2796981632512,0,0,0,0,NA,NA,NA,NA,26.1778021978022,11.1081925852081,351.314285714286,165.880463722063,1.28058608058608,1.48269734506718,NA,NA,NA,NA,NA,NA,NA,NA,NA,NA,NA,NA,NA,NA,NA,NA,NA,NA,NA,NA,NA,NA,NA,NA,2021,1999-10-07,NA,NA,NA,NA
"Brandon Aiyuk","SF","WR","14840","weighted",NA,NA,NA,NA,NA,NA,4.10328185328185,7.40873677527806,0,0,0,0,NA,NA,NA,NA,24.6478764478764,17.5154483115409,335.320463320463,250.620135923769,1.60550193050193,1.17014727613893,NA,NA,NA,NA,NA,NA,NA,NA,NA,NA,NA,NA,NA,NA,NA,NA,NA,NA,NA,NA,NA,NA,NA,NA,2020,1970-01-01,NA,"Knee - ACL + MCL",2026,0
"Tre Harris","LAC","WR","17072","weighted",NA,NA,NA,NA,NA,NA,6.43321123321123,6.84075626757847,0,0,0.2,0,NA,NA,NA,NA,39.6597802197802,7.89812601144338,481.009523809524,87.1177521489874,2.50747252747253,0.974933764916895,NA,NA,NA,NA,NA,NA,NA,NA,NA,NA,NA,NA,NA,NA,NA,NA,NA,NA,NA,NA,NA,NA,NA,NA,2025,2002-02-28,NA,NA,NA,NA
"Troy Franklin","DEN","WR","16619","weighted",NA,NA,NA,NA,NA,NA,8.92530819434373,6.61159464646116,0,0,0.851849166062364,0.12087500589997,NA,NA,NA,NA,35.8208121827411,17.484874801181,389.672226250906,159.36039648545,3.21124002900653,1.90423433078939,NA,NA,NA,NA,NA,NA,NA,NA,NA,NA,NA,NA,NA,NA,NA,NA,NA,NA,NA,NA,NA,NA,NA,NA,2024,2003-02-06,NA,NA,NA,NA
"Tyquan Thornton","KC","WR","15787","weighted",NA,NA,NA,NA,NA,NA,1.26661832245589,1.86799657676646,0,0,0,0,NA,NA,NA,NA,25.0857868020305,3.51082375869035,435.720812182741,104.092285630833,3.3205946337926,0.473598433430709,NA,NA,NA,NA,NA,NA,NA,NA,NA,NA,NA,NA,NA,NA,NA,NA,NA,NA,NA,NA,NA,NA,NA,NA,2022,2000-08-07,NA,NA,NA,NA
"Elic Ayomanor","TEN","WR","17073","weighted",NA,NA,NA,NA,NA,NA,0,0,0,0,0,0,NA,NA,NA,NA,27.5920421299005,16.589421095653,348.899941486249,214.282486897782,2.64019894675249,2.32447442189839,NA,NA,NA,NA,NA,NA,NA,NA,NA,NA,NA,NA,NA,NA,NA,NA,NA,NA,NA,NA,NA,NA,NA,NA,2025,2003-06-03,NA,NA,NA,NA
"Ashton Dulin","IND","WR","14315","weighted",NA,NA,NA,NA,NA,NA,26.6983321247281,28.3872082855059,0,0,0,0,NA,NA,NA,NA,26.3802030456853,4.32799774715678,383.552574329224,125.083091194725,1.28716461203771,0.95204033110824,NA,NA,NA,NA,NA,NA,NA,NA,NA,NA,NA,NA,NA,NA,NA,NA,NA,NA,NA,NA,NA,NA,NA,NA,2019,1997-05-15,NA,NA,NA,NA
"Marquise Brown","PHI","WR","14105","weighted",NA,NA,NA,NA,NA,NA,0,0,0,0,0,0,NA,NA,NA,NA,25.0144307469181,13.0402291346082,308.007251631617,164.152615786528,2.37868020304569,1.79533750876821,NA,NA,NA,NA,NA,NA,NA,NA,NA,NA,NA,NA,NA,NA,NA,NA,NA,NA,NA,NA,NA,NA,NA,NA,2019,1997-06-04,NA,NA,NA,NA
"Calvin Austin III","NYG","WR","15777","weighted",NA,NA,NA,NA,NA,NA,1.44733762434172,2.57248054013973,0,0,0,0,NA,NA,NA,NA,23.529842012873,13.3912650396151,297.879461673493,187.298310045231,1.77840842598011,1.64857865704204,NA,NA,NA,NA,NA,NA,NA,NA,NA,NA,NA,NA,NA,NA,NA,NA,NA,NA,NA,NA,NA,NA,NA,NA,2022,1999-03-24,NA,NA,NA,NA
"Chris Bell","MIA","WR","17506","weighted",NA,NA,NA,NA,NA,NA,0,0,0,0,NA,NA,NA,NA,NA,NA,38.0060698027314,5.65685424949238,491.06373292868,59.39696961967,2,0,NA,NA,NA,NA,NA,NA,NA,NA,NA,NA,NA,NA,NA,NA,NA,NA,NA,NA,NA,NA,NA,NA,NA,NA,2026,2004-06-07,"O","Knee - ACL",2026,0
"Travis Hunter","JAC","WR","17074","weighted",NA,NA,NA,NA,NA,NA,8.92820512820513,9.68787272027727,0,0,0,0,NA,NA,NA,NA,40.6064468864469,5.90890759166227,454.459340659341,66.1099518358435,2.89663003663004,2.22564841108513,NA,NA,NA,NA,NA,NA,NA,NA,NA,NA,NA,NA,NA,NA,NA,NA,NA,NA,NA,NA,NA,NA,NA,NA,2025,2003-05-18,NA,NA,NA,NA
"Bub Means","NO","WR","16751","weighted",NA,NA,NA,NA,NA,NA,3.07600596125186,4.24264068711928,0,0,0.512667660208644,0.707106781186547,NA,NA,NA,NA,23.5749627421759,20.9303607231218,311.858420268256,299.10616844191,1.78166915052161,1.76776695296637,NA,NA,NA,NA,NA,NA,NA,NA,NA,NA,NA,NA,NA,NA,NA,NA,NA,NA,NA,NA,NA,NA,NA,NA,2024,2001-01-10,NA,NA,NA,NA
"Brenen Thompson","LAC","WR","17529","weighted",NA,NA,NA,NA,NA,NA,24.7190669371197,22.8347861507334,0,0,0.4,0,NA,NA,NA,NA,22.5248478701826,14.9278791508897,269.782961460446,215.333279866484,1.33772819472617,1.52790850574301,NA,NA,NA,NA,NA,NA,NA,NA,NA,NA,NA,NA,NA,NA,NA,NA,NA,NA,NA,NA,NA,NA,NA,NA,2026,2003-07-25,NA,NA,NA,NA
"Keon Coleman","BUF","WR","16617","weighted",NA,NA,NA,NA,NA,NA,0,0,0,0,0.6,0,NA,NA,NA,NA,27.7748717948718,10.4326324472621,345.473992673993,108.336364282951,2.69692307692308,0.910470269821142,NA,NA,NA,NA,NA,NA,NA,NA,NA,NA,NA,NA,NA,NA,NA,NA,NA,NA,NA,NA,NA,NA,NA,NA,2024,2003-05-17,NA,NA,NA,NA
"Isaac TeSlaa","DET","WR","17157","weighted",NA,NA,NA,NA,NA,NA,0.718402574605032,1.28224416976461,0,0,0,0,NA,NA,NA,NA,27.1974839087185,5.79141786719674,374.961966062025,89.7095739344694,4.25927442949093,0.819549959633249,NA,NA,NA,NA,NA,NA,NA,NA,NA,NA,NA,NA,NA,NA,NA,NA,NA,NA,NA,NA,NA,NA,NA,NA,2025,2002-02-20,NA,NA,NA,NA
"Tory Horton","SEA","WR","17098","weighted",NA,NA,NA,NA,NA,NA,12.7401498670534,14.7604130462993,0,0,0.506163886874547,0.402916686333235,NA,NA,NA,NA,22.1649746192893,11.530399720999,304.695431472081,141.674720154633,3.06896301667875,1.95736446246698,NA,NA,NA,NA,NA,NA,NA,NA,NA,NA,NA,NA,NA,NA,NA,NA,NA,NA,NA,NA,NA,NA,NA,NA,2025,2002-11-29,NA,NA,NA,NA
"Xavier Legette","CAR","WR","16639","weighted",NA,NA,NA,NA,NA,NA,5.79413919413919,6.97604914608009,0,0,0.2,0,NA,NA,NA,NA,39.8854212454212,2.98879061684897,434.320146520147,51.549862268858,2.83230769230769,0.345225998359756,NA,NA,NA,NA,NA,NA,NA,NA,NA,NA,NA,NA,NA,NA,NA,NA,NA,NA,NA,NA,NA,NA,NA,NA,2024,2001-01-29,"Q","Neck",2026,0
"Jack Bech","LVR","WR","17078","weighted",NA,NA,NA,NA,NA,NA,0.95970695970696,1.40382657928358,0,0,0,0,NA,NA,NA,NA,33.8295970695971,7.98347393460415,385.536263736264,93.0054726750472,1.52161172161172,1.27217650693849,NA,NA,NA,NA,NA,NA,NA,NA,NA,NA,NA,NA,NA,NA,NA,NA,NA,NA,NA,NA,NA,NA,NA,NA,2025,2002-12-18,NA,NA,NA,NA
"Pat Bryant","DEN","WR","17082","weighted",NA,NA,NA,NA,NA,NA,0.95970695970696,1.40382657928358,0,0,0,0,NA,NA,NA,NA,32.738021978022,4.59014151388144,402.657142857143,68.8324036257269,2.07406593406593,0.687158210217336,NA,NA,NA,NA,NA,NA,NA,NA,NA,NA,NA,NA,NA,NA,NA,NA,NA,NA,NA,NA,NA,NA,NA,NA,2025,2002-12-10,NA,NA,NA,NA
"Ted Hurst","TB","WR","17520","weighted",NA,NA,NA,NA,NA,NA,8.085,5.01579290523675,0,0,0.5085,0.501579290523675,NA,NA,NA,NA,24.839,9.65866349725278,313.599,167.768412326949,1.69,1.52789221601118,NA,NA,NA,NA,NA,NA,NA,NA,NA,NA,NA,NA,NA,NA,NA,NA,NA,NA,NA,NA,NA,NA,NA,NA,2026,2004-07-02,NA,NA,NA,NA
"Ryan Flournoy","DAL","WR","16778","weighted",NA,NA,NA,NA,NA,NA,11.0811594202899,11.6405375882321,0,0,0,0,NA,NA,NA,NA,36.5648309178744,2.8796105403068,426.414492753623,47.6737297694479,3.71371980676328,0.599574909234954,NA,NA,NA,NA,NA,NA,NA,NA,NA,NA,NA,NA,NA,NA,NA,NA,NA,NA,NA,NA,NA,NA,NA,NA,2024,1999-10-27,NA,NA,NA,NA
"Mack Hollins","NE","WR","13289","weighted",NA,NA,NA,NA,NA,NA,2.3743961352657,2.52720961545126,0,0,0,0,NA,NA,NA,NA,22.7370048309179,11.9298461033654,291.308212560386,172.757061324459,1.0631884057971,0.11401297501064,NA,NA,NA,NA,NA,NA,NA,NA,NA,NA,NA,NA,NA,NA,NA,NA,NA,NA,NA,NA,NA,NA,NA,NA,2017,1993-09-16,NA,NA,NA,NA
"Andrei Iosivas","CIN","WR","16207","weighted",NA,NA,NA,NA,NA,NA,7.79695728496197,5.1923707672652,0,0,0,0,NA,NA,NA,NA,32.9967817437098,4.78879347640139,419.883557636044,65.7752585455607,2.88519602106495,0.263979222400306,NA,NA,NA,NA,NA,NA,NA,NA,NA,NA,NA,NA,NA,NA,NA,NA,NA,NA,NA,NA,NA,NA,NA,NA,2023,1999-10-15,NA,NA,NA,NA
"Josh Palmer","BUF","WR","15319","weighted",NA,NA,NA,NA,NA,NA,0,0,0,0,0,0,NA,NA,NA,NA,23.3732414793329,8.95844548839819,300.234952864394,127.066736606936,1.24945612762872,0.499941379258095,NA,NA,NA,NA,NA,NA,NA,NA,NA,NA,NA,NA,NA,NA,NA,NA,NA,NA,NA,NA,NA,NA,NA,NA,2021,1999-09-22,NA,NA,NA,NA
"Demarcus Robinson","SF","WR","12785","weighted",NA,NA,NA,NA,NA,NA,5.97466467958271,1.41421356237309,0,0,0,0,NA,NA,NA,NA,26.3469448584203,8.20243866176395,367.919523099851,135.057395206631,1.97660208643815,1.48492424049175,NA,NA,NA,NA,NA,NA,NA,NA,NA,NA,NA,NA,NA,NA,NA,NA,NA,NA,NA,NA,NA,NA,NA,NA,2016,1994-09-21,NA,NA,NA,NA
"Chimere Dike","TEN","WR","17171","weighted",NA,NA,NA,NA,NA,NA,20.9467524868344,19.5457727279275,0.192510239906378,0.440989337712457,0.504973668812171,0.350379074113464,NA,NA,NA,NA,29.9496196606202,18.7741258811705,290.533645406671,177.576094949429,2.75617320070217,2.0657773730184,NA,NA,NA,NA,NA,NA,NA,NA,NA,NA,NA,NA,NA,NA,NA,NA,NA,NA,NA,NA,NA,NA,NA,NA,2025,2001-12-14,NA,NA,NA,NA
"Dontayvion Wicks","PHI","WR","16195","weighted",NA,NA,NA,NA,NA,NA,1.61050061050061,2.34531663675825,0,0,0,0,NA,NA,NA,NA,28.0095238095238,4.88301718361523,336.115750915751,83.2093102829911,1.76263736263736,1.23570221284885,NA,NA,NA,NA,NA,NA,NA,NA,NA,NA,NA,NA,NA,NA,NA,NA,NA,NA,NA,NA,NA,NA,NA,NA,2023,2001-06-16,NA,NA,NA,NA
"Jahdae Walker","CHI","WR","17353","weighted",NA,NA,NA,NA,NA,NA,2.29333333333333,4.02765002675116,0,0,0,0,NA,NA,NA,NA,14.9802857142857,14.0454579534179,194.40380952381,192.491389154412,2.34161904761905,2.27541650624307,NA,NA,NA,NA,NA,NA,NA,NA,NA,NA,NA,NA,NA,NA,NA,NA,NA,NA,NA,NA,NA,NA,NA,NA,2025,2002-07-05,NA,NA,NA,NA
"Cedric Tillman","CLE","WR","16191","weighted",NA,NA,NA,NA,NA,NA,8.25931445603577,13.4350288425444,0,0,0,0,NA,NA,NA,NA,25.4950819672131,10.8894444302728,315.096870342772,144.956890143242,2.4892697466468,2.1920310216783,NA,NA,NA,NA,NA,NA,NA,NA,NA,NA,NA,NA,NA,NA,NA,NA,NA,NA,NA,NA,NA,NA,NA,NA,2023,2000-04-19,NA,NA,NA,NA
"Olamide Zaccheaus","ATL","WR","14592","weighted",NA,NA,NA,NA,NA,NA,10.0505197002659,8.05989488377185,0,0,0,0,NA,NA,NA,NA,28.1681653372009,13.3993369757175,283.899202320522,134.970437848795,1.72632342277012,1.00367377264017,NA,NA,NA,NA,NA,NA,NA,NA,NA,NA,NA,NA,NA,NA,NA,NA,NA,NA,NA,NA,NA,NA,NA,NA,2019,1997-07-23,NA,NA,NA,NA
"Xavier Hutchinson","HOU","WR","16201","weighted",NA,NA,NA,NA,NA,NA,11.8339376359681,9.15234941912651,0,0,0,0,NA,NA,NA,NA,24.2158810732415,10.0463954555831,288.610587382161,110.570618628437,1.96345177664975,0.813870685473551,NA,NA,NA,NA,NA,NA,NA,NA,NA,NA,NA,NA,NA,NA,NA,NA,NA,NA,NA,NA,NA,NA,NA,NA,2023,2000-06-01,NA,NA,NA,NA
"Treylon Burks","WAS","WR","15752","weighted",NA,NA,NA,NA,NA,NA,0.94975845410628,1.0108838461805,0,0,0.2,3.40348911171934e-17,NA,NA,NA,NA,16.5991304347826,9.72469816706596,228.2,140.179226904359,1.15990338164251,0.747190305008916,NA,NA,NA,NA,NA,NA,NA,NA,NA,NA,NA,NA,NA,NA,NA,NA,NA,NA,NA,NA,NA,NA,NA,NA,2022,2000-03-23,NA,NA,NA,NA
"Dyami Brown","WAS","WR","15292","weighted",NA,NA,NA,NA,NA,NA,6.17342995169082,6.57074500017327,0,0,0,0,NA,NA,NA,NA,23.4413526570048,10.8798746718702,291.724637681159,166.614886572985,1.68599033816425,1.49331223907601,NA,NA,NA,NA,NA,NA,NA,NA,NA,NA,NA,NA,NA,NA,NA,NA,NA,NA,NA,NA,NA,NA,NA,NA,2021,1999-11-01,NA,NA,NA,NA
"Marvin Mims","DEN","WR","16189","weighted",NA,NA,NA,NA,NA,NA,59.4557926829268,20.5060966544099,0.398780487804878,0.565685424949238,0,0,NA,NA,NA,NA,31.7762195121951,11.0308657865101,326.333841463415,77.0746391493337,1.40182926829268,0.848528137423857,NA,NA,NA,NA,NA,NA,NA,NA,NA,NA,NA,NA,NA,NA,NA,NA,NA,NA,NA,NA,NA,NA,NA,NA,2023,2002-03-19,NA,NA,NA,NA
"Luke McCaffrey","WAS","WR","16635","weighted",NA,NA,NA,NA,NA,NA,0.983,1.00315858104735,0,0,0.14745,0.150473787157102,NA,NA,NA,NA,20.372,3.06118458287344,291.645,88.9093236014437,2.3263,1.55026446932791,NA,NA,NA,NA,NA,NA,NA,NA,NA,NA,NA,NA,NA,NA,NA,NA,NA,NA,NA,NA,NA,NA,NA,NA,2024,2001-04-02,NA,NA,NA,NA
"Nick Westbrook-Ikhine","IND","WR","15109","weighted",NA,NA,NA,NA,NA,NA,0.94975845410628,1.0108838461805,0,0,0,0,NA,NA,NA,NA,19.6604830917874,9.3974015519715,239.753623188406,155.096844686924,1.36811594202899,1.1401297501064,NA,NA,NA,NA,NA,NA,NA,NA,NA,NA,NA,NA,NA,NA,NA,NA,NA,NA,NA,NA,NA,NA,NA,NA,2020,1997-03-21,NA,NA,NA,NA
"KaVontae Turpin","DAL","WR","15981","weighted",NA,NA,NA,NA,NA,NA,93.6492753623188,7.83328149164251,0,0,0.4,6.80697822343867e-17,NA,NA,NA,NA,20.8735265700483,2.55400097850092,296.309178743961,63.2382048644722,1.71565217391304,0.51305838754788,NA,NA,NA,NA,NA,NA,NA,NA,NA,NA,NA,NA,NA,NA,NA,NA,NA,NA,NA,NA,NA,NA,NA,NA,2022,1996-08-02,NA,NA,NA,NA
"Jaylin Noel","HOU","WR","17080","weighted",NA,NA,NA,NA,NA,NA,9.2048309178744,11.2789371429326,0,0,0,0,NA,NA,NA,NA,24.7347826086956,7.6958758132182,283.032850241546,94.0242885585675,1.89227053140097,1.26572732167584,NA,NA,NA,NA,NA,NA,NA,NA,NA,NA,NA,NA,NA,NA,NA,NA,NA,NA,NA,NA,NA,NA,NA,NA,2025,2002-09-04,"O","Finger",2026,0
"Demario Douglas","NE","WR","16342","weighted",NA,NA,NA,NA,NA,NA,10.4666666666667,10.6990178485154,0,0,0,0,NA,NA,NA,NA,21.3959420289855,1.51749479607384,278.224154589372,40.3510497582201,1.63381642512077,0.590752137860549,NA,NA,NA,NA,NA,NA,NA,NA,NA,NA,NA,NA,NA,NA,NA,NA,NA,NA,NA,NA,NA,NA,NA,NA,2023,2000-12-08,NA,NA,NA,NA
"Kendrick Bourne","ARI","WR","13418","weighted",NA,NA,NA,NA,NA,NA,1.42463768115942,1.51632576927076,0.142463768115942,0.151632576927076,0,0,NA,NA,NA,NA,23.0631884057971,0.11401297501064,284.12077294686,37.823915497319,1.05024154589372,1.0108838461805,NA,NA,NA,NA,NA,NA,NA,NA,NA,NA,NA,NA,NA,NA,NA,NA,NA,NA,NA,NA,NA,NA,NA,NA,2017,1995-08-04,NA,NA,NA,NA
"Kalif Raymond","CHI","WR","13066","weighted",NA,NA,NA,NA,NA,NA,13.6376811594203,13.7985763039265,0,0,0,0,NA,NA,NA,NA,21.7673429951691,4.05897289444188,240.709178743961,58.7866194171564,1.20821256038647,0.777298931547827,NA,NA,NA,NA,NA,NA,NA,NA,NA,NA,NA,NA,NA,NA,NA,NA,NA,NA,NA,NA,NA,NA,NA,NA,2016,1994-08-08,NA,NA,NA,NA
"Elijah Sarratt","BAL","WR","17505","weighted",NA,NA,NA,NA,NA,NA,0,0,0,0,0,0,NA,NA,NA,NA,10.5788109756098,13.3643181644257,151.439024390244,203.646752981726,1.0030487804878,1.4142135623731,NA,NA,NA,NA,NA,NA,NA,NA,NA,NA,NA,NA,NA,NA,NA,NA,NA,NA,NA,NA,NA,NA,NA,NA,2026,2003-05-28,NA,NA,NA,NA
"Jaylin Lane","WAS","WR","17184","weighted",NA,NA,NA,NA,NA,NA,0,0,0,0,0,0,NA,NA,NA,NA,15.1240853658537,11.1722871427475,176.8125,144.956890143242,1.0030487804878,1.4142135623731,NA,NA,NA,NA,NA,NA,NA,NA,NA,NA,NA,NA,NA,NA,NA,NA,NA,NA,NA,NA,NA,NA,NA,NA,2025,2002-05-01,NA,NA,NA,NA
"Isaiah Bond","CLE","WR","17076","weighted",NA,NA,NA,NA,NA,NA,15.2115942028985,14.1780513086532,0,0,0,0,NA,NA,NA,NA,14.9701449275362,4.56076464647434,216.902415458937,75.2333638107652,0.684057971014493,0.5700648750532,NA,NA,NA,NA,NA,NA,NA,NA,NA,NA,NA,NA,NA,NA,NA,NA,NA,NA,NA,NA,NA,NA,NA,NA,2025,2004-03-15,NA,NA,NA,NA
"Devontez Walker","BAL","WR","16621","weighted",NA,NA,NA,NA,NA,NA,0,0,0,0,0,0,NA,NA,NA,NA,13.6915942028985,4.09091382053624,208.075362318841,61.5693834127565,2.09285024154589,1.12599951839616,NA,NA,NA,NA,NA,NA,NA,NA,NA,NA,NA,NA,NA,NA,NA,NA,NA,NA,NA,NA,NA,NA,NA,NA,2024,2001-06-19,NA,NA,NA,NA
"Savion Williams","GB","WR","17096","weighted",NA,NA,NA,NA,NA,NA,23.1545893719807,23.8919885605694,0,0,0.2,3.40348911171934e-17,NA,NA,NA,NA,16.9389371980676,5.95284587558573,191.442512077295,66.7876045462835,1.38106280193237,0.527856177068405,NA,NA,NA,NA,NA,NA,NA,NA,NA,NA,NA,NA,NA,NA,NA,NA,NA,NA,NA,NA,NA,NA,NA,NA,2025,2001-11-22,NA,NA,NA,NA
"Roman Wilson","PIT","WR","16629","weighted",NA,NA,NA,NA,NA,NA,0,0,0,0,0.1,0,NA,NA,NA,NA,9.17082152974504,14.0007142674936,117.645892351275,179.605122421383,0.602124645892351,0.919238815542512,NA,NA,NA,NA,NA,NA,NA,NA,NA,NA,NA,NA,NA,NA,NA,NA,NA,NA,NA,NA,NA,NA,NA,NA,2024,2001-06-19,NA,NA,NA,NA
"Xavier Smith","LAR","WR","16428","weighted",NA,NA,NA,NA,NA,NA,0,0,0,0,0,0,NA,NA,NA,NA,10.13125,8.69741340859454,144.193597560976,142.128463018496,0,0,NA,NA,NA,NA,NA,NA,NA,NA,NA,NA,NA,NA,NA,NA,NA,NA,NA,NA,NA,NA,NA,NA,NA,NA,2023,1997-09-21,NA,NA,NA,NA
"Dont'e Thornton","LVR","WR","17087","weighted",NA,NA,NA,NA,NA,NA,0,0,0,0,0,0,NA,NA,NA,NA,14.1971014492754,3.54451282716329,180.75845410628,45.2147955366149,0.684057971014493,0.5700648750532,NA,NA,NA,NA,NA,NA,NA,NA,NA,NA,NA,NA,NA,NA,NA,NA,NA,NA,NA,NA,NA,NA,NA,NA,2025,2002-11-30,NA,NA,NA,NA
"Tyrell Shavers","BUF","WR","16451","weighted",NA,NA,NA,NA,NA,NA,0,0,0,0,0,0,NA,NA,NA,NA,7.68871951219512,5.23259018078045,130.260670731707,111.015764646288,0.697865853658536,0.989949493661166,NA,NA,NA,NA,NA,NA,NA,NA,NA,NA,NA,NA,NA,NA,NA,NA,NA,NA,NA,NA,NA,NA,NA,NA,2023,1999-08-18,"O","Knee - ACL",2026,0
"Skyler Bell","BUF","WR","17508","weighted",NA,NA,NA,NA,NA,NA,-0.9,0,0,0,0,0,NA,NA,NA,NA,11.0121951219512,5.65685424949238,124.246951219512,114.551298552221,0.501524390243902,0.707106781186548,NA,NA,NA,NA,NA,NA,NA,NA,NA,NA,NA,NA,NA,NA,NA,NA,NA,NA,NA,NA,NA,NA,NA,NA,2026,2002-07-05,NA,NA,NA,NA
"Cyrus Allen","KC","WR","17518","weighted",NA,NA,NA,NA,NA,NA,8.00608519269777,1.99948614500279,0,0,0,0,NA,NA,NA,NA,9.78610547667343,7.59020723795774,115.239350912779,99.3939107727862,0.333671399594321,0.577498568248001,NA,NA,NA,NA,NA,NA,NA,NA,NA,NA,NA,NA,NA,NA,NA,NA,NA,NA,NA,NA,NA,NA,NA,NA,2026,2003-02-11,"Q","Lower Leg",2026,0
"Jordan Whittington","LAR","WR","16633","weighted",NA,NA,NA,NA,NA,NA,5.39420289855072,6.07884729436063,0,0,0,0,NA,NA,NA,NA,16.1114975845411,1.01434561060089,182.863768115942,9.14981689755142,0.684057971014493,0.5700648750532,NA,NA,NA,NA,NA,NA,NA,NA,NA,NA,NA,NA,NA,NA,NA,NA,NA,NA,NA,NA,NA,NA,NA,NA,2024,2000-10-01,NA,NA,NA,NA
"Tez Johnson","TB","WR","17079","weighted",NA,NA,NA,NA,NA,NA,15.5256038647343,14.5446288138992,0,0,0,0,NA,NA,NA,NA,12.4513043478261,5.05354819772534,133.726570048309,52.804843135474,1.53710144927536,0.96911028759044,NA,NA,NA,NA,NA,NA,NA,NA,NA,NA,NA,NA,NA,NA,NA,NA,NA,NA,NA,NA,NA,NA,NA,NA,2025,2002-05-18,"Q","Groin",2026,0
"Isaiah Williams","NYJ","WR","16630","weighted",NA,NA,NA,NA,NA,NA,16.4893292682927,4.94974746830583,0,0,0,0,NA,NA,NA,NA,12.7233231707317,12.3743686707646,108.77743902439,103.237590053236,0.299085365853659,0.424264068711928,NA,NA,NA,NA,NA,NA,NA,NA,NA,NA,NA,NA,NA,NA,NA,NA,NA,NA,NA,NA,NA,NA,NA,NA,2024,2001-01-29,NA,NA,NA,NA
"Jalen Royals","KC","WR","17086","weighted",NA,NA,NA,NA,NA,NA,2.3743961352657,2.52720961545126,0,0,0,0,NA,NA,NA,NA,12.235845410628,4.39708228501589,122.732367149758,51.4952177938568,0.684057971014493,0.5700648750532,NA,NA,NA,NA,NA,NA,NA,NA,NA,NA,NA,NA,NA,NA,NA,NA,NA,NA,NA,NA,NA,NA,NA,NA,2025,2003-02-18,NA,NA,NA,NA
"Konata Mumpfield","LAR","WR","17254","weighted",NA,NA,NA,NA,NA,NA,0.47487922705314,0.505441923090252,0,0,0,0,NA,NA,NA,NA,10.8830917874396,4.10710717784207,118.719806763285,67.0199473203093,0.684057971014493,0.5700648750532,NA,NA,NA,NA,NA,NA,NA,NA,NA,NA,NA,NA,NA,NA,NA,NA,NA,NA,NA,NA,NA,NA,NA,NA,2025,2002-10-24,NA,NA,NA,NA
"Kyle Williams","NE","WR","17134","weighted",NA,NA,NA,NA,NA,NA,10.3855182926829,16.4755880016466,0,0,0,0,NA,NA,NA,NA,7.09664634146341,1.5556349186104,127.388719512195,51.618795026618,1.69786585365854,0.989949493661166,NA,NA,NA,NA,NA,NA,NA,NA,NA,NA,NA,NA,NA,NA,NA,NA,NA,NA,NA,NA,NA,NA,NA,NA,2025,2002-11-13,NA,NA,NA,NA
"Zavion Thomas","CHI","WR","17521","weighted",NA,NA,NA,NA,NA,NA,1,0,0,0,0,0,NA,NA,NA,NA,10.1057926829268,2.68700576850888,110.63262195122,61.5182899632296,0.501524390243902,0.707106781186548,NA,NA,NA,NA,NA,NA,NA,NA,NA,NA,NA,NA,NA,NA,NA,NA,NA,NA,NA,NA,NA,NA,NA,NA,2026,2004-02-14,NA,NA,NA,NA
"Greg Dortch","DET","WR","14108","weighted",NA,NA,NA,NA,NA,NA,10.7884057971014,12.1576945887213,0.189565217391304,0.34203892503192,0,0,NA,NA,NA,NA,10.2225120772947,6.87983985216401,92.8618357487923,56.0116632509993,0.379130434782609,0.68407785006384,NA,NA,NA,NA,NA,NA,NA,NA,NA,NA,NA,NA,NA,NA,NA,NA,NA,NA,NA,NA,NA,NA,NA,NA,2019,1998-05-29,NA,NA,NA,NA
"KeAndre Lambert-Smith","LAC","WR","17205","weighted",NA,NA,NA,NA,NA,NA,0,0,0,0,0,0,NA,NA,NA,NA,8.86830917874396,4.10046343069022,99.9033816425121,52.0714421973929,0.747246376811594,0.45605190004256,NA,NA,NA,NA,NA,NA,NA,NA,NA,NA,NA,NA,NA,NA,NA,NA,NA,NA,NA,NA,NA,NA,NA,NA,2025,2001-10-16,NA,NA,NA,NA
"Ben Skowronek","PIT","WR","15491","weighted",NA,NA,NA,NA,NA,NA,0,0,0,0,0,0,NA,NA,NA,NA,6.44557926829268,2.05060966544099,86.3917682926829,50.2045814642449,0,0,NA,NA,NA,NA,NA,NA,NA,NA,NA,NA,NA,NA,NA,NA,NA,NA,NA,NA,NA,NA,NA,NA,NA,NA,2021,1997-06-27,NA,NA,NA,NA
"Mitchell Tinsley","CIN","WR","16403","weighted",NA,NA,NA,NA,NA,NA,0,0,0,0,0,0,NA,NA,NA,NA,6.82908212560386,1.37099737725191,90.6917874396135,12.4423508716922,0.697004830917874,0.656941296403322,NA,NA,NA,NA,NA,NA,NA,NA,NA,NA,NA,NA,NA,NA,NA,NA,NA,NA,NA,NA,NA,NA,NA,NA,2023,1999-09-15,NA,NA,NA,NA
"Jimmy Horn","CAR","WR","17234","weighted",NA,NA,NA,NA,NA,NA,33.5106707317073,4.94974746830583,0,0,0,0,NA,NA,NA,NA,9.64192073170732,3.7476659402887,88.4649390243902,16.2634559672906,0,0,NA,NA,NA,NA,NA,NA,NA,NA,NA,NA,NA,NA,NA,NA,NA,NA,NA,NA,NA,NA,NA,NA,NA,NA,2025,2002-09-12,NA,NA,NA,NA
"Bo Melton","GB","WR","15785","weighted",NA,NA,NA,NA,NA,NA,33.9756097560976,11.3137084989848,0,0,0.5,0,NA,NA,NA,NA,6.43948170731707,4.87903679018718,64.4192073170732,37.476659402887,0,0,NA,NA,NA,NA,NA,NA,NA,NA,NA,NA,NA,NA,NA,NA,NA,NA,NA,NA,NA,NA,NA,NA,NA,NA,2022,1999-05-18,NA,NA,NA,NA
"Tai Felton","MIN","WR","17097","weighted",NA,NA,NA,NA,NA,NA,0,0,0,0,0,0,NA,NA,NA,NA,7.23158640226629,0.353553390593274,74.5679886685552,20.5060966544099,0,0,NA,NA,NA,NA,NA,NA,NA,NA,NA,NA,NA,NA,NA,NA,NA,NA,NA,NA,NA,NA,NA,NA,NA,NA,2025,2003-03-15,NA,NA,NA,NA
"Mason Tipton","NO","WR","16858","weighted",NA,NA,NA,NA,NA,NA,3.70538243626062,5.65685424949238,0,0,0,0,NA,NA,NA,NA,7.50949008498584,0.777817459305202,76.2733711048159,14.8492424049175,0,0,NA,NA,NA,NA,NA,NA,NA,NA,NA,NA,NA,NA,NA,NA,NA,NA,NA,NA,NA,NA,NA,NA,NA,NA,2024,2000-09-27,"O","Leg",2026,0
"Derius Davis","LAC","WR","16299","weighted",NA,NA,NA,NA,NA,NA,3.82195121951219,10.1823376490863,0,0,0,0,NA,NA,NA,NA,4.09664634146341,1.5556349186104,44.9786585365854,9.89949493661167,0.598170731707317,0.848528137423857,NA,NA,NA,NA,NA,NA,NA,NA,NA,NA,NA,NA,NA,NA,NA,NA,NA,NA,NA,NA,NA,NA,NA,NA,2023,2000-09-11,NA,NA,NA,NA
"Devin Duvernay","ARI","WR","14847","weighted",NA,NA,NA,NA,NA,NA,0,0,0,0,0,0,NA,NA,NA,NA,0.138951841359773,0.212132034355964,0.463172804532578,0.707106781186548,0,0,NA,NA,NA,NA,NA,NA,NA,NA,NA,NA,NA,NA,NA,NA,NA,NA,NA,NA,NA,NA,NA,NA,NA,NA,2020,1997-09-12,NA,NA,NA,NA
"Trey McBride","ARI","TE","15794","weighted",NA,NA,NA,NA,NA,NA,0.499122293739029,0.346746891889613,0.249561146869514,0.173373445944807,0.0607372732592159,0.054619853863437,NA,NA,NA,NA,112.334874195436,7.98814981530933,1102.59274429491,88.3950041795085,7.47208894090111,1.77446931830365,NA,NA,NA,NA,NA,NA,NA,NA,NA,NA,NA,NA,NA,NA,NA,NA,NA,NA,NA,NA,NA,NA,NA,NA,2022,1999-11-22,NA,NA,NA,NA
"Brock Bowers","LVR","TE","16641","weighted",NA,NA,NA,NA,NA,NA,10.3393797542422,3.81694031600793,0,0,0.0607372732592159,0.054619853863437,NA,NA,NA,NA,95.6279110590989,7.39309069221763,1015.72732592159,67.0745983335019,7.44259801053247,1.07561963746001,NA,NA,NA,NA,NA,NA,NA,NA,NA,NA,NA,NA,NA,NA,NA,NA,NA,NA,NA,NA,NA,NA,NA,NA,2024,2002-12-13,NA,NA,NA,NA
"Colston Loveland","CHI","TE","17104","weighted",NA,NA,NA,NA,NA,NA,-0.998244587478057,0.693493783779226,0,0,0.0607372732592159,0.054619853863437,NA,NA,NA,NA,73.9991808074898,6.30353637916745,887.487419543593,68.6792499239116,6.21123464014043,1.0912425066715,NA,NA,NA,NA,NA,NA,NA,NA,NA,NA,NA,NA,NA,NA,NA,NA,NA,NA,NA,NA,NA,NA,NA,NA,2025,2004-04-09,NA,NA,NA,NA
"Harold Fannin","CLE","TE","17103","weighted",NA,NA,NA,NA,NA,NA,15.3393797542422,3.81694031600793,0.785571809375203,0.436681385082221,0.904944411936805,0.0544285300869856,NA,NA,NA,NA,76.7204212990053,10.2056885964705,791.145114101814,112.35418370807,5.58414277355178,1.79951494070751,NA,NA,NA,NA,NA,NA,NA,NA,NA,NA,NA,NA,NA,NA,NA,NA,NA,NA,NA,NA,NA,NA,NA,NA,2025,2004-07-20,NA,NA,NA,NA
"Kyle Pitts","ATL","TE","15329","weighted",NA,NA,NA,NA,NA,NA,0,0,0,0,0.030368636629608,0.0273099269317185,NA,NA,NA,NA,76.3043300175541,4.70308269259117,848.746635459333,56.905099539547,4.83581041544763,1.61526273291626,NA,NA,NA,NA,NA,NA,NA,NA,NA,NA,NA,NA,NA,NA,NA,NA,NA,NA,NA,NA,NA,NA,NA,NA,2021,2000-10-06,NA,NA,NA,NA
"Tyler Warren","IND","TE","17102","weighted",NA,NA,NA,NA,NA,NA,10.0046811000585,2.77186940321934,0.298459137897406,0.293077149681825,0.0911059098888239,0.0819297807951555,NA,NA,NA,NA,78.5067875950848,6.85893457006086,826.868929198362,67.2560070905502,5.14564072557051,0.933478765928034,NA,NA,NA,NA,NA,NA,NA,NA,NA,NA,NA,NA,NA,NA,NA,NA,NA,NA,NA,NA,NA,NA,NA,NA,2025,2002-05-24,NA,NA,NA,NA
"Sam LaPorta","DET","TE","16214","weighted",NA,NA,NA,NA,NA,NA,0,0,0,0,0.0607372732592159,0.054619853863437,NA,NA,NA,NA,66.693036863663,8.0276046462311,764.487419543593,89.7680468339608,5.58572264482153,0.550965321440632,NA,NA,NA,NA,NA,NA,NA,NA,NA,NA,NA,NA,NA,NA,NA,NA,NA,NA,NA,NA,NA,NA,NA,NA,2023,2001-01-12,NA,NA,NA,NA
"Isaiah Likely","NYG","TE","15798","weighted",NA,NA,NA,NA,NA,NA,0,0,0,0,1.45547103569339,0.385416981524811,NA,NA,NA,NA,62.8218841427735,6.86342410758388,748.844938560562,103.035844387723,4.99005266237566,1.41645489282745,NA,NA,NA,NA,NA,NA,NA,NA,NA,NA,NA,NA,NA,NA,NA,NA,NA,NA,NA,NA,NA,NA,NA,NA,2022,2000-04-18,NA,NA,NA,NA
"Juwan Johnson","NO","TE","14861","weighted",NA,NA,NA,NA,NA,NA,0,0,0,0,1.65348156816852,0.245265351879425,NA,NA,NA,NA,66.206319485079,4.42351039516079,748.670567583382,93.161655754784,3.45354008191925,1.03828709679163,NA,NA,NA,NA,NA,NA,NA,NA,NA,NA,NA,NA,NA,NA,NA,NA,NA,NA,NA,NA,NA,NA,NA,NA,2020,1996-09-13,NA,NA,NA,NA
"George Kittle","SF","TE","13299","weighted",NA,NA,NA,NA,NA,NA,-0.648858981860737,0.450770959456497,0,0,0.396021064950263,0.280303259290772,NA,NA,NA,NA,60.7824458747806,9.6544999231526,715.466939730837,93.4131182133788,5.39128145114102,1.17592579507397,NA,NA,NA,NA,NA,NA,NA,NA,NA,NA,NA,NA,NA,NA,NA,NA,NA,NA,NA,NA,NA,NA,NA,NA,2017,1993-10-09,"O","Achilles",2026,0
"Tucker Kraft","GB","TE","16222","weighted",NA,NA,NA,NA,NA,NA,6.65652428320655,4.23946811022622,0,0,0.0607372732592159,0.054619853863437,NA,NA,NA,NA,59.1146869514336,5.46056531672445,762.544177881802,38.6449238832331,6.25751901696899,2.35493338743117,NA,NA,NA,NA,NA,NA,NA,NA,NA,NA,NA,NA,NA,NA,NA,NA,NA,NA,NA,NA,NA,NA,NA,NA,2023,2000-11-03,"Q","Knee - ACL",2026,0
"Travis Kelce","KC","TE","11244","weighted",NA,NA,NA,NA,NA,NA,0.499122293739029,0.346746891889613,0,0,0.22837916910474,0.143316009450963,NA,NA,NA,NA,74.2946167349327,2.12115501679231,775.682270333528,35.8745480082505,4.55740198946753,0.932583911264324,NA,NA,NA,NA,NA,NA,NA,NA,NA,NA,NA,NA,NA,NA,NA,NA,NA,NA,NA,NA,NA,NA,NA,NA,2013,1989-10-05,NA,NA,NA,NA
"Brenton Strange","JAC","TE","16269","weighted",NA,NA,NA,NA,NA,NA,0,0,0,0,0.0990052662375658,0.0700758148226929,NA,NA,NA,NA,59.7131655939146,7.09761404859344,649.280280866003,93.0594723150261,4.26044470450556,0.725130870033975,NA,NA,NA,NA,NA,NA,NA,NA,NA,NA,NA,NA,NA,NA,NA,NA,NA,NA,NA,NA,NA,NA,NA,NA,2023,2000-12-27,NA,NA,NA,NA
"Dalton Kincaid","BUF","TE","16213","weighted",NA,NA,NA,NA,NA,NA,0,0,0,0,0,0,NA,NA,NA,NA,56.7183733177297,5.49173826844478,675.550029256875,60.2505602542976,5.61538911644236,1.32022295077805,NA,NA,NA,NA,NA,NA,NA,NA,NA,NA,NA,NA,NA,NA,NA,NA,NA,NA,NA,NA,NA,NA,NA,NA,2023,1999-10-18,NA,NA,NA,NA
"Dallas Goedert","PHI","TE","13674","weighted",NA,NA,NA,NA,NA,NA,3.4938560561732,2.42722824322729,0.449210064365126,0.312072202700652,0.0607372732592159,0.054619853863437,NA,NA,NA,NA,60.2268578115857,8.25237613349172,633.567583382095,85.6898281932735,7.36822703335284,2.49160173081552,NA,NA,NA,NA,NA,NA,NA,NA,NA,NA,NA,NA,NA,NA,NA,NA,NA,NA,NA,NA,NA,NA,NA,NA,2018,1995-01-03,NA,NA,NA,NA
"Mark Andrews","BAL","TE","13671","weighted",NA,NA,NA,NA,NA,NA,23.9707431246343,14.4477003407457,0.566179052077238,0.356438453364115,0.247513165593915,0.175189537056732,NA,NA,NA,NA,57.8534815681685,2.68066160586712,621.74078408426,63.34472756986,7.23820947922762,1.11141874763293,NA,NA,NA,NA,NA,NA,NA,NA,NA,NA,NA,NA,NA,NA,NA,NA,NA,NA,NA,NA,NA,NA,NA,NA,2018,1995-09-06,NA,NA,NA,NA
"Hunter Henry","NE","TE","12676","weighted",NA,NA,NA,NA,NA,NA,0,0,0,0,0,0,NA,NA,NA,NA,58.2177881802224,2.94572032469774,674.110590988882,45.6114604496101,5.31784669397308,0.63662754981966,NA,NA,NA,NA,NA,NA,NA,NA,NA,NA,NA,NA,NA,NA,NA,NA,NA,NA,NA,NA,NA,NA,NA,NA,2016,1994-12-07,NA,NA,NA,NA
"Cade Otton","TB","TE","15802","weighted",NA,NA,NA,NA,NA,NA,0,0,0,0,0,0,NA,NA,NA,NA,56.5232299590404,8.75913088657519,567.038619075483,98.1349152405421,3.33756582796957,1.1566785745291,NA,NA,NA,NA,NA,NA,NA,NA,NA,NA,NA,NA,NA,NA,NA,NA,NA,NA,NA,NA,NA,NA,NA,NA,2022,1999-04-15,NA,NA,NA,NA
"T.J. Hockenson","MIN","TE","14138","weighted",NA,NA,NA,NA,NA,NA,0,0,0,0,0,0,NA,NA,NA,NA,64.8341135166764,8.83571075805846,609.118782913985,71.348719161383,3.644880046811,0.848152229317997,NA,NA,NA,NA,NA,NA,NA,NA,NA,NA,NA,NA,NA,NA,NA,NA,NA,NA,NA,NA,NA,NA,NA,NA,2019,1997-07-03,NA,NA,NA,NA
"Kenyon Sadiq","NYJ","TE","17543","weighted",NA,NA,NA,NA,NA,NA,0,0,0,0,0.504973668812171,0.350379074113464,NA,NA,NA,NA,55.433996489175,12.6401567405484,583.272674078408,104.413343469364,4.24956114686951,1.75077081373884,NA,NA,NA,NA,NA,NA,NA,NA,NA,NA,NA,NA,NA,NA,NA,NA,NA,NA,NA,NA,NA,NA,NA,NA,2026,2005-03-04,"Q","Abdomen",2026,0
"Oronde Gadsden","LAC","TE","17099","weighted",NA,NA,NA,NA,NA,NA,0.499122293739029,0.346746891889613,0,0,0.950497366881217,0.0350379074113464,NA,NA,NA,NA,45.4545933294324,5.51525002944141,580.746050321826,102.494927942515,3.39572849619661,0.570512699063036,NA,NA,NA,NA,NA,NA,NA,NA,NA,NA,NA,NA,NA,NA,NA,NA,NA,NA,NA,NA,NA,NA,NA,NA,2025,2003-06-25,NA,NA,NA,NA
"David Njoku","LAC","TE","13192","weighted",NA,NA,NA,NA,NA,NA,0,0,0,0,0,0,NA,NA,NA,NA,42.6123464014043,13.9077457227668,421.133996489175,166.75948664796,4.48929198361615,1.50945953135382,NA,NA,NA,NA,NA,NA,NA,NA,NA,NA,NA,NA,NA,NA,NA,NA,NA,NA,NA,NA,NA,NA,NA,NA,2017,1996-07-10,NA,NA,NA,NA
"Dalton Schultz","HOU","TE","13772","weighted",NA,NA,NA,NA,NA,NA,0,0,0,0,0,0,NA,NA,NA,NA,64.8003510825044,4.76430882758402,632.056173200702,53.8890101158261,3.4918080748976,0.987589688447989,NA,NA,NA,NA,NA,NA,NA,NA,NA,NA,NA,NA,NA,NA,NA,NA,NA,NA,NA,NA,NA,NA,NA,NA,2018,1996-07-11,NA,NA,NA,NA
"Chigoziem Okonkwo","WAS","TE","15889","weighted",NA,NA,NA,NA,NA,NA,0,0,0,0,0,0,NA,NA,NA,NA,56.0639555295494,5.82387304053577,587.0479812756,59.9175126406907,3.36588648332358,1.11063675740831,NA,NA,NA,NA,NA,NA,NA,NA,NA,NA,NA,NA,NA,NA,NA,NA,NA,NA,NA,NA,NA,NA,NA,NA,2022,1999-09-08,NA,NA,NA,NA
"Greg Dulcich","MIA","TE","15797","weighted",NA,NA,NA,NA,NA,NA,-4.84148624926858,3.36344485132925,0,0,1.85149210064365,0.105113722234039,NA,NA,NA,NA,49.2327091866589,10.3918214230875,558.947337624342,118.431940938774,3.32445874780573,1.19102347157979,NA,NA,NA,NA,NA,NA,NA,NA,NA,NA,NA,NA,NA,NA,NA,NA,NA,NA,NA,NA,NA,NA,NA,NA,2022,2000-03-26,"Q","Undisclosed",2026,0
"Jake Ferguson","DAL","TE","15799","weighted",NA,NA,NA,NA,NA,NA,0.499122293739029,0.346746891889613,0,0,2.14850789935635,0.105113722234039,NA,NA,NA,NA,74.3300175541252,2.75463784262959,612.399648917495,24.3073842615676,5.65424224692803,1.0351204544859,NA,NA,NA,NA,NA,NA,NA,NA,NA,NA,NA,NA,NA,NA,NA,NA,NA,NA,NA,NA,NA,NA,NA,NA,2022,1999-01-18,NA,NA,NA,NA
"Pat Freiermuth","PIT","TE","15331","weighted",NA,NA,NA,NA,NA,NA,1.99648917495611,1.38698756755845,0.0998244587478057,0.0693493783779226,0.247513165593915,0.175189537056732,NA,NA,NA,NA,53.5404915155061,5.53874314430032,566.092451726156,37.1516846831491,4.63586892919836,1.11036980724141,NA,NA,NA,NA,NA,NA,NA,NA,NA,NA,NA,NA,NA,NA,NA,NA,NA,NA,NA,NA,NA,NA,NA,NA,2021,1998-10-25,NA,NA,NA,NA
"Colby Parkinson","LAR","TE","14871","weighted",NA,NA,NA,NA,NA,NA,0,0,0,0,0.504973668812171,0.350379074113464,NA,NA,NA,NA,35.3308952603862,9.62758343588356,386.294909303686,141.108610597238,4.67712112346401,2.01350188446643,NA,NA,NA,NA,NA,NA,NA,NA,NA,NA,NA,NA,NA,NA,NA,NA,NA,NA,NA,NA,NA,NA,NA,NA,2020,1999-01-07,NA,NA,NA,NA
"Terrance Ferguson","LAR","TE","17107","weighted",NA,NA,NA,NA,NA,NA,0,0,0,0,0,0,NA,NA,NA,NA,29.635283791691,13.5614073389859,406.962551199532,156.329230788098,3.66495026331188,1.57176499528524,NA,NA,NA,NA,NA,NA,NA,NA,NA,NA,NA,NA,NA,NA,NA,NA,NA,NA,NA,NA,NA,NA,NA,NA,2025,2003-03-07,NA,NA,NA,NA
"Mike Gesicki","CIN","TE","13672","weighted",NA,NA,NA,NA,NA,NA,0,0,0,0,0.34651843183148,0.245265351879425,NA,NA,NA,NA,45.8393797542422,4.15927781321124,485.217671152721,61.5052113323229,3.49022820362785,1.10453175065954,NA,NA,NA,NA,NA,NA,NA,NA,NA,NA,NA,NA,NA,NA,NA,NA,NA,NA,NA,NA,NA,NA,NA,NA,2018,1995-10-03,NA,NA,NA,NA
"Gunnar Helm","TEN","TE","17105","weighted",NA,NA,NA,NA,NA,NA,0.499122293739029,0.346746891889613,0,0,0,0,NA,NA,NA,NA,48.9800468110006,6.05914855118031,458.265067290813,60.9806890199338,3.44359274429491,0.861185801826717,NA,NA,NA,NA,NA,NA,NA,NA,NA,NA,NA,NA,NA,NA,NA,NA,NA,NA,NA,NA,NA,NA,NA,NA,2025,2002-09-06,NA,NA,NA,NA
"Theo Johnson","NYG","TE","16649","weighted",NA,NA,NA,NA,NA,NA,0,0,0,0,0,0,NA,NA,NA,NA,28.8944997074312,6.24339505089941,345.059684025746,102.946004062605,2.83346986541837,1.31984038425361,NA,NA,NA,NA,NA,NA,NA,NA,NA,NA,NA,NA,NA,NA,NA,NA,NA,NA,NA,NA,NA,NA,NA,NA,2024,2001-02-26,NA,NA,NA,NA
"Eli Stowers","PHI","TE","17544","weighted",NA,NA,NA,NA,NA,NA,6.67167919799499,9.37659971230122,0,0,0.506390977443609,0.410047443618932,NA,NA,NA,NA,24.8548872180451,14.9588389547153,263.388721804511,193.070555915658,2.00526315789474,2.14921837576251,NA,NA,NA,NA,NA,NA,NA,NA,NA,NA,NA,NA,NA,NA,NA,NA,NA,NA,NA,NA,NA,NA,NA,NA,2026,2003-04-15,NA,NA,NA,NA
"AJ Barner","SEA","TE","16723","weighted",NA,NA,NA,NA,NA,NA,12.6699824458748,3.27713624972778,0.19490496933446,0.203566628147528,0,0,NA,NA,NA,NA,46.6417203042715,5.46440962158972,455.184318314804,42.9961309360524,4.94827384435342,1.38453875509932,NA,NA,NA,NA,NA,NA,NA,NA,NA,NA,NA,NA,NA,NA,NA,NA,NA,NA,NA,NA,NA,NA,NA,NA,2024,2002-05-03,NA,NA,NA,NA
"Tyler Higbee","LAR","TE","12678","weighted",NA,NA,NA,NA,NA,NA,0,0,0,0,0,0,NA,NA,NA,NA,28.0529549444119,9.43404579730205,323.001170275015,127.815488866649,2.34575775307197,1.16689643513241,NA,NA,NA,NA,NA,NA,NA,NA,NA,NA,NA,NA,NA,NA,NA,NA,NA,NA,NA,NA,NA,NA,NA,NA,2016,1993-01-01,NA,NA,NA,NA
"Evan Engram","DEN","TE","13189","weighted",NA,NA,NA,NA,NA,NA,2.49561146869514,1.73373445944807,0,0,0,0,NA,NA,NA,NA,50.670801638385,7.47964000883913,454.761849034523,38.5044217940856,2.25084844938561,0.802758092986838,NA,NA,NA,NA,NA,NA,NA,NA,NA,NA,NA,NA,NA,NA,NA,NA,NA,NA,NA,NA,NA,NA,NA,NA,2017,1994-09-02,NA,NA,NA,NA
"Mason Taylor","NYJ","TE","17106","weighted",NA,NA,NA,NA,NA,NA,0,0,0,0,0,0,NA,NA,NA,NA,44.260561732007,10.4300756892158,394.458162668227,98.1600902551175,2.07612638970158,1.1653912114878,NA,NA,NA,NA,NA,NA,NA,NA,NA,NA,NA,NA,NA,NA,NA,NA,NA,NA,NA,NA,NA,NA,NA,NA,2025,2004-05-08,NA,NA,NA,NA
"Dawson Knox","BUF","TE","14143","weighted",NA,NA,NA,NA,NA,NA,0,0,0,0,0,0,NA,NA,NA,NA,29.9569338794617,5.18850408936605,355.585722644822,74.1379961938204,2.9234640140433,0.17598614826687,NA,NA,NA,NA,NA,NA,NA,NA,NA,NA,NA,NA,NA,NA,NA,NA,NA,NA,NA,NA,NA,NA,NA,NA,2019,1996-11-14,NA,NA,NA,NA
"Jake Tonges","SF","TE","16036","weighted",NA,NA,NA,NA,NA,NA,0,0,0,0,0.891047396138092,0.630682333404236,NA,NA,NA,NA,27.0086015213575,15.1900946763464,264.600936220012,147.302778652023,3.02562902282036,2.66889434532629,NA,NA,NA,NA,NA,NA,NA,NA,NA,NA,NA,NA,NA,NA,NA,NA,NA,NA,NA,NA,NA,NA,NA,NA,2022,1999-07-08,NA,NA,NA,NA
"Noah Fant","NO","TE","14137","weighted",NA,NA,NA,NA,NA,NA,21.9613809245173,15.256863243143,0,0,2.4059684025746,0.420454888936157,NA,NA,NA,NA,30.1174956114687,8.68398119801294,284.842598010532,94.9218780007115,1.61614979520187,0.543947145817755,NA,NA,NA,NA,NA,NA,NA,NA,NA,NA,NA,NA,NA,NA,NA,NA,NA,NA,NA,NA,NA,NA,NA,NA,2019,1997-11-20,NA,NA,NA,NA
"Michael Mayer","LVR","TE","16212","weighted",NA,NA,NA,NA,NA,NA,0,0,0,0,0,0,NA,NA,NA,NA,38.5621416032768,4.18816079041306,352.437097717964,46.699311011005,1.74224692802809,0.986783082488312,NA,NA,NA,NA,NA,NA,NA,NA,NA,NA,NA,NA,NA,NA,NA,NA,NA,NA,NA,NA,NA,NA,NA,NA,2023,2001-07-06,"Q","Nose",2026,0
"Zach Ertz","FA","TE","11247","weighted",NA,NA,NA,NA,NA,NA,0,0,0,0,0,0,NA,NA,NA,NA,23.1988130563798,20.5060966544099,243.415430267062,210.010714012405,1.48961424332344,0.707106781186548,NA,NA,NA,NA,NA,NA,NA,NA,NA,NA,NA,NA,NA,NA,NA,NA,NA,NA,NA,NA,NA,NA,NA,NA,2013,1990-11-10,NA,NA,NA,NA
"Elijah Arroyo","SEA","TE","17108","weighted",NA,NA,NA,NA,NA,NA,0,0,0,0,0.6,0,NA,NA,NA,NA,23.6942124542125,7.31187325315326,253.32967032967,95.2533057561597,1.93032967032967,0.925661835953742,NA,NA,NA,NA,NA,NA,NA,NA,NA,NA,NA,NA,NA,NA,NA,NA,NA,NA,NA,NA,NA,NA,NA,NA,2025,2003-04-05,NA,NA,NA,NA
"Darnell Washington","PIT","TE","16216","weighted",NA,NA,NA,NA,NA,NA,2.49561146869514,1.73373445944807,0,0,0.752486834406085,0.175189537056732,NA,NA,NA,NA,30.1449385605617,4.0943659677466,320.407255705091,50.7818612841896,1.75125804564073,0.571954981867329,NA,NA,NA,NA,NA,NA,NA,NA,NA,NA,NA,NA,NA,NA,NA,NA,NA,NA,NA,NA,NA,NA,NA,NA,2023,2001-08-17,NA,NA,NA,NA
"Cole Kmet","CHI","TE","14867","weighted",NA,NA,NA,NA,NA,NA,0.499122293739029,0.346746891889613,0,0,0,0,NA,NA,NA,NA,28.258162668227,6.32480658448656,294.719719133996,70.3488344911854,2.41310708016384,0.550735934145024,NA,NA,NA,NA,NA,NA,NA,NA,NA,NA,NA,NA,NA,NA,NA,NA,NA,NA,NA,NA,NA,NA,NA,NA,2020,1999-03-10,NA,NA,NA,NA
"Tommy Tremble","CAR","TE","15332","weighted",NA,NA,NA,NA,NA,NA,0,0,0,0,0,0,NA,NA,NA,NA,28.1754242246928,5.96683189797124,268.198946752487,60.2221561992456,2.28700994733762,0.659948056000764,NA,NA,NA,NA,NA,NA,NA,NA,NA,NA,NA,NA,NA,NA,NA,NA,NA,NA,NA,NA,NA,NA,NA,NA,2021,2000-06-02,NA,NA,NA,NA
"Max Klare","LAR","TE","17547","weighted",NA,NA,NA,NA,NA,NA,0,0,0,0,0,0,NA,NA,NA,NA,13.1289473684211,13.5688605483426,144.135338345865,156.210636282337,1.00300751879699,1.40755483725312,NA,NA,NA,NA,NA,NA,NA,NA,NA,NA,NA,NA,NA,NA,NA,NA,NA,NA,NA,NA,NA,NA,NA,NA,2026,2003-07-08,NA,NA,NA,NA
"Marlin Klein","HOU","TE","17593","weighted",NA,NA,NA,NA,NA,NA,0,0,0,0,1,0,NA,NA,NA,NA,28.1454005934718,9.89949493661167,298.611275964392,75.6604255869606,2,0,NA,NA,NA,NA,NA,NA,NA,NA,NA,NA,NA,NA,NA,NA,NA,NA,NA,NA,NA,NA,NA,NA,NA,NA,2026,2002-09-17,NA,NA,NA,NA
"Ja'Tavion Sanders","CAR","TE","16643","weighted",NA,NA,NA,NA,NA,NA,0.499122293739029,0.346746891889613,0,0,0,0,NA,NA,NA,NA,29.7733177296665,5.48310331714504,262.964891749561,57.3109140435261,1.82779403159743,0.395968833600458,NA,NA,NA,NA,NA,NA,NA,NA,NA,NA,NA,NA,NA,NA,NA,NA,NA,NA,NA,NA,NA,NA,NA,NA,2024,2003-03-27,"Q","Ankle",2026,0
"Charlie Kolar","LAC","TE","15795","weighted",NA,NA,NA,NA,NA,NA,0,0,0,0,0,0,NA,NA,NA,NA,17.6060269163253,7.1883759536191,211.608543007607,94.5259620764957,1.70128730251609,1.39731420414738,NA,NA,NA,NA,NA,NA,NA,NA,NA,NA,NA,NA,NA,NA,NA,NA,NA,NA,NA,NA,NA,NA,NA,NA,2022,1999-02-10,NA,NA,NA,NA
"Daniel Bellinger","TEN","TE","15873","weighted",NA,NA,NA,NA,NA,NA,0,0,0,0,0,0,NA,NA,NA,NA,25.1386613386613,2.78595842326378,276.839160839161,51.8150300826056,2.18031968031968,0.767697540320062,NA,NA,NA,NA,NA,NA,NA,NA,NA,NA,NA,NA,NA,NA,NA,NA,NA,NA,NA,NA,NA,NA,NA,NA,2022,2000-09-22,NA,NA,NA,NA
"Will Kacmarek","MIA","TE","17605","weighted",NA,NA,NA,NA,NA,NA,3,0,0,0,0.9017,0.100315858104735,NA,NA,NA,NA,22.9324,10.7938334539553,221.092,95.3461579953263,1.361,1.53610860425877,NA,NA,NA,NA,NA,NA,NA,NA,NA,NA,NA,NA,NA,NA,NA,NA,NA,NA,NA,NA,NA,NA,NA,NA,2026,2003-02-12,NA,NA,NA,NA
"Nate Boerkircher","JAC","TE","17591","weighted",NA,NA,NA,NA,NA,NA,0,0,0,0,0.754245754245754,0.250662832158227,NA,NA,NA,NA,20.8092907092907,7.86102969832781,225.122877122877,88.4507251525496,2.100999000999,0.848225530498974,NA,NA,NA,NA,NA,NA,NA,NA,NA,NA,NA,NA,NA,NA,NA,NA,NA,NA,NA,NA,NA,NA,NA,NA,2026,2001-09-04,NA,NA,NA,NA
"Ben Sims","MIA","TE","16483","weighted",NA,NA,NA,NA,NA,NA,0,0,0,0,0,0,NA,NA,NA,NA,17.0876304023845,21.6374675043084,163.648286140089,203.646752981726,1.02533532041729,1.41421356237309,NA,NA,NA,NA,NA,NA,NA,NA,NA,NA,NA,NA,NA,NA,NA,NA,NA,NA,NA,NA,NA,NA,NA,NA,2023,2000-05-16,NA,NA,NA,NA
"Erick All","CIN","TE","16645","weighted",NA,NA,NA,NA,NA,NA,0.997744360902256,0.811621650781172,0,0,0,0,NA,NA,NA,NA,19.4152631578947,11.6660483152805,172.994736842105,90.4686700198963,1.01278195488722,0.820094887237865,NA,NA,NA,NA,NA,NA,NA,NA,NA,NA,NA,NA,NA,NA,NA,NA,NA,NA,NA,NA,NA,NA,NA,NA,2024,2000-09-13,NA,NA,NA,NA
"Noah Gray","KC","TE","15337","weighted",NA,NA,NA,NA,NA,NA,-1.09806904622586,0.762843162157149,0,0,0,0,NA,NA,NA,NA,24.8939730836747,6.97569099052221,244.279110590989,65.5193700320879,1.60620245757753,0.546484699191868,NA,NA,NA,NA,NA,NA,NA,NA,NA,NA,NA,NA,NA,NA,NA,NA,NA,NA,NA,NA,NA,NA,NA,NA,2021,1999-04-30,NA,NA,NA,NA
"Austin Hooper","ATL","TE","12677","weighted",NA,NA,NA,NA,NA,NA,0.499122293739029,0.346746891889613,0,0,0,0,NA,NA,NA,NA,22.3000585137507,2.23135550306212,236.696313633704,37.0182291447148,1.61614979520187,0.543947145817755,NA,NA,NA,NA,NA,NA,NA,NA,NA,NA,NA,NA,NA,NA,NA,NA,NA,NA,NA,NA,NA,NA,NA,NA,2016,1994-10-29,NA,NA,NA,NA
"Brock Wright","DET","TE","15626","weighted",NA,NA,NA,NA,NA,NA,0,0,0,0,0,0,NA,NA,NA,NA,22.4518481518482,8.48039959206635,190.757242757243,79.1447203710922,2.88331668331668,1.03355330791388,NA,NA,NA,NA,NA,NA,NA,NA,NA,NA,NA,NA,NA,NA,NA,NA,NA,NA,NA,NA,NA,NA,NA,NA,2021,1998-11-27,NA,NA,NA,NA
"Adam Trautman","DEN","TE","14870","weighted",NA,NA,NA,NA,NA,NA,0.0498501498501499,0.0496171532258503,0,0,0,0,NA,NA,NA,NA,23.3886113886114,3.23911134550678,236.2997002997,35.2079452770784,1.70599400599401,0.517024854350515,NA,NA,NA,NA,NA,NA,NA,NA,NA,NA,NA,NA,NA,NA,NA,NA,NA,NA,NA,NA,NA,NA,NA,NA,2020,1997-02-05,NA,NA,NA,NA
"Luke Musgrave","GB","TE","16215","weighted",NA,NA,NA,NA,NA,NA,0,0,0,0,0,0,NA,NA,NA,NA,23.1284057971015,5.45704177608218,228.321014492754,55.4704485874827,1.01231884057971,0.80553204920815,NA,NA,NA,NA,NA,NA,NA,NA,NA,NA,NA,NA,NA,NA,NA,NA,NA,NA,NA,NA,NA,NA,NA,NA,2023,2000-09-02,"O","Neck",2026,0
"Matthew Hibner","BAL","TE","17627","weighted",NA,NA,NA,NA,NA,NA,0,0,0,0,0,0,NA,NA,NA,NA,15.740959040959,6.9864572284244,187.231768231768,66.5052161609585,1.34665334665335,1.14894412077892,NA,NA,NA,NA,NA,NA,NA,NA,NA,NA,NA,NA,NA,NA,NA,NA,NA,NA,NA,NA,NA,NA,NA,NA,2026,2002-03-09,NA,NA,NA,NA
"Josh Oliver","MIN","TE","14209","weighted",NA,NA,NA,NA,NA,NA,0,0,0,0,0,0,NA,NA,NA,NA,19.1214745465184,2.17157120651278,201.730836746635,35.0802820411656,2.49882972498537,1.11274929795386,NA,NA,NA,NA,NA,NA,NA,NA,NA,NA,NA,NA,NA,NA,NA,NA,NA,NA,NA,NA,NA,NA,NA,NA,2019,1997-03-21,NA,NA,NA,NA
"Eli Raridon","NE","TE","17607","weighted",NA,NA,NA,NA,NA,NA,0,0,0,0,0.506390977443609,0.410047443618932,NA,NA,NA,NA,20.6364661654135,3.23489828798153,217.755639097744,44.2715737961488,1.43300751879699,0.674730375191295,NA,NA,NA,NA,NA,NA,NA,NA,NA,NA,NA,NA,NA,NA,NA,NA,NA,NA,NA,NA,NA,NA,NA,NA,2026,2004-02-12,NA,NA,NA,NA
"Davis Allen","LAR","TE","16219","weighted",NA,NA,NA,NA,NA,NA,0,0,0,0,0,0,NA,NA,NA,NA,23.5519287833828,3.53553390593274,211.623145400594,42.4264068711929,2.02077151335312,1.4142135623731,NA,NA,NA,NA,NA,NA,NA,NA,NA,NA,NA,NA,NA,NA,NA,NA,NA,NA,NA,NA,NA,NA,NA,NA,2023,2001-02-03,"Q","Quadriceps",2026,0
"Elijah Higgins","ARI","TE","16333","weighted",NA,NA,NA,NA,NA,NA,0,0,0,0,0.851917293233083,0.12301423308568,NA,NA,NA,NA,22.9992481203007,1.40648995684518,208.051879699248,22.6015045743039,0.754135338345865,0.497246457600362,NA,NA,NA,NA,NA,NA,NA,NA,NA,NA,NA,NA,NA,NA,NA,NA,NA,NA,NA,NA,NA,NA,NA,NA,2023,2000-10-27,NA,NA,NA,NA
"Grant Calcaterra","PHI","TE","15804","weighted",NA,NA,NA,NA,NA,NA,0,0,0,0,0,0,NA,NA,NA,NA,18.4986013986014,4.54777838031971,185.244755244755,74.5189420110876,1.11498501498501,0.857868576112759,NA,NA,NA,NA,NA,NA,NA,NA,NA,NA,NA,NA,NA,NA,NA,NA,NA,NA,NA,NA,NA,NA,NA,NA,2022,1998-12-04,NA,NA,NA,NA
"Charlie Woerner","ATL","TE","14984","weighted",NA,NA,NA,NA,NA,NA,0,0,0,0,0,0,NA,NA,NA,NA,17.8362146050671,10.3944696834422,144.026825633383,113.137084989848,0.512667660208644,0.707106781186547,NA,NA,NA,NA,NA,NA,NA,NA,NA,NA,NA,NA,NA,NA,NA,NA,NA,NA,NA,NA,NA,NA,NA,NA,2020,1997-10-16,NA,NA,NA,NA
"John Bates","WAS","TE","15344","weighted",NA,NA,NA,NA,NA,NA,0,0,0,0,0.753195488721804,0.205023721809466,NA,NA,NA,NA,15.934962406015,3.50992874924853,154.178947368421,39.4723779368082,1.03736842105263,0.780139192207525,NA,NA,NA,NA,NA,NA,NA,NA,NA,NA,NA,NA,NA,NA,NA,NA,NA,NA,NA,NA,NA,NA,NA,NA,2021,1997-11-06,"Q","Hamstring",2026,0
"Foster Moreau","HOU","TE","14239","weighted",NA,NA,NA,NA,NA,NA,0.997002997002997,0.992343064517006,0,0,0,0,NA,NA,NA,NA,15.1697302697303,3.75162465181097,158.370629370629,45.2115863739655,1.34665334665335,1.14894412077892,NA,NA,NA,NA,NA,NA,NA,NA,NA,NA,NA,NA,NA,NA,NA,NA,NA,NA,NA,NA,NA,NA,NA,NA,2019,1997-05-06,NA,NA,NA,NA
"Drew Sample","CIN","TE","14146","weighted",NA,NA,NA,NA,NA,NA,0.498872180451128,0.405810825390586,0,0,0.0987218045112782,0.0820094887237865,NA,NA,NA,NA,18.0821052631579,4.81927155262904,143.657142857143,41.868923333164,0.901654135338346,0.198898583040145,NA,NA,NA,NA,NA,NA,NA,NA,NA,NA,NA,NA,NA,NA,NA,NA,NA,NA,NA,NA,NA,NA,NA,NA,2019,1996-04-16,NA,NA,NA,NA
"Mitchell Evans","CAR","TE","17109","weighted",NA,NA,NA,NA,NA,NA,0,0,0,0,0,0,NA,NA,NA,NA,16.7837593984962,2.85316463302356,157.268421052632,27.7275285882016,1.77721804511278,0.516685055424304,NA,NA,NA,NA,NA,NA,NA,NA,NA,NA,NA,NA,NA,NA,NA,NA,NA,NA,NA,NA,NA,NA,NA,NA,2025,2003-05-18,NA,NA,NA,NA
"Jeremy Ruckert","NYJ","TE","15796","weighted",NA,NA,NA,NA,NA,NA,0,0,0,0,0,0,NA,NA,NA,NA,22.8986013986014,3.64365020526404,170.738261738262,22.527269714661,1.18031968031968,0.767697540320062,NA,NA,NA,NA,NA,NA,NA,NA,NA,NA,NA,NA,NA,NA,NA,NA,NA,NA,NA,NA,NA,NA,NA,NA,2022,2000-08-11,NA,NA,NA,NA
"Tanner Hudson","CIN","TE","14370","weighted",NA,NA,NA,NA,NA,NA,0,0,0,0,0,0,NA,NA,NA,NA,17.7245436105477,4.60155293827196,158.605476673428,43.8007302616063,0.767849898580122,0.403631360464226,NA,NA,NA,NA,NA,NA,NA,NA,NA,NA,NA,NA,NA,NA,NA,NA,NA,NA,NA,NA,NA,NA,NA,NA,2018,1994-11-12,NA,NA,NA,NA
"Ben Sinnott","WAS","TE","16644","weighted",NA,NA,NA,NA,NA,NA,0,0,0,0,0,0,NA,NA,NA,NA,14.4383616383616,3.92358948814183,157.578421578422,33.3016034542743,1.40899100899101,0.533145866644841,NA,NA,NA,NA,NA,NA,NA,NA,NA,NA,NA,NA,NA,NA,NA,NA,NA,NA,NA,NA,NA,NA,NA,NA,2024,2002-06-14,NA,NA,NA,NA
"Luke Schoonmaker","DAL","TE","16221","weighted",NA,NA,NA,NA,NA,NA,0,0,0,0,0,0,NA,NA,NA,NA,17.263036963037,2.0549058039696,156.274725274725,22.2869251549952,0.738661338661339,0.459577648311569,NA,NA,NA,NA,NA,NA,NA,NA,NA,NA,NA,NA,NA,NA,NA,NA,NA,NA,NA,NA,NA,NA,NA,NA,2023,1998-09-28,NA,NA,NA,NA
"Seydou Traore","MIA","TE","17655","weighted",NA,NA,NA,NA,NA,NA,0,0,0,0,0,0,NA,NA,NA,NA,9.81917808219178,5.939696961967,108.812785388128,96.873629022557,0.502283105022831,0.707106781186548,NA,NA,NA,NA,NA,NA,NA,NA,NA,NA,NA,NA,NA,NA,NA,NA,NA,NA,NA,NA,NA,NA,NA,NA,2026,2002-08-12,NA,NA,NA,NA
"Oscar Delp","NO","TE","17567","weighted",NA,NA,NA,NA,NA,NA,1.99086757990868,2.82842712474619,0,0,0.6,0,NA,NA,NA,NA,10.67899543379,8.98025612106915,105.812785388128,96.873629022557,0.502283105022831,0.707106781186548,NA,NA,NA,NA,NA,NA,NA,NA,NA,NA,NA,NA,NA,NA,NA,NA,NA,NA,NA,NA,NA,NA,NA,NA,2026,2003-08-04,NA,NA,NA,NA
"Jackson Hawes","BUF","TE","17213","weighted",NA,NA,NA,NA,NA,NA,0,0,0,0,0,0,NA,NA,NA,NA,13.0887112887113,3.02634513009658,149.22977022977,26.9550818571911,2,0,NA,NA,NA,NA,NA,NA,NA,NA,NA,NA,NA,NA,NA,NA,NA,NA,NA,NA,NA,NA,NA,NA,NA,NA,2025,2000-12-06,NA,NA,NA,NA
"Mo Alie-Cox","IND","TE","13246","weighted",NA,NA,NA,NA,NA,NA,0,0,0,0,0,0,NA,NA,NA,NA,14.4479452054795,0.636396103067893,153.082191780822,25.4558441227157,1.04977168949772,0.0707106781186548,NA,NA,NA,NA,NA,NA,NA,NA,NA,NA,NA,NA,NA,NA,NA,NA,NA,NA,NA,NA,NA,NA,NA,NA,2016,1993-09-19,NA,NA,NA,NA
"Cade Stover","HOU","TE","16642","weighted",NA,NA,NA,NA,NA,NA,9.97744360902256,8.11621650781172,0,0,0,0,NA,NA,NA,NA,17.4475939849624,2.98487915266103,131.694736842105,21.7401925987286,0.754135338345865,0.497246457600362,NA,NA,NA,NA,NA,NA,NA,NA,NA,NA,NA,NA,NA,NA,NA,NA,NA,NA,NA,NA,NA,NA,NA,NA,2024,2000-06-12,NA,NA,NA,NA
"Kylen Granson","TEN","TE","15419","weighted",NA,NA,NA,NA,NA,NA,0,0,0,0,0,0,NA,NA,NA,NA,12.0634703196347,4.17193000900063,114.214611872146,66.4680374315355,0,0,NA,NA,NA,NA,NA,NA,NA,NA,NA,NA,NA,NA,NA,NA,NA,NA,NA,NA,NA,NA,NA,NA,NA,NA,2021,1998-03-27,NA,NA,NA,NA
"Donald Parham","PIT","TE","14341","weighted",NA,NA,NA,NA,NA,NA,17.9460539460539,17.8621751613061,0.348951048951049,0.347320072580952,0,0,NA,NA,NA,NA,11.1553446553447,2.45638878932446,107.932067932068,45.6224315268567,0.673326673326673,0.574472060389462,NA,NA,NA,NA,NA,NA,NA,NA,NA,NA,NA,NA,NA,NA,NA,NA,NA,NA,NA,NA,NA,NA,NA,NA,2019,NA,NA,NA,NA,NA
"Stone Smartt","PHI","TE","16113","weighted",NA,NA,NA,NA,NA,NA,0,0,0,0,0,0,NA,NA,NA,NA,14,0,154.520547945205,6.36396103067893,0,0,NA,NA,NA,NA,NA,NA,NA,NA,NA,NA,NA,NA,NA,NA,NA,NA,NA,NA,NA,NA,NA,NA,NA,NA,2022,1998-10-04,NA,NA,NA,NA
"Sam Roush","CHI","TE","17549","weighted",NA,NA,NA,NA,NA,NA,0.995433789954338,1.4142135623731,0,0,0,0,NA,NA,NA,NA,9.22648401826484,8.20243866176395,90.7899543378995,89.8025612106915,0.502283105022831,0.707106781186548,NA,NA,NA,NA,NA,NA,NA,NA,NA,NA,NA,NA,NA,NA,NA,NA,NA,NA,NA,NA,NA,NA,NA,NA,2026,2003-09-06,NA,NA,NA,NA
"Durham Smythe","BAL","TE","13676","weighted",NA,NA,NA,NA,NA,NA,0,0,0,0,0,0,NA,NA,NA,NA,12.5383561643836,3.60624458405139,121.86301369863,42.4264068711928,0.502283105022831,0.707106781186548,NA,NA,NA,NA,NA,NA,NA,NA,NA,NA,NA,NA,NA,NA,NA,NA,NA,NA,NA,NA,NA,NA,NA,NA,2018,1995-08-09,NA,NA,NA,NA
"Justin Joly","DEN","TE","17548","weighted",NA,NA,NA,NA,NA,NA,0,0,0,0,0,0,NA,NA,NA,NA,10.0228310502283,7.07106781186547,84.296803652968,91.9238815542512,0.502283105022831,0.707106781186548,NA,NA,NA,NA,NA,NA,NA,NA,NA,NA,NA,NA,NA,NA,NA,NA,NA,NA,NA,NA,NA,NA,NA,NA,2026,2004-07-09,NA,NA,NA,NA
"Brevyn Spann-Ford","DAL","TE","16647","weighted",NA,NA,NA,NA,NA,NA,0,0,0,0,0,0,NA,NA,NA,NA,11.2986301369863,0.424264068711928,123.433789954338,20.5060966544099,1.09954337899543,0.141421356237309,NA,NA,NA,NA,NA,NA,NA,NA,NA,NA,NA,NA,NA,NA,NA,NA,NA,NA,NA,NA,NA,NA,NA,NA,2024,1999-12-27,NA,NA,NA,NA
"Jack Endries","CIN","TE","17545","weighted",NA,NA,NA,NA,NA,NA,0,0,0,0,0,0,NA,NA,NA,NA,12.5103857566766,0.707106781186548,127.896142433234,7.07106781186548,1,0,NA,NA,NA,NA,NA,NA,NA,NA,NA,NA,NA,NA,NA,NA,NA,NA,NA,NA,NA,NA,NA,NA,NA,NA,2026,2004-03-26,NA,NA,NA,NA
"Jack Stoll","CLE","TE","15541","weighted",NA,NA,NA,NA,NA,NA,0,0,0,0,0,0,NA,NA,NA,NA,14.0701937406855,4.45477272147525,109.03129657228,26.1629509039023,1.29239940387481,0.424264068711929,NA,NA,NA,NA,NA,NA,NA,NA,NA,NA,NA,NA,NA,NA,NA,NA,NA,NA,NA,NA,NA,NA,NA,NA,2021,1998-01-28,NA,NA,NA,NA
"Bauer Sharp","TB","TE","17660","weighted",NA,NA,NA,NA,NA,NA,0,0,0,0,0,0,NA,NA,NA,NA,11,0,119.854599406528,9.89949493661167,1,0,NA,NA,NA,NA,NA,NA,NA,NA,NA,NA,NA,NA,NA,NA,NA,NA,NA,NA,NA,NA,NA,NA,NA,NA,2026,2003-05-03,NA,NA,NA,NA
"Will Mallory","IND","TE","16220","weighted",NA,NA,NA,NA,NA,NA,0,0,0,0,0,0,NA,NA,NA,NA,6.71147540983607,6.22253967444162,71.9061102831594,78.4888527117068,0.512667660208644,0.707106781186547,NA,NA,NA,NA,NA,NA,NA,NA,NA,NA,NA,NA,NA,NA,NA,NA,NA,NA,NA,NA,NA,NA,NA,NA,2023,1999-06-22,NA,NA,NA,NA
"Jelani Woods","NYJ","TE","15840","weighted",NA,NA,NA,NA,NA,NA,0,0,0,0,0,0,NA,NA,NA,NA,5.07260273972603,7.00035713374682,61.7762557077626,85.5599205235722,0.502283105022831,0.707106781186548,NA,NA,NA,NA,NA,NA,NA,NA,NA,NA,NA,NA,NA,NA,NA,NA,NA,NA,NA,NA,NA,NA,NA,NA,2022,1998-10-09,NA,NA,NA,NA
"Devin Culp","TB","TE","16796","weighted",NA,NA,NA,NA,NA,NA,0,0,0,0,0,0,NA,NA,NA,NA,6.46780923994039,6.57609306503489,74.6274217585693,62.9325035256027,1.02533532041729,1.41421356237309,NA,NA,NA,NA,NA,NA,NA,NA,NA,NA,NA,NA,NA,NA,NA,NA,NA,NA,NA,NA,NA,NA,NA,NA,2024,2000-02-02,NA,NA,NA,NA
"Tyler Conklin","DET","TE","13675","weighted",NA,NA,NA,NA,NA,NA,0.497716894977169,0.707106781186548,0,0,0,0,NA,NA,NA,NA,10.1086757990868,2.68700576850888,107.547945205479,14.8492424049175,0.751141552511416,0.353553390593274,NA,NA,NA,NA,NA,NA,NA,NA,NA,NA,NA,NA,NA,NA,NA,NA,NA,NA,NA,NA,NA,NA,NA,NA,2018,1995-07-30,NA,NA,NA,NA
"James Mitchell","CAR","TE","15909","weighted",NA,NA,NA,NA,NA,NA,0,0,0,0,0,0,NA,NA,NA,NA,9.90502283105023,1.5556349186104,102.059360730594,18.3847763108502,0.651598173515982,0.494974746830583,NA,NA,NA,NA,NA,NA,NA,NA,NA,NA,NA,NA,NA,NA,NA,NA,NA,NA,NA,NA,NA,NA,NA,NA,2022,1999-08-11,NA,NA,NA,NA
"Nate Adkins","DEN","TE","16474","weighted",NA,NA,NA,NA,NA,NA,0,0,0,0,0,0,NA,NA,NA,NA,12.9112887112887,3.02634513009658,94.5304695304695,16.215699664277,1.45864135864136,1.40961162146331,NA,NA,NA,NA,NA,NA,NA,NA,NA,NA,NA,NA,NA,NA,NA,NA,NA,NA,NA,NA,NA,NA,NA,NA,2023,1999-07-09,NA,NA,NA,NA
"Travis Vokolek","ARI","TE","16447","weighted",NA,NA,NA,NA,NA,NA,0,0,0,0,0,0,NA,NA,NA,NA,8.4424739195231,5.1618795026618,69.5260804769001,57.2756492761103,0.512667660208644,0.707106781186547,NA,NA,NA,NA,NA,NA,NA,NA,NA,NA,NA,NA,NA,NA,NA,NA,NA,NA,NA,NA,NA,NA,NA,NA,2023,1998-06-04,NA,NA,NA,NA
"Luke Farrell","SF","TE","15335","weighted",NA,NA,NA,NA,NA,NA,0,0,0,0,0.8,0,NA,NA,NA,NA,12.0406392694064,2.89913780286484,95.9543378995434,14.142135623731,1.5972602739726,0.848528137423857,NA,NA,NA,NA,NA,NA,NA,NA,NA,NA,NA,NA,NA,NA,NA,NA,NA,NA,NA,NA,NA,NA,NA,NA,2021,1997-10-14,NA,NA,NA,NA
"Connor Heyward","LVR","TE","15800","weighted",NA,NA,NA,NA,NA,NA,36,0,1,0,0,0,NA,NA,NA,NA,12.5311572700297,2.12132034355964,99.0830860534125,5.65685424949238,1.51038575667656,0.707106781186548,NA,NA,NA,NA,NA,NA,NA,NA,NA,NA,NA,NA,NA,NA,NA,NA,NA,NA,NA,NA,NA,NA,NA,NA,2022,1999-01-22,NA,NA,NA,NA
"Cam Grandy","CIN","TE","16979","weighted",NA,NA,NA,NA,NA,NA,3,6.28238642265121e-16,0,0,0,0,NA,NA,NA,NA,12.7076005961252,0.424264068711928,95.1266766020864,7.07106781186547,0.512667660208644,0.707106781186547,NA,NA,NA,NA,NA,NA,NA,NA,NA,NA,NA,NA,NA,NA,NA,NA,NA,NA,NA,NA,NA,NA,NA,NA,2024,1999-11-19,NA,NA,NA,NA
"Josh Whyle","GB","TE","16312","weighted",NA,NA,NA,NA,NA,NA,0,0,0,0,0,0,NA,NA,NA,NA,10.303196347032,0.989949493661167,88.5479452054795,14.8492424049175,1.39817351598174,0.565685424949238,NA,NA,NA,NA,NA,NA,NA,NA,NA,NA,NA,NA,NA,NA,NA,NA,NA,NA,NA,NA,NA,NA,NA,NA,2023,1999-09-08,NA,NA,NA,NA
"Jared Wiley","KC","TE","16648","weighted",NA,NA,NA,NA,NA,NA,0,0,0,0,0,0,NA,NA,NA,NA,6.95514157973174,5.86898628384834,50.6780923994039,65.7609306503489,0.512667660208644,0.707106781186547,NA,NA,NA,NA,NA,NA,NA,NA,NA,NA,NA,NA,NA,NA,NA,NA,NA,NA,NA,NA,NA,NA,NA,NA,2024,2000-11-02,NA,NA,NA,NA
"Payne Durham","TB","TE","16218","weighted",NA,NA,NA,NA,NA,NA,0,0,0,0,0,0,NA,NA,NA,NA,7.65886736214605,0.494974746830583,92.4619970193741,2.12132034355964,1.63353204172876,0.919238815542512,NA,NA,NA,NA,NA,NA,NA,NA,NA,NA,NA,NA,NA,NA,NA,NA,NA,NA,NA,NA,NA,NA,NA,NA,2023,2000-06-15,NA,NA,NA,NA
"Tanner Koziol","JAC","TE","17644","weighted",NA,NA,NA,NA,NA,NA,0,0,0,0,0,0,NA,NA,NA,NA,6.46164383561644,3.60624458405139,64.1369863013699,42.4264068711929,0.502283105022831,0.707106781186548,NA,NA,NA,NA,NA,NA,NA,NA,NA,NA,NA,NA,NA,NA,NA,NA,NA,NA,NA,NA,NA,NA,NA,NA,2026,2004-01-28,NA,NA,NA,NA
"Joe Royer","CLE","TE","17566","weighted",NA,NA,NA,NA,NA,NA,0,0,0,0,0,0,NA,NA,NA,NA,5.29627421758569,5.37401153701776,59.3233979135618,45.9619407771256,0.512667660208644,0.707106781186547,NA,NA,NA,NA,NA,NA,NA,NA,NA,NA,NA,NA,NA,NA,NA,NA,NA,NA,NA,NA,NA,NA,NA,NA,2026,2002-02-25,NA,NA,NA,NA
"Lucas Krull","DEN","TE","15970","weighted",NA,NA,NA,NA,NA,NA,0,0,0,0,0,0,NA,NA,NA,NA,11.0207715133531,1.4142135623731,89.9792284866469,1.4142135623731,1,0,NA,NA,NA,NA,NA,NA,NA,NA,NA,NA,NA,NA,NA,NA,NA,NA,NA,NA,NA,NA,NA,NA,NA,NA,2022,1998-07-11,NA,NA,NA,NA
"Hunter Long","JAC","TE","15334","weighted",NA,NA,NA,NA,NA,NA,0,0,0,0,0,0,NA,NA,NA,NA,8.78166915052161,1.76776695296637,71.4560357675112,25.4558441227157,1.56140089418778,0.636396103067893,NA,NA,NA,NA,NA,NA,NA,NA,NA,NA,NA,NA,NA,NA,NA,NA,NA,NA,NA,NA,NA,NA,NA,NA,2021,1998-08-19,NA,NA,NA,NA
"Chris Manhertz","NYG","TE","12955","weighted",NA,NA,NA,NA,NA,NA,0,0,0,0,0,0,NA,NA,NA,NA,7.09940387481371,2.75771644662754,70.3800298062593,21.2132034355964,0.658867362146051,0.494974746830583,NA,NA,NA,NA,NA,NA,NA,NA,NA,NA,NA,NA,NA,NA,NA,NA,NA,NA,NA,NA,NA,NA,NA,NA,NA,1992-04-10,NA,NA,NA,NA
"Harrison Mevis","LAR","K","16843","weighted",NA,NA,NA,NA,NA,NA,NA,NA,NA,NA,NA,NA,NA,NA,NA,NA,NA,NA,NA,NA,NA,NA,2.96255119953189,1.00493676974869,0.120862734811646,0.0867680375364004,5.94562382720284,1.04061880910735,6.93126399790158,1.25204456867536,9.6245538606745,1.49238733813294,4.01845705292468,1.27453848856654,50.4302516091281,6.51581183269284,NA,NA,NA,NA,NA,NA,NA,NA,NA,NA,2024,2002-03-27,NA,NA,NA,NA
"Jake Bates","DET","K","16846","weighted",NA,NA,NA,NA,NA,NA,NA,NA,NA,NA,NA,NA,NA,NA,NA,NA,NA,NA,NA,NA,NA,NA,5.40140433001755,1.13397269061132,0.113360274825874,0.0853829560003583,5.49518858649712,0.771493056861716,8.54870497905342,0.618314390602687,8.15192866385116,0.930044458677425,4.84600982436531,0.190171699751675,51.3603276770041,3.34490211899361,NA,NA,NA,NA,NA,NA,NA,NA,NA,NA,2023,1999-03-03,NA,NA,NA,NA
"Blake Grupe","IND","K","16444","weighted",NA,NA,NA,NA,NA,NA,NA,NA,NA,NA,NA,NA,NA,NA,NA,NA,NA,NA,NA,NA,NA,NA,5.52732592159157,1.39884222760557,0.122623954496954,0.0936883199891322,7.55004344022874,0.885103389058971,10.8939496425676,0.599361888605881,6.22595320245085,1.21837027718853,5.71451880847171,0.676150203699383,36.4166179052077,9.48467202511986,NA,NA,NA,NA,NA,NA,NA,NA,NA,NA,2023,1998-11-05,NA,NA,NA,NA
"Tyler Bass","BUF","K","14983","weighted",NA,NA,NA,NA,NA,NA,NA,NA,NA,NA,NA,NA,NA,NA,NA,NA,NA,NA,NA,NA,NA,NA,4.42598010532475,1.31989611200153,0.107724760318675,0.074403721252907,7.04743554979323,1.48623651649057,5.98008726562937,1.4093522996654,6.47697257026133,0.981492042168573,4.69562353921464,0.685274442487236,45.2104739613809,4.84872449937073,NA,NA,NA,NA,NA,NA,NA,NA,NA,NA,2020,1997-02-14,NA,NA,NA,NA
"Jason Myers","SEA","K","12437","weighted",NA,NA,NA,NA,NA,NA,NA,NA,NA,NA,NA,NA,NA,NA,NA,NA,NA,NA,NA,NA,NA,NA,4.86606202457578,0.307975759467023,0.141454801878441,0.107527274765994,7.01643171189218,0.887079015195257,11.2920671937084,0.911623134304604,9.88277250725768,1.03126812426453,6.46459275554389,0.514545077083478,41.386483323581,7.98572360983116,NA,NA,NA,NA,NA,NA,NA,NA,NA,NA,NA,1991-05-12,NA,NA,NA,NA
"Tyler Loop","BAL","K","17222","weighted",NA,NA,NA,NA,NA,NA,NA,NA,NA,NA,NA,NA,NA,NA,NA,NA,NA,NA,NA,NA,NA,NA,4.10602691632534,0.751504911866255,0.116924517261556,0.0814956600113266,9.07746413510623,0.625506981158619,10.4731946490184,0.678397482159005,7.38882061422365,0.77393048118692,2.99470126169305,1.8408001488974,44.8689877121123,2.5925822966266,NA,NA,NA,NA,NA,NA,NA,NA,NA,NA,2025,2001-08-04,NA,NA,NA,NA
"Cam Little","JAC","K","16680","weighted",NA,NA,NA,NA,NA,NA,NA,NA,NA,NA,NA,NA,NA,NA,NA,NA,NA,NA,NA,NA,NA,NA,3.68256290228204,0.45958402455918,0.122193262559559,0.0821272372098105,6.0815915497906,0.490765058922792,8.10596392015478,0.434784403618349,8.44746133509076,0.402629944254427,5.78954428529835,0.522783396162192,43.5599765944997,4.0703679733971,NA,NA,NA,NA,NA,NA,NA,NA,NA,NA,2024,2003-08-17,NA,NA,NA,NA
"Brandon Aubrey","DAL","K","16414","weighted",NA,NA,NA,NA,NA,NA,NA,NA,NA,NA,NA,NA,NA,NA,NA,NA,NA,NA,NA,NA,NA,NA,5.82276184903452,1.89185109386886,0.148329014461256,0.101364677114922,8.16825378249603,0.286328079045971,8.05732174203795,0.984555528138684,10.3655591778354,0.862360524116314,8.2031746031746,2.03122484212885,43.8724400234055,3.6664649683536,NA,NA,NA,NA,NA,NA,NA,NA,NA,NA,2023,1995-03-14,NA,NA,NA,NA
"Andres Borregales","NE","K","17220","weighted",NA,NA,NA,NA,NA,NA,NA,NA,NA,NA,NA,NA,NA,NA,NA,NA,NA,NA,NA,NA,NA,NA,5.479520187244,0.70125536983086,0.701856663270146,0.173853838307501,6.90037448992253,0.576840574779687,8.77653488319018,0.645435475176866,5.9632195310244,0.677608420305225,4.08854944392758,0.684153831905266,45.0222352252779,2.20686339469589,NA,NA,NA,NA,NA,NA,NA,NA,NA,NA,2025,2003-01-02,NA,NA,NA,NA
"Nick Folk","ATL","K","8851","weighted",NA,NA,NA,NA,NA,NA,NA,NA,NA,NA,NA,NA,NA,NA,NA,NA,NA,NA,NA,NA,NA,NA,2.77004095962551,0.839441515758135,0.129591448633286,0.104081802987613,5.3138120315417,1.78110907040783,8.66704439382541,1.17513607092759,7.98773593130791,1.32574138042022,5.91994360748509,0.540220503158449,32.788882387361,10.0102122123361,NA,NA,NA,NA,NA,NA,NA,NA,NA,NA,2007,1984-11-05,NA,NA,NA,NA
"Evan McPherson","CIN","K","15368","weighted",NA,NA,NA,NA,NA,NA,NA,NA,NA,NA,NA,NA,NA,NA,NA,NA,NA,NA,NA,NA,NA,NA,4.20128730251609,0.448472837048212,0.114410827061601,0.0825736338913866,6.11920992153807,0.903414549655077,6.45777295440484,1.2948143366127,7.85892504730863,1.60043062579872,4.63475253053538,0.687449676204737,42.0354593329432,4.00311174866094,NA,NA,NA,NA,NA,NA,NA,NA,NA,NA,2021,1999-07-21,NA,NA,NA,NA
"Cairo Santos","CHI","K","11945","weighted",NA,NA,NA,NA,NA,NA,NA,NA,NA,NA,NA,NA,NA,NA,NA,NA,NA,NA,NA,NA,NA,NA,4.31609128145114,0.46151291836644,0.11907380046811,0.0868978904788566,5.73374034224573,0.873189894127809,8.53199612495671,0.608411511698927,8.96535368145698,1.05488342652296,5.24443922829518,0.625566970814235,38.899356348742,5.03695064864352,NA,NA,NA,NA,NA,NA,NA,NA,NA,NA,2014,1991-11-12,NA,NA,NA,NA
"Wil Lutz","DEN","K","12956","weighted",NA,NA,NA,NA,NA,NA,NA,NA,NA,NA,NA,NA,NA,NA,NA,NA,NA,NA,NA,NA,NA,NA,4.60292568753657,1.1897283111595,0.111569650867954,0.0786248253527831,8.82914441990642,0.412530708109012,10.4353883823989,0.424583688167301,5.98029175081951,1.04205617144786,4.692442420382,0.29224721009883,41.069923932124,5.11451951066852,NA,NA,NA,NA,NA,NA,NA,NA,NA,NA,2016,1994-07-07,NA,NA,NA,NA
"Jake Elliott","PHI","K","13303","weighted",NA,NA,NA,NA,NA,NA,NA,NA,NA,NA,NA,NA,NA,NA,NA,NA,NA,NA,NA,NA,NA,NA,5.86179052077238,1.20703027598529,0.102367556375748,0.070191209787892,5.55151889600306,0.252760900339504,9.26551676362695,0.648015262989172,7.76872405206196,0.587517766730669,3.65479944887743,0.863929336756257,42.1387361029842,1.84836119053255,NA,NA,NA,NA,NA,NA,NA,NA,NA,NA,2017,1995-01-21,NA,NA,NA,NA
"Jake Moody","WAS","K","16286","weighted",NA,NA,NA,NA,NA,NA,NA,NA,NA,NA,NA,NA,NA,NA,NA,NA,NA,NA,NA,NA,NA,NA,5.88344060854301,0.512708076635463,0.109199918498704,0.0775548603193738,7.62470250604465,0.813004830382496,8.08584075645604,0.972213872003801,6.40308715958713,0.933574355785886,4.20551914863474,0.575697639295274,36.8465769455822,6.53988712110845,NA,NA,NA,NA,NA,NA,NA,NA,NA,NA,2023,1999-11-23,NA,NA,NA,NA
"Will Reichard","MIN","K","16681","weighted",NA,NA,NA,NA,NA,NA,NA,NA,NA,NA,NA,NA,NA,NA,NA,NA,NA,NA,NA,NA,NA,NA,3.63434757167934,0.619298225505539,0.140004432859904,0.102004535983804,6.34669665613046,1.08841225674291,8.40683956453451,0.979820443739113,7.98963666995777,0.338718471174241,7.33541510281039,1.62943217687446,35.9251023990638,4.47105343572797,NA,NA,NA,NA,NA,NA,NA,NA,NA,NA,2024,2001-01-09,NA,NA,NA,NA
"Chase McLaughlin","TB","K","14717","weighted",NA,NA,NA,NA,NA,NA,NA,NA,NA,NA,NA,NA,NA,NA,NA,NA,NA,NA,NA,NA,NA,NA,4.5644236395553,1.50393618987477,0.141104846002447,0.101817875808743,8.12660921557522,0.0733311793073594,8.48839139827617,0.981783340255193,7.22954052727084,1.11054329133289,6.92543390744953,0.966343316219726,38.2658864833236,2.47339578216194,NA,NA,NA,NA,NA,NA,NA,NA,NA,NA,2019,1996-04-09,NA,NA,NA,NA
"Eddy Pineiro","SF","K","13719","weighted",NA,NA,NA,NA,NA,NA,NA,NA,NA,NA,NA,NA,NA,NA,NA,NA,NA,NA,NA,NA,NA,NA,3.60737273259216,0.54619853863437,0.123098435229053,0.0855413734061231,6.11280330309538,0.89799482580425,8.29613914479723,0.951871008934234,8.97510556445224,1.07449463293859,5.09608133261017,0.828023655279642,38.0555880631949,3.34594026664985,NA,NA,NA,NA,NA,NA,NA,NA,NA,NA,2018,1995-09-13,NA,NA,NA,NA
"Cameron Dicker","LAC","K","15979","weighted",NA,NA,NA,NA,NA,NA,NA,NA,NA,NA,NA,NA,NA,NA,NA,NA,NA,NA,NA,NA,NA,NA,3.53902867173786,0.667006567641204,0.355706659850779,0.0466187424697712,7.17381963511425,0.644138394904984,11.7733463810424,0.619735979984492,9.8081148765338,0.704599868603053,5.83760014170557,0.868453936543999,36.1808074897601,6.1997013703287,NA,NA,NA,NA,NA,NA,NA,NA,NA,NA,2022,2000-05-06,NA,NA,NA,NA
"Harrison Butker","KC","K","13354","weighted",NA,NA,NA,NA,NA,NA,NA,NA,NA,NA,NA,NA,NA,NA,NA,NA,NA,NA,NA,NA,NA,NA,4.7785839672323,0.881330911116784,0.558218357774425,0.0334863623998192,8.39178226999399,0.849233765776336,9.31100824361036,0.574870810910063,8.35374760182888,0.244778660612622,4.62125524572836,0.937818592873025,36.1176126389702,5.10039966322837,NA,NA,NA,NA,NA,NA,NA,NA,NA,NA,2017,1995-07-14,NA,NA,NA,NA
"Trey Smack","GB","K","17668","weighted",NA,NA,NA,NA,NA,NA,NA,NA,NA,NA,NA,NA,NA,NA,NA,NA,NA,NA,NA,NA,NA,NA,5.02908133411352,0.666818802350407,0.146804919334615,0.0992407033285483,8.69816701987993,1.23846146655904,9.05399012150208,1.45430772486109,6.70388833583684,1.8625485612891,3.79563567285524,1.47518329266271,35.9664716208309,5.37599330266151,NA,NA,NA,NA,NA,NA,NA,NA,NA,NA,2026,2003-07-12,NA,NA,NA,NA
"Ben Sauls","NYG","K","17434","weighted",NA,NA,NA,NA,NA,NA,NA,NA,NA,NA,NA,NA,NA,NA,NA,NA,NA,NA,NA,NA,NA,NA,4.38224637681159,1.47205659471554,0.364520670900505,0.116568218230973,7.2026956928839,1.48692481405094,8.80190376160234,1.86742285635084,5.34106831134994,1.32074350500968,1.4198443168865,0.604199223725366,30.663115942029,7.91768714665407,NA,NA,NA,NA,NA,NA,NA,NA,NA,NA,2025,2001-07-31,NA,NA,NA,NA
"Kaimi Fairbairn","HOU","K","12860","weighted",NA,NA,NA,NA,NA,NA,NA,NA,NA,NA,NA,NA,NA,NA,NA,NA,NA,NA,NA,NA,NA,NA,4.28700994733762,0.659948056000764,0.156766230064065,0.114738568848304,8.82214074719324,0.673749346415164,10.2794392343966,0.754978557394928,10.2601329253551,1.18043959970108,7.36287272116791,0.884779749692138,33.1497952018724,4.89536856923185,NA,NA,NA,NA,NA,NA,NA,NA,NA,NA,2016,1994-01-29,NA,NA,NA,NA
"Chris Boswell","PIT","K","11936","weighted",NA,NA,NA,NA,NA,NA,NA,NA,NA,NA,NA,NA,NA,NA,NA,NA,NA,NA,NA,NA,NA,NA,4.26003510825044,0.449909553227734,0.115861100058514,0.0744902254876302,6.45682886121096,0.583229951151653,6.84501451698292,0.696117476723824,7.47012448718075,0.516983344891689,5.76693938536693,0.809422625726008,35.428320655354,3.07634601999874,NA,NA,NA,NA,NA,NA,NA,NA,NA,NA,2014,1991-03-16,NA,NA,NA,NA
"Riley Patterson","MIA","K","15369","weighted",NA,NA,NA,NA,NA,NA,NA,NA,NA,NA,NA,NA,NA,NA,NA,NA,NA,NA,NA,NA,NA,NA,3.35804347826087,0.826590327685335,0.11072846215781,0.0866447337199504,5.34019467991371,0.884912914252683,7.94511636739282,1.15130160403033,9.05968591438033,1.02475085134028,3.52627061495458,0.357902889156372,31.5483333333333,4.91780204616608,NA,NA,NA,NA,NA,NA,NA,NA,NA,NA,2021,1999-09-07,NA,NA,NA,NA
"Charlie Smyth","NO","K","17424","weighted",NA,NA,NA,NA,NA,NA,NA,NA,NA,NA,NA,NA,NA,NA,NA,NA,NA,NA,NA,NA,NA,NA,5.94751316559391,1.66418105284568,0.133710912814511,0.0937055215272811,6.13175424710284,1.13226178730688,9.25814796695065,0.871934145287539,7.14592597634156,1.03989575576891,5.68337560113134,0.914965205954473,32.3592744294909,4.4895970771737,NA,NA,NA,NA,NA,NA,NA,NA,NA,NA,2024,2001-06-26,NA,NA,NA,NA
"Zane Gonzalez","MIA","K","13347","weighted",NA,NA,NA,NA,NA,NA,NA,NA,NA,NA,NA,NA,NA,NA,NA,NA,NA,NA,NA,NA,NA,NA,4.37105263157895,0.47878995725993,0.112348872180451,0.0887102635774281,3.78324110606549,1.94491222237608,5.30799143072202,1.78739308439046,8.92260701258096,0.640956493581295,6.06722846720762,1.11312648949262,28.0375187969925,6.82330473816663,NA,NA,NA,NA,NA,NA,NA,NA,NA,NA,2017,1995-05-07,NA,NA,NA,NA
"Chad Ryland","ARI","K","16292","weighted",NA,NA,NA,NA,NA,NA,NA,NA,NA,NA,NA,NA,NA,NA,NA,NA,NA,NA,NA,NA,NA,NA,6.17045055588063,1.03409311696371,0.109729666471621,0.0757469833057183,5.95214737584544,0.186620440642397,8.40412740630412,0.258791058698027,6.91158803429917,0.316404723129137,5.27591133266967,0.678517021540554,32.7900526623757,4.08823095040159,NA,NA,NA,NA,NA,NA,NA,NA,NA,NA,2023,1999-10-15,NA,NA,NA,NA
"Dominic Zvada","NYG","K","17736","weighted",NA,NA,NA,NA,NA,NA,NA,NA,NA,NA,NA,NA,NA,NA,NA,NA,NA,NA,NA,NA,NA,NA,3.4665676077266,2.12132034355964,0.169939078751857,0.148896485066996,4.74307578008915,4.15576756828779,5.42790490341753,4.75579817975181,4.86668647845468,4.33456456867354,3.30933729569094,3.72221009616599,22.1991084695394,19.0918830920368,NA,NA,NA,NA,NA,NA,NA,NA,NA,NA,2026,2003-10-25,NA,NA,NA,NA
"Joey Slye","TEN","K","14600","weighted",NA,NA,NA,NA,NA,NA,NA,NA,NA,NA,NA,NA,NA,NA,NA,NA,NA,NA,NA,NA,NA,NA,5.67179637214745,0.607608145548286,0.12561108532919,0.0907079018595815,6.26974433063279,0.680288285227269,7.00881954213734,1.05415486641079,7.14006479909187,0.461588601978785,5.91600509506456,0.769307802670655,30.4922176711527,3.73832214589219,NA,NA,NA,NA,NA,NA,NA,NA,NA,NA,2019,1996-04-10,NA,NA,NA,NA
"Ryan Fitzgerald","CAR","K","17277","weighted",NA,NA,NA,NA,NA,NA,NA,NA,NA,NA,NA,NA,NA,NA,NA,NA,NA,NA,NA,NA,NA,NA,4.50918665886483,0.505174442975325,0.104314730836747,0.0682467686148366,6.4876381735599,0.723527617316476,7.80479925003911,0.980467624189159,7.84936428253709,0.634222163722616,2.61522726955049,1.48124261230319,31.9973668812171,3.12583080995343,NA,NA,NA,NA,NA,NA,NA,NA,NA,NA,2025,2000-08-13,NA,NA,NA,NA
"Jason Sanders","NYJ","K","13832","weighted",NA,NA,NA,NA,NA,NA,NA,NA,NA,NA,NA,NA,NA,NA,NA,NA,NA,NA,NA,NA,NA,NA,3.09857142857143,1.72480419789271,0.104082966035779,0.103952236541632,5.14896887248547,1.78017265585133,7.76588098034132,2.9254585313693,5.03001342097638,2.24574259045394,4.39741232246074,1.4608510260624,26.4040601503759,7.96230253211617,NA,NA,NA,NA,NA,NA,NA,NA,NA,NA,2018,1995-11-16,NA,NA,NA,NA
"Matt Gay","LVR","K","14244","weighted",NA,NA,NA,NA,NA,NA,NA,NA,NA,NA,NA,NA,NA,NA,NA,NA,NA,NA,NA,NA,NA,NA,5.92129900526624,1.24167459326311,0.105755119953189,0.0662610652718967,6.06259641470291,1.19736740404048,6.65302675674238,1.19762530884997,7.04148748475382,0.931879380945061,4.41296885069886,0.697192229246728,28.7447045055588,4.43659348314047,NA,NA,NA,NA,NA,NA,NA,NA,NA,NA,2019,1994-03-15,NA,NA,NA,NA
"Andre Szmyt","CLE","K","16419","weighted",NA,NA,NA,NA,NA,NA,NA,NA,NA,NA,NA,NA,NA,NA,NA,NA,NA,NA,NA,NA,NA,NA,3.50040959625512,0.505278722756759,0.0977846972609992,0.060813916297735,4.87864990043177,0.854061609569413,8.86134281943795,1.47116376886543,5.56002259725564,1.10285253928492,4.39102581264652,0.626168938695188,27.3176711527209,5.11602012660966,NA,NA,NA,NA,NA,NA,NA,NA,NA,NA,2023,1998-09-26,NA,NA,NA,NA
"Cade York","NYJ","K","15882","weighted",NA,NA,NA,NA,NA,NA,NA,NA,NA,NA,NA,NA,NA,NA,NA,NA,NA,NA,NA,NA,NA,NA,4.67142857142857,1.63851382009548,0,0,12.2818952492866,7.79263102669876,3.27517206647641,2.078034940453,0,0,3.27517206647641,2.078034940453,23.2395752895753,10.5741341052614,NA,NA,NA,NA,NA,NA,NA,NA,NA,NA,2022,2001-01-27,NA,NA,NA,NA
"Spencer Shrader","IND","K","16896","weighted",NA,NA,NA,NA,NA,NA,NA,NA,NA,NA,NA,NA,NA,NA,NA,NA,NA,NA,NA,NA,NA,NA,1.39817351598174,0.565685424949238,0,0,4.04405775638652,2.04965411573668,4.04405775638652,2.04965411573668,1.83820807108478,0.931660961698492,1.02939651980748,0.521730138551155,14.941095890411,2.75771644662753,NA,NA,NA,NA,NA,NA,NA,NA,NA,NA,2024,1999-05-19,NA,NA,NA,NA
"Cowboys","DAL","DST","0516","weighted",NA,NA,NA,NA,NA,NA,NA,NA,NA,NA,NA,NA,NA,NA,NA,NA,NA,NA,NA,NA,NA,NA,NA,NA,NA,NA,NA,NA,NA,NA,NA,NA,NA,NA,NA,NA,9.33458162668227,2.82212470309287,44.9310122878876,11.4795145408215,0.191925102399064,0.243696072100292,2.21550614394383,1.12976160969775,NA,NA,NA,NA,NA,NA,NA,NA
"Titans","TEN","DST","0508","weighted",NA,NA,NA,NA,NA,NA,NA,NA,NA,NA,NA,NA,NA,NA,NA,NA,NA,NA,NA,NA,NA,NA,NA,NA,NA,NA,NA,NA,NA,NA,NA,NA,NA,NA,NA,NA,9.37273259215916,3.51742741426806,45.074078408426,5.38672278046962,0.862102594109616,0.568133320635721,2.8185196021065,1.20021413986327,NA,NA,NA,NA,NA,NA,NA,NA
"Cardinals","ARI","DST","0519","weighted",NA,NA,NA,NA,NA,NA,NA,NA,NA,NA,NA,NA,NA,NA,NA,NA,NA,NA,NA,NA,NA,NA,NA,NA,NA,NA,NA,NA,NA,NA,NA,NA,NA,NA,NA,NA,11.3572849619661,0.958756553821273,36.5634874195436,5.75889183106505,0.670177491710552,0.411491588626418,2.36143943826799,1.60530730128906,NA,NA,NA,NA,NA,NA,NA,NA
"Jets","NYJ","DST","0505","weighted",NA,NA,NA,NA,NA,NA,NA,NA,NA,NA,NA,NA,NA,NA,NA,NA,NA,NA,NA,NA,NA,NA,NA,NA,NA,NA,NA,NA,NA,NA,NA,NA,NA,NA,NA,NA,8.62434172030427,4.98935822955778,37.2393212404915,7.57493058020999,0.478252389311488,0.366947865667915,3.00672908133411,2.00222500850392,NA,NA,NA,NA,NA,NA,NA,NA
"Commanders","WAS","DST","0520","weighted",NA,NA,NA,NA,NA,NA,NA,NA,NA,NA,NA,NA,NA,NA,NA,NA,NA,NA,NA,NA,NA,NA,NA,NA,NA,NA,NA,NA,NA,NA,NA,NA,NA,NA,NA,NA,9.96337039204213,2.43670994050485,45.5342890579286,4.61259239465255,0.414277355178467,0.386635624201682,2.72483908718549,1.46502814719396,NA,NA,NA,NA,NA,NA,NA,NA
"Broncos","DEN","DST","0511","weighted",NA,NA,NA,NA,NA,NA,NA,NA,NA,NA,NA,NA,NA,NA,NA,NA,NA,NA,NA,NA,NA,NA,NA,NA,NA,NA,NA,NA,NA,NA,NA,NA,NA,NA,NA,NA,12.7563487419544,1.47860399679278,61.2733762434172,9.97239131207288,0.350302321045446,0.421332124508144,2.72896430661205,0.453370675926109,NA,NA,NA,NA,NA,NA,NA,NA
"Dolphins","MIA","DST","0503","weighted",NA,NA,NA,NA,NA,NA,NA,NA,NA,NA,NA,NA,NA,NA,NA,NA,NA,NA,NA,NA,NA,NA,NA,NA,NA,NA,NA,NA,NA,NA,NA,NA,NA,NA,NA,NA,10.4143358689292,1.1363593545242,40.9849034523113,6.57855033401098,0,0,2.09338794616735,1.91958550519143,NA,NA,NA,NA,NA,NA,NA,NA
"Bengals","CIN","DST","0506","weighted",NA,NA,NA,NA,NA,NA,NA,NA,NA,NA,NA,NA,NA,NA,NA,NA,NA,NA,NA,NA,NA,NA,NA,NA,NA,NA,NA,NA,NA,NA,NA,NA,NA,NA,NA,NA,12.5300175541252,1.04704153097699,41.0758923346987,3.32758994169508,0,0,2.46208308952604,1.15807468815955,NA,NA,NA,NA,NA,NA,NA,NA
"Raiders","LVR","DST","0513","weighted",NA,NA,NA,NA,NA,NA,NA,NA,NA,NA,NA,NA,NA,NA,NA,NA,NA,NA,NA,NA,NA,NA,NA,NA,NA,NA,NA,NA,NA,NA,NA,NA,NA,NA,NA,NA,10.0224692802809,1.90062817225454,41.7257460503218,4.52540975730839,0.958065145309148,0.666364294464779,1.83212404915155,1.4861785017787,NA,NA,NA,NA,NA,NA,NA,NA
"Giants","NYG","DST","0517","weighted",NA,NA,NA,NA,NA,NA,NA,NA,NA,NA,NA,NA,NA,NA,NA,NA,NA,NA,NA,NA,NA,NA,NA,NA,NA,NA,NA,NA,NA,NA,NA,NA,NA,NA,NA,NA,10.2581041544763,0.820011951021056,44.9791105909889,12.1298185174015,0,0,2.67375658279696,1.12602494864927,NA,NA,NA,NA,NA,NA,NA,NA
"Falcons","ATL","DST","0526","weighted",NA,NA,NA,NA,NA,NA,NA,NA,NA,NA,NA,NA,NA,NA,NA,NA,NA,NA,NA,NA,NA,NA,NA,NA,NA,NA,NA,NA,NA,NA,NA,NA,NA,NA,NA,NA,13.0517846693973,2.02289817056875,44.6808074897601,8.84121467548265,0.350302321045446,0.421332124508144,2.53744880046811,0.960410598576264,NA,NA,NA,NA,NA,NA,NA,NA
"Panthers","CAR","DST","0527","weighted",NA,NA,NA,NA,NA,NA,NA,NA,NA,NA,NA,NA,NA,NA,NA,NA,NA,NA,NA,NA,NA,NA,NA,NA,NA,NA,NA,NA,NA,NA,NA,NA,NA,NA,NA,NA,12.8411351667642,2.23020177602672,36.0651843183148,3.74180133619035,0,0,2.38323581041545,1.07819487603109,NA,NA,NA,NA,NA,NA,NA,NA
"Colts","IND","DST","0502","weighted",NA,NA,NA,NA,NA,NA,NA,NA,NA,NA,NA,NA,NA,NA,NA,NA,NA,NA,NA,NA,NA,NA,NA,NA,NA,NA,NA,NA,NA,NA,NA,NA,NA,NA,NA,NA,12.8757753071972,1.35168335678705,40.4539496781744,3.20858822804619,0,0,1.97887653598596,1.43366220262812,NA,NA,NA,NA,NA,NA,NA,NA
"Saints","NO","DST","0529","weighted",NA,NA,NA,NA,NA,NA,NA,NA,NA,NA,NA,NA,NA,NA,NA,NA,NA,NA,NA,NA,NA,NA,NA,NA,NA,NA,NA,NA,NA,NA,NA,NA,NA,NA,NA,NA,12.9070801638385,2.07657419358325,44.376477472206,6.18661705610475,0,0,2.82498537156232,0.730587921618985,NA,NA,NA,NA,NA,NA,NA,NA
"Lions","DET","DST","0522","weighted",NA,NA,NA,NA,NA,NA,NA,NA,NA,NA,NA,NA,NA,NA,NA,NA,NA,NA,NA,NA,NA,NA,NA,NA,NA,NA,NA,NA,NA,NA,NA,NA,NA,NA,NA,NA,13.921123464014,1.25233572853063,49.6174956114687,8.50686995840101,0.670177491710552,0.411491588626418,1.91278525453482,1.30209539484401,NA,NA,NA,NA,NA,NA,NA,NA
"Rams","LAR","DST","0528","weighted",NA,NA,NA,NA,NA,NA,NA,NA,NA,NA,NA,NA,NA,NA,NA,NA,NA,NA,NA,NA,NA,NA,NA,NA,NA,NA,NA,NA,NA,NA,NA,NA,NA,NA,NA,NA,15.2017554125219,4.0713437057771,47.4378583967232,4.34284011686205,0.350302321045446,0.421332124508144,2.53727325921592,0.422254361948609,NA,NA,NA,NA,NA,NA,NA,NA
"Buccaneers","TB","DST","0525","weighted",NA,NA,NA,NA,NA,NA,NA,NA,NA,NA,NA,NA,NA,NA,NA,NA,NA,NA,NA,NA,NA,NA,NA,NA,NA,NA,NA,NA,NA,NA,NA,NA,NA,NA,NA,NA,11.7573434757168,0.799518510920168,39.7338794616735,4.23079954058222,0.606202457577531,0.380223417114823,2.2674078408426,1.19180285297135,NA,NA,NA,NA,NA,NA,NA,NA
"Browns","CLE","DST","0507","weighted",NA,NA,NA,NA,NA,NA,NA,NA,NA,NA,NA,NA,NA,NA,NA,NA,NA,NA,NA,NA,NA,NA,NA,NA,NA,NA,NA,NA,NA,NA,NA,NA,NA,NA,NA,NA,11.7026331187829,0.997403898247817,48.2693973083675,5.18907539222866,0,0,3.10836746635459,1.17760699328184,NA,NA,NA,NA,NA,NA,NA,NA
"Vikings","MIN","DST","0524","weighted",NA,NA,NA,NA,NA,NA,NA,NA,NA,NA,NA,NA,NA,NA,NA,NA,NA,NA,NA,NA,NA,NA,NA,NA,NA,NA,NA,NA,NA,NA,NA,NA,NA,NA,NA,NA,12.1078993563487,1.53733186932255,50.1793446459918,8.87810754065262,0,0,2.42062609713283,1.24879779005755,NA,NA,NA,NA,NA,NA,NA,NA
"49ers","SF","DST","0530","weighted",NA,NA,NA,NA,NA,NA,NA,NA,NA,NA,NA,NA,NA,NA,NA,NA,NA,NA,NA,NA,NA,NA,NA,NA,NA,NA,NA,NA,NA,NA,NA,NA,NA,NA,NA,NA,10.9496196606202,2.87886392176083,35.6114101813926,9.36656230433067,0,0,2.26541837331773,1.14163821613878,NA,NA,NA,NA,NA,NA,NA,NA
"Eagles","PHI","DST","0518","weighted",NA,NA,NA,NA,NA,NA,NA,NA,NA,NA,NA,NA,NA,NA,NA,NA,NA,NA,NA,NA,NA,NA,NA,NA,NA,NA,NA,NA,NA,NA,NA,NA,NA,NA,NA,NA,13.7554125219427,1.79096064321519,44.3474546518432,5.74531048112868,0,0,2.68303101228789,0.444464667473106,NA,NA,NA,NA,NA,NA,NA,NA
"Seahawks","SEA","DST","0515","weighted",NA,NA,NA,NA,NA,NA,NA,NA,NA,NA,NA,NA,NA,NA,NA,NA,NA,NA,NA,NA,NA,NA,NA,NA,NA,NA,NA,NA,NA,NA,NA,NA,NA,NA,NA,NA,14.4197776477472,1.57211448671938,47.2507899356349,3.32357990882321,0.350302321045446,0.421332124508144,4.47059684025746,2.12904122942183,NA,NA,NA,NA,NA,NA,NA,NA
"Patriots","NE","DST","0504","weighted",NA,NA,NA,NA,NA,NA,NA,NA,NA,NA,NA,NA,NA,NA,NA,NA,NA,NA,NA,NA,NA,NA,NA,NA,NA,NA,NA,NA,NA,NA,NA,NA,NA,NA,NA,NA,12.0137507314219,2.17415937341428,39.5448215330603,3.35836434591871,0.638189974644041,0.394078579453694,3.16623756582797,0.848538026298035,NA,NA,NA,NA,NA,NA,NA,NA
"Bills","BUF","DST","0501","weighted",NA,NA,NA,NA,NA,NA,NA,NA,NA,NA,NA,NA,NA,NA,NA,NA,NA,NA,NA,NA,NA,NA,NA,NA,NA,NA,NA,NA,NA,NA,NA,NA,NA,NA,NA,NA,15.0538326506729,2.52868225702919,41.1258045640726,8.27012250071699,0.350302321045446,0.421332124508144,3.21035693387946,0.846983673564904,NA,NA,NA,NA,NA,NA,NA,NA
"Bears","CHI","DST","0521","weighted",NA,NA,NA,NA,NA,NA,NA,NA,NA,NA,NA,NA,NA,NA,NA,NA,NA,NA,NA,NA,NA,NA,NA,NA,NA,NA,NA,NA,NA,NA,NA,NA,NA,NA,NA,NA,14.2348741954359,1.95986203111617,40.8582796957285,3.92410185027019,0,0,2.36623756582797,1.21497518524557,NA,NA,NA,NA,NA,NA,NA,NA
"Jaguars","JAC","DST","0509","weighted",NA,NA,NA,NA,NA,NA,NA,NA,NA,NA,NA,NA,NA,NA,NA,NA,NA,NA,NA,NA,NA,NA,NA,NA,NA,NA,NA,NA,NA,NA,NA,NA,NA,NA,NA,NA,14.2166764189585,2.71267184070858,36.2018139262727,4.54222859175125,0.415837721864638,0.5280081562173,3.38206553540082,0.907806975656428,NA,NA,NA,NA,NA,NA,NA,NA
"Chargers","LAC","DST","0514","weighted",NA,NA,NA,NA,NA,NA,NA,NA,NA,NA,NA,NA,NA,NA,NA,NA,NA,NA,NA,NA,NA,NA,NA,NA,NA,NA,NA,NA,NA,NA,NA,NA,NA,NA,NA,NA,15.6946167349327,3.25872862639842,50.2590988882387,7.58924996499229,0.383850204798128,0.487392144200585,1.93194850789936,1.53434992380462,NA,NA,NA,NA,NA,NA,NA,NA
"Texans","HOU","DST","0532","weighted",NA,NA,NA,NA,NA,NA,NA,NA,NA,NA,NA,NA,NA,NA,NA,NA,NA,NA,NA,NA,NA,NA,NA,NA,NA,NA,NA,NA,NA,NA,NA,NA,NA,NA,NA,NA,16.2667056758338,2.73820394881399,49.0623756582797,5.54939934380719,0.680124829334894,0.406160120167154,4.05728496196606,1.71473694527626,NA,NA,NA,NA,NA,NA,NA,NA
"Packers","GB","DST","0523","weighted",NA,NA,NA,NA,NA,NA,NA,NA,NA,NA,NA,NA,NA,NA,NA,NA,NA,NA,NA,NA,NA,NA,NA,NA,NA,NA,NA,NA,NA,NA,NA,NA,NA,NA,NA,NA,12.096079578701,0.893066835461627,41.4867758923347,9.07069602457829,0,0,2.41018139262727,1.09772129601314,NA,NA,NA,NA,NA,NA,NA,NA
"Steelers","PIT","DST","0510","weighted",NA,NA,NA,NA,NA,NA,NA,NA,NA,NA,NA,NA,NA,NA,NA,NA,NA,NA,NA,NA,NA,NA,NA,NA,NA,NA,NA,NA,NA,NA,NA,NA,NA,NA,NA,NA,13.9128730251609,1.72090203058814,46.4559391456992,2.72484958457425,0.191925102399064,0.243696072100292,2.61114686951434,0.459276136912068,NA,NA,NA,NA,NA,NA,NA,NA
"Ravens","BAL","DST","0531","weighted",NA,NA,NA,NA,NA,NA,NA,NA,NA,NA,NA,NA,NA,NA,NA,NA,NA,NA,NA,NA,NA,NA,NA,NA,NA,NA,NA,NA,NA,NA,NA,NA,NA,NA,NA,NA,13.4488589818607,1.22754705271277,46.9211819777648,7.80237726127842,0,0,2.21831480397893,0.802794784853992,NA,NA,NA,NA,NA,NA,NA,NA
"Chiefs","KC","DST","0512","weighted",NA,NA,NA,NA,NA,NA,NA,NA,NA,NA,NA,NA,NA,NA,NA,NA,NA,NA,NA,NA,NA,NA,NA,NA,NA,NA,NA,NA,NA,NA,NA,NA,NA,NA,NA,NA,11.7499122293739,0.892020632004142,42.9215330602692,4.89445148207902,0,0,2.11948507899356,0.755772977130214,NA,NA,NA,NA,NA,NA,NA,NA
